/* openin launcher precompiled binary templates */
#ifndef LAUNCHER_TEMPLATES_H
#define LAUNCHER_TEMPLATES_H

/* Automatically generated from scratch/launcher_gui.exe (22528 bytes) */
static const unsigned char g_launcher_gui_exe[] = {
0x4d, 0x5a, 0x90, 0x00, 0x03, 0x00, 0x00, 0x00, 0x04, 0x00, 0x00, 0x00, 0xff, 0xff, 0x00, 0x00, 
0xb8, 0x00, 0x00, 0x00, 0x00, 0x00, 0x00, 0x00, 0x40, 0x00, 0x00, 0x00, 0x00, 0x00, 0x00, 0x00, 
0x00, 0x00, 0x00, 0x00, 0x00, 0x00, 0x00, 0x00, 0x00, 0x00, 0x00, 0x00, 0x00, 0x00, 0x00, 0x00, 
0x00, 0x00, 0x00, 0x00, 0x00, 0x00, 0x00, 0x00, 0x00, 0x00, 0x00, 0x00, 0x80, 0x00, 0x00, 0x00, 
0x0e, 0x1f, 0xba, 0x0e, 0x00, 0xb4, 0x09, 0xcd, 0x21, 0xb8, 0x01, 0x4c, 0xcd, 0x21, 0x54, 0x68, 
0x69, 0x73, 0x20, 0x70, 0x72, 0x6f, 0x67, 0x72, 0x61, 0x6d, 0x20, 0x63, 0x61, 0x6e, 0x6e, 0x6f, 
0x74, 0x20, 0x62, 0x65, 0x20, 0x72, 0x75, 0x6e, 0x20, 0x69, 0x6e, 0x20, 0x44, 0x4f, 0x53, 0x20, 
0x6d, 0x6f, 0x64, 0x65, 0x2e, 0x0d, 0x0d, 0x0a, 0x24, 0x00, 0x00, 0x00, 0x00, 0x00, 0x00, 0x00, 
0x50, 0x45, 0x00, 0x00, 0x64, 0x86, 0x0a, 0x00, 0x58, 0x42, 0x78, 0x6a, 0x00, 0x00, 0x00, 0x00, 
0x00, 0x00, 0x00, 0x00, 0xf0, 0x00, 0x2e, 0x02, 0x0b, 0x02, 0x02, 0x2e, 0x00, 0x28, 0x00, 0x00, 
0x00, 0x2c, 0x00, 0x00, 0x00, 0x02, 0x00, 0x00, 0x30, 0x10, 0x00, 0x00, 0x00, 0x10, 0x00, 0x00, 
0x00, 0x00, 0x00, 0x40, 0x01, 0x00, 0x00, 0x00, 0x00, 0x10, 0x00, 0x00, 0x00, 0x02, 0x00, 0x00, 
0x04, 0x00, 0x00, 0x00, 0x00, 0x00, 0x00, 0x00, 0x05, 0x00, 0x02, 0x00, 0x00, 0x00, 0x00, 0x00, 
0x00, 0xd0, 0x00, 0x00, 0x00, 0x04, 0x00, 0x00, 0xe5, 0x7c, 0x00, 0x00, 0x02, 0x00, 0x60, 0x01, 
0x00, 0x00, 0x20, 0x00, 0x00, 0x00, 0x00, 0x00, 0x00, 0x10, 0x00, 0x00, 0x00, 0x00, 0x00, 0x00, 
0x00, 0x00, 0x10, 0x00, 0x00, 0x00, 0x00, 0x00, 0x00, 0x10, 0x00, 0x00, 0x00, 0x00, 0x00, 0x00, 
0x00, 0x00, 0x00, 0x00, 0x10, 0x00, 0x00, 0x00, 0x00, 0x00, 0x00, 0x00, 0x00, 0x00, 0x00, 0x00, 
0x00, 0xa0, 0x00, 0x00, 0x20, 0x0a, 0x00, 0x00, 0x00, 0x00, 0x00, 0x00, 0x00, 0x00, 0x00, 0x00, 
0x00, 0x70, 0x00, 0x00, 0x7c, 0x02, 0x00, 0x00, 0x00, 0x00, 0x00, 0x00, 0x00, 0x00, 0x00, 0x00, 
0x00, 0xc0, 0x00, 0x00, 0x60, 0x00, 0x00, 0x00, 0x00, 0x00, 0x00, 0x00, 0x00, 0x00, 0x00, 0x00, 
0x00, 0x00, 0x00, 0x00, 0x00, 0x00, 0x00, 0x00, 0x00, 0x00, 0x00, 0x00, 0x00, 0x00, 0x00, 0x00, 
0xc0, 0x50, 0x00, 0x00, 0x28, 0x00, 0x00, 0x00, 0x00, 0x00, 0x00, 0x00, 0x00, 0x00, 0x00, 0x00, 
0x00, 0x00, 0x00, 0x00, 0x00, 0x00, 0x00, 0x00, 0xd0, 0xa2, 0x00, 0x00, 0xf0, 0x01, 0x00, 0x00, 
0x00, 0x00, 0x00, 0x00, 0x00, 0x00, 0x00, 0x00, 0x00, 0x00, 0x00, 0x00, 0x00, 0x00, 0x00, 0x00, 
0x00, 0x00, 0x00, 0x00, 0x00, 0x00, 0x00, 0x00, 0x2e, 0x74, 0x65, 0x78, 0x74, 0x00, 0x00, 0x00, 
0x20, 0x27, 0x00, 0x00, 0x00, 0x10, 0x00, 0x00, 0x00, 0x28, 0x00, 0x00, 0x00, 0x04, 0x00, 0x00, 
0x00, 0x00, 0x00, 0x00, 0x00, 0x00, 0x00, 0x00, 0x00, 0x00, 0x00, 0x00, 0x20, 0x00, 0x00, 0x60, 
0x2e, 0x64, 0x61, 0x74, 0x61, 0x00, 0x00, 0x00, 0xd0, 0x08, 0x00, 0x00, 0x00, 0x40, 0x00, 0x00, 
0x00, 0x0a, 0x00, 0x00, 0x00, 0x2c, 0x00, 0x00, 0x00, 0x00, 0x00, 0x00, 0x00, 0x00, 0x00, 0x00, 
0x00, 0x00, 0x00, 0x00, 0x40, 0x00, 0x00, 0xc0, 0x2e, 0x72, 0x64, 0x61, 0x74, 0x61, 0x00, 0x00, 
0x08, 0x07, 0x00, 0x00, 0x00, 0x50, 0x00, 0x00, 0x00, 0x08, 0x00, 0x00, 0x00, 0x36, 0x00, 0x00, 
0x00, 0x00, 0x00, 0x00, 0x00, 0x00, 0x00, 0x00, 0x00, 0x00, 0x00, 0x00, 0x40, 0x00, 0x00, 0x40, 
0x2e, 0x65, 0x68, 0x5f, 0x66, 0x72, 0x61, 0x6d, 0x04, 0x00, 0x00, 0x00, 0x00, 0x60, 0x00, 0x00, 
0x00, 0x02, 0x00, 0x00, 0x00, 0x3e, 0x00, 0x00, 0x00, 0x00, 0x00, 0x00, 0x00, 0x00, 0x00, 0x00, 
0x00, 0x00, 0x00, 0x00, 0x40, 0x00, 0x00, 0xc0, 0x2e, 0x70, 0x64, 0x61, 0x74, 0x61, 0x00, 0x00, 
0x7c, 0x02, 0x00, 0x00, 0x00, 0x70, 0x00, 0x00, 0x00, 0x04, 0x00, 0x00, 0x00, 0x40, 0x00, 0x00, 
0x00, 0x00, 0x00, 0x00, 0x00, 0x00, 0x00, 0x00, 0x00, 0x00, 0x00, 0x00, 0x40, 0x00, 0x00, 0x40, 
0x2e, 0x78, 0x64, 0x61, 0x74, 0x61, 0x00, 0x00, 0x94, 0x02, 0x00, 0x00, 0x00, 0x80, 0x00, 0x00, 
0x00, 0x04, 0x00, 0x00, 0x00, 0x44, 0x00, 0x00, 0x00, 0x00, 0x00, 0x00, 0x00, 0x00, 0x00, 0x00, 
0x00, 0x00, 0x00, 0x00, 0x40, 0x00, 0x00, 0x40, 0x2e, 0x62, 0x73, 0x73, 0x00, 0x00, 0x00, 0x00, 
0xa0, 0x01, 0x00, 0x00, 0x00, 0x90, 0x00, 0x00, 0x00, 0x00, 0x00, 0x00, 0x00, 0x00, 0x00, 0x00, 
0x00, 0x00, 0x00, 0x00, 0x00, 0x00, 0x00, 0x00, 0x00, 0x00, 0x00, 0x00, 0x80, 0x00, 0x00, 0xc0, 
0x2e, 0x69, 0x64, 0x61, 0x74, 0x61, 0x00, 0x00, 0x20, 0x0a, 0x00, 0x00, 0x00, 0xa0, 0x00, 0x00, 
0x00, 0x0c, 0x00, 0x00, 0x00, 0x48, 0x00, 0x00, 0x00, 0x00, 0x00, 0x00, 0x00, 0x00, 0x00, 0x00, 
0x00, 0x00, 0x00, 0x00, 0x40, 0x00, 0x00, 0x40, 0x2e, 0x74, 0x6c, 0x73, 0x00, 0x00, 0x00, 0x00, 
0x10, 0x00, 0x00, 0x00, 0x00, 0xb0, 0x00, 0x00, 0x00, 0x02, 0x00, 0x00, 0x00, 0x54, 0x00, 0x00, 
0x00, 0x00, 0x00, 0x00, 0x00, 0x00, 0x00, 0x00, 0x00, 0x00, 0x00, 0x00, 0x40, 0x00, 0x00, 0xc0, 
0x2e, 0x72, 0x65, 0x6c, 0x6f, 0x63, 0x00, 0x00, 0x60, 0x00, 0x00, 0x00, 0x00, 0xc0, 0x00, 0x00, 
0x00, 0x02, 0x00, 0x00, 0x00, 0x56, 0x00, 0x00, 0x00, 0x00, 0x00, 0x00, 0x00, 0x00, 0x00, 0x00, 
0x00, 0x00, 0x00, 0x00, 0x40, 0x00, 0x00, 0x42, 0x00, 0x00, 0x00, 0x00, 0x00, 0x00, 0x00, 0x00, 
0x00, 0x00, 0x00, 0x00, 0x00, 0x00, 0x00, 0x00, 0x00, 0x00, 0x00, 0x00, 0x00, 0x00, 0x00, 0x00, 
0x00, 0x00, 0x00, 0x00, 0x00, 0x00, 0x00, 0x00, 0x00, 0x00, 0x00, 0x00, 0x00, 0x00, 0x00, 0x00, 
0x00, 0x00, 0x00, 0x00, 0x00, 0x00, 0x00, 0x00, 0x00, 0x00, 0x00, 0x00, 0x00, 0x00, 0x00, 0x00, 
0x00, 0x00, 0x00, 0x00, 0x00, 0x00, 0x00, 0x00, 0x00, 0x00, 0x00, 0x00, 0x00, 0x00, 0x00, 0x00, 
0x00, 0x00, 0x00, 0x00, 0x00, 0x00, 0x00, 0x00, 0x00, 0x00, 0x00, 0x00, 0x00, 0x00, 0x00, 0x00, 
0x00, 0x00, 0x00, 0x00, 0x00, 0x00, 0x00, 0x00, 0x00, 0x00, 0x00, 0x00, 0x00, 0x00, 0x00, 0x00, 
0x00, 0x00, 0x00, 0x00, 0x00, 0x00, 0x00, 0x00, 0x00, 0x00, 0x00, 0x00, 0x00, 0x00, 0x00, 0x00, 
0x00, 0x00, 0x00, 0x00, 0x00, 0x00, 0x00, 0x00, 0x00, 0x00, 0x00, 0x00, 0x00, 0x00, 0x00, 0x00, 
0x00, 0x00, 0x00, 0x00, 0x00, 0x00, 0x00, 0x00, 0x00, 0x00, 0x00, 0x00, 0x00, 0x00, 0x00, 0x00, 
0x00, 0x00, 0x00, 0x00, 0x00, 0x00, 0x00, 0x00, 0x00, 0x00, 0x00, 0x00, 0x00, 0x00, 0x00, 0x00, 
0x00, 0x00, 0x00, 0x00, 0x00, 0x00, 0x00, 0x00, 0x00, 0x00, 0x00, 0x00, 0x00, 0x00, 0x00, 0x00, 
0x00, 0x00, 0x00, 0x00, 0x00, 0x00, 0x00, 0x00, 0x00, 0x00, 0x00, 0x00, 0x00, 0x00, 0x00, 0x00, 
0x00, 0x00, 0x00, 0x00, 0x00, 0x00, 0x00, 0x00, 0x00, 0x00, 0x00, 0x00, 0x00, 0x00, 0x00, 0x00, 
0x00, 0x00, 0x00, 0x00, 0x00, 0x00, 0x00, 0x00, 0x00, 0x00, 0x00, 0x00, 0x00, 0x00, 0x00, 0x00, 
0x55, 0x48, 0x89, 0xe5, 0x48, 0x89, 0x4d, 0x10, 0x48, 0x89, 0x55, 0x18, 0x4c, 0x89, 0x45, 0x20, 
0x44, 0x89, 0x4d, 0x28, 0x90, 0x5d, 0xc3, 0x55, 0x48, 0x89, 0xe5, 0x48, 0x83, 0xec, 0x20, 0xb9, 
0x00, 0x00, 0x00, 0x00, 0xe8, 0x5f, 0x25, 0x00, 0x00, 0x90, 0x48, 0x83, 0xc4, 0x20, 0x5d, 0xc3, 
0x55, 0x48, 0x89, 0xe5, 0x48, 0x83, 0xec, 0x30, 0xc7, 0x45, 0xfc, 0xff, 0x00, 0x00, 0x00, 0x48, 
0x8b, 0x05, 0xfa, 0x43, 0x00, 0x00, 0xc7, 0x00, 0x01, 0x00, 0x00, 0x00, 0xe8, 0x3d, 0x00, 0x00, 
0x00, 0x89, 0x45, 0xfc, 0x90, 0x90, 0x8b, 0x45, 0xfc, 0x48, 0x83, 0xc4, 0x30, 0x5d, 0xc3, 0x55, 
0x48, 0x89, 0xe5, 0x48, 0x83, 0xec, 0x30, 0xc7, 0x45, 0xfc, 0xff, 0x00, 0x00, 0x00, 0x48, 0x8b, 
0x05, 0xcb, 0x43, 0x00, 0x00, 0xc7, 0x00, 0x00, 0x00, 0x00, 0x00, 0xe8, 0x0e, 0x00, 0x00, 0x00, 
0x89, 0x45, 0xfc, 0x90, 0x90, 0x8b, 0x45, 0xfc, 0x48, 0x83, 0xc4, 0x30, 0x5d, 0xc3, 0x55, 0x48, 
0x89, 0xe5, 0x48, 0x81, 0xec, 0x90, 0x00, 0x00, 0x00, 0x48, 0xc7, 0x45, 0xf0, 0x00, 0x00, 0x00, 
0x00, 0xc7, 0x45, 0xe0, 0x30, 0x00, 0x00, 0x00, 0x8b, 0x45, 0xe0, 0x65, 0x67, 0x48, 0x8b, 0x00, 
0x48, 0x89, 0x45, 0xd8, 0x48, 0x8b, 0x45, 0xd8, 0x48, 0x8b, 0x40, 0x08, 0x48, 0x89, 0x45, 0xe8, 
0xc7, 0x45, 0xfc, 0x00, 0x00, 0x00, 0x00, 0xc7, 0x45, 0xe4, 0x00, 0x00, 0x00, 0x00, 0xeb, 0x21, 
0x48, 0x8b, 0x45, 0xf0, 0x48, 0x3b, 0x45, 0xe8, 0x75, 0x09, 0xc7, 0x45, 0xfc, 0x01, 0x00, 0x00, 
0x00, 0xeb, 0x45, 0xb9, 0xe8, 0x03, 0x00, 0x00, 0x48, 0x8b, 0x05, 0x49, 0x92, 0x00, 0x00, 0xff, 
0xd0, 0x48, 0x8b, 0x05, 0x98, 0x43, 0x00, 0x00, 0x48, 0x89, 0x45, 0xd0, 0x48, 0x8b, 0x45, 0xe8, 
0x48, 0x89, 0x45, 0xc8, 0x48, 0xc7, 0x45, 0xc0, 0x00, 0x00, 0x00, 0x00, 0x48, 0x8b, 0x4d, 0xc8, 
0x48, 0x8b, 0x45, 0xc0, 0x48, 0x8b, 0x55, 0xd0, 0xf0, 0x48, 0x0f, 0xb1, 0x0a, 0x48, 0x89, 0x45, 
0xf0, 0x48, 0x83, 0x7d, 0xf0, 0x00, 0x75, 0xa8, 0x48, 0x8b, 0x05, 0x71, 0x43, 0x00, 0x00, 0x8b, 
0x00, 0x83, 0xf8, 0x01, 0x75, 0x0a, 0xb9, 0x1f, 0x00, 0x00, 0x00, 0xe8, 0x40, 0x23, 0x00, 0x00, 
0x48, 0x8b, 0x05, 0x59, 0x43, 0x00, 0x00, 0x8b, 0x00, 0x85, 0xc0, 0x0f, 0x85, 0xe3, 0x01, 0x00, 
0x00, 0x48, 0x8b, 0x05, 0x48, 0x43, 0x00, 0x00, 0xc7, 0x00, 0x01, 0x00, 0x00, 0x00, 0xb9, 0x02, 
0x00, 0x00, 0x00, 0xe8, 0xf8, 0x23, 0x00, 0x00, 0x41, 0xb9, 0x00, 0x00, 0x00, 0x00, 0x41, 0xb8, 
0x04, 0x00, 0x00, 0x00, 0xba, 0x00, 0x00, 0x00, 0x00, 0x48, 0x89, 0xc1, 0xe8, 0x0f, 0x24, 0x00, 
0x00, 0x48, 0x8d, 0x05, 0x8f, 0xfe, 0xff, 0xff, 0x48, 0x89, 0xc1, 0xe8, 0xa2, 0x04, 0x00, 0x00, 
0x85, 0xc0, 0x74, 0x05, 0xe8, 0x5f, 0x24, 0x00, 0x00, 0xe8, 0x02, 0x14, 0x00, 0x00, 0x48, 0x8b, 
0x05, 0x7b, 0x43, 0x00, 0x00, 0x48, 0x89, 0xc1, 0x48, 0x8b, 0x05, 0x81, 0x91, 0x00, 0x00, 0xff, 
0xd0, 0x48, 0x8b, 0x15, 0xc8, 0x42, 0x00, 0x00, 0x48, 0x89, 0x02, 0x48, 0x8d, 0x05, 0x3e, 0xfe, 
0xff, 0xff, 0x48, 0x89, 0xc1, 0xe8, 0x26, 0x24, 0x00, 0x00, 0xe8, 0xe1, 0x1c, 0x00, 0x00, 0xe8, 
0x18, 0x02, 0x00, 0x00, 0x89, 0x05, 0x3e, 0x7e, 0x00, 0x00, 0x48, 0x8b, 0x05, 0x5f, 0x42, 0x00, 
0x00, 0x8b, 0x00, 0x85, 0xc0, 0x74, 0x0c, 0xb9, 0x02, 0x00, 0x00, 0x00, 0xe8, 0xdf, 0x23, 0x00, 
0x00, 0xeb, 0x0a, 0xb9, 0x01, 0x00, 0x00, 0x00, 0xe8, 0xd3, 0x23, 0x00, 0x00, 0xe8, 0x6e, 0x23, 
0x00, 0x00, 0x48, 0x8b, 0x15, 0x07, 0x43, 0x00, 0x00, 0x8b, 0x12, 0x89, 0x10, 0xe8, 0x56, 0x23, 
0x00, 0x00, 0x48, 0x8b, 0x15, 0xd7, 0x42, 0x00, 0x00, 0x8b, 0x12, 0x89, 0x10, 0xe8, 0x8e, 0x0b, 
0x00, 0x00, 0x89, 0x45, 0xe4, 0x83, 0x7d, 0xe4, 0x00, 0x79, 0x0a, 0xb9, 0x08, 0x00, 0x00, 0x00, 
0xe8, 0x4b, 0x22, 0x00, 0x00, 0x48, 0x8b, 0x05, 0x84, 0x41, 0x00, 0x00, 0x8b, 0x00, 0x83, 0xf8, 
0x01, 0x75, 0x0f, 0x48, 0x8b, 0x05, 0xe6, 0x42, 0x00, 0x00, 0x48, 0x89, 0xc1, 0xe8, 0x68, 0x14, 
0x00, 0x00, 0x48, 0x8b, 0x05, 0xc7, 0x41, 0x00, 0x00, 0x8b, 0x00, 0x83, 0xf8, 0xff, 0x75, 0x0a, 
0xb9, 0xff, 0xff, 0xff, 0xff, 0xe8, 0xc6, 0x23, 0x00, 0x00, 0x48, 0x8b, 0x15, 0x6f, 0x42, 0x00, 
0x00, 0x48, 0x8b, 0x05, 0x58, 0x42, 0x00, 0x00, 0x48, 0x89, 0xc1, 0xe8, 0x68, 0x23, 0x00, 0x00, 
0x85, 0xc0, 0x74, 0x0a, 0xb9, 0x0a, 0x00, 0x00, 0x00, 0xe8, 0xf2, 0x21, 0x00, 0x00, 0x48, 0x8b, 
0x05, 0xab, 0x42, 0x00, 0x00, 0x8b, 0x00, 0x89, 0x45, 0xac, 0x48, 0x8b, 0x05, 0x5f, 0x42, 0x00, 
0x00, 0x44, 0x8b, 0x00, 0x4c, 0x8d, 0x15, 0x65, 0x7d, 0x00, 0x00, 0x48, 0x8d, 0x15, 0x56, 0x7d, 
0x00, 0x00, 0x48, 0x8d, 0x05, 0x4b, 0x7d, 0x00, 0x00, 0x48, 0x8d, 0x4d, 0xac, 0x48, 0x89, 0x4c, 
0x24, 0x20, 0x45, 0x89, 0xc1, 0x4d, 0x89, 0xd0, 0x48, 0x89, 0xc1, 0xe8, 0xf0, 0x21, 0x00, 0x00, 
0x89, 0x45, 0xe4, 0x83, 0x7d, 0xe4, 0x00, 0x79, 0x0a, 0xb9, 0x08, 0x00, 0x00, 0x00, 0xe8, 0x9d, 
0x21, 0x00, 0x00, 0x8b, 0x05, 0x1b, 0x7d, 0x00, 0x00, 0x48, 0x8d, 0x15, 0x18, 0x7d, 0x00, 0x00, 
0x89, 0xc1, 0xe8, 0xf9, 0x01, 0x00, 0x00, 0x89, 0x45, 0xe4, 0x83, 0x7d, 0xe4, 0x00, 0x74, 0x0a, 
0xb9, 0x08, 0x00, 0x00, 0x00, 0xe8, 0x76, 0x21, 0x00, 0x00, 0x48, 0x8b, 0x15, 0xaf, 0x41, 0x00, 
0x00, 0x48, 0x8b, 0x05, 0x98, 0x41, 0x00, 0x00, 0x48, 0x89, 0xc1, 0xe8, 0xc0, 0x22, 0x00, 0x00, 
0xe8, 0x32, 0x08, 0x00, 0x00, 0x48, 0x8b, 0x05, 0x74, 0x41, 0x00, 0x00, 0xc7, 0x00, 0x02, 0x00, 
0x00, 0x00, 0xeb, 0x0a, 0xc7, 0x05, 0xde, 0x7c, 0x00, 0x00, 0x01, 0x00, 0x00, 0x00, 0x83, 0x7d, 
0xfc, 0x00, 0x75, 0x1e, 0x48, 0x8b, 0x05, 0x45, 0x41, 0x00, 0x00, 0x48, 0x89, 0x45, 0xb8, 0x48, 
0xc7, 0x45, 0xb0, 0x00, 0x00, 0x00, 0x00, 0x48, 0x8b, 0x55, 0xb0, 0x48, 0x8b, 0x45, 0xb8, 0x48, 
0x87, 0x10, 0x48, 0x8b, 0x05, 0xa7, 0x40, 0x00, 0x00, 0x48, 0x8b, 0x00, 0x48, 0x85, 0xc0, 0x74, 
0x1c, 0x48, 0x8b, 0x05, 0x98, 0x40, 0x00, 0x00, 0x48, 0x8b, 0x00, 0x41, 0xb8, 0x00, 0x00, 0x00, 
0x00, 0xba, 0x02, 0x00, 0x00, 0x00, 0xb9, 0x00, 0x00, 0x00, 0x00, 0xff, 0xd0, 0xe8, 0xde, 0x20, 
0x00, 0x00, 0x48, 0x8b, 0x15, 0x77, 0x7c, 0x00, 0x00, 0x48, 0x89, 0x10, 0x48, 0x8b, 0x0d, 0x6d, 
0x7c, 0x00, 0x00, 0x48, 0x8b, 0x15, 0x5e, 0x7c, 0x00, 0x00, 0x8b, 0x05, 0x54, 0x7c, 0x00, 0x00, 
0x49, 0x89, 0xc8, 0x89, 0xc1, 0xe8, 0x06, 0x04, 0x00, 0x00, 0x89, 0x45, 0xe4, 0x8b, 0x05, 0x55, 
0x7c, 0x00, 0x00, 0x85, 0xc0, 0x75, 0x0a, 0x8b, 0x45, 0xe4, 0x89, 0xc1, 0xe8, 0x2f, 0x22, 0x00, 
0x00, 0x8b, 0x05, 0x45, 0x7c, 0x00, 0x00, 0x85, 0xc0, 0x75, 0x05, 0xe8, 0xd0, 0x21, 0x00, 0x00, 
0x8b, 0x45, 0xe4, 0x48, 0x81, 0xc4, 0x90, 0x00, 0x00, 0x00, 0x5d, 0xc3, 0x55, 0x48, 0x89, 0xe5, 
0x48, 0x83, 0xec, 0x20, 0x48, 0x8b, 0x05, 0x55, 0x40, 0x00, 0x00, 0xc7, 0x00, 0x01, 0x00, 0x00, 
0x00, 0x48, 0x8b, 0x05, 0x58, 0x40, 0x00, 0x00, 0xc7, 0x00, 0x01, 0x00, 0x00, 0x00, 0x48, 0x8b, 
0x05, 0x5b, 0x40, 0x00, 0x00, 0xc7, 0x00, 0x01, 0x00, 0x00, 0x00, 0x48, 0x8b, 0x05, 0xbe, 0x3f, 
0x00, 0x00, 0x48, 0x89, 0x45, 0xf8, 0x48, 0x8b, 0x45, 0xf8, 0x0f, 0xb7, 0x00, 0x66, 0x3d, 0x4d, 
0x5a, 0x74, 0x0a, 0xb8, 0x00, 0x00, 0x00, 0x00, 0xe9, 0xad, 0x00, 0x00, 0x00, 0x48, 0x8b, 0x45, 
0xf8, 0x8b, 0x40, 0x3c, 0x48, 0x63, 0xd0, 0x48, 0x8b, 0x45, 0xf8, 0x48, 0x01, 0xd0, 0x48, 0x89, 
0x45, 0xf0, 0x48, 0x8b, 0x45, 0xf0, 0x8b, 0x00, 0x3d, 0x50, 0x45, 0x00, 0x00, 0x74, 0x0a, 0xb8, 
0x00, 0x00, 0x00, 0x00, 0xe9, 0x81, 0x00, 0x00, 0x00, 0x48, 0x8b, 0x45, 0xf0, 0x48, 0x83, 0xc0, 
0x18, 0x48, 0x89, 0x45, 0xe8, 0x48, 0x8b, 0x45, 0xe8, 0x0f, 0xb7, 0x00, 0x0f, 0xb7, 0xc0, 0x3d, 
0x0b, 0x01, 0x00, 0x00, 0x74, 0x09, 0x3d, 0x0b, 0x02, 0x00, 0x00, 0x74, 0x29, 0xeb, 0x56, 0x48, 
0x8b, 0x45, 0xe8, 0x8b, 0x40, 0x5c, 0x83, 0xf8, 0x0e, 0x77, 0x07, 0xb8, 0x00, 0x00, 0x00, 0x00, 
0xeb, 0x48, 0x48, 0x8b, 0x45, 0xe8, 0x8b, 0x80, 0xd0, 0x00, 0x00, 0x00, 0x85, 0xc0, 0x0f, 0x95, 
0xc0, 0x0f, 0xb6, 0xc0, 0xeb, 0x34, 0x48, 0x8b, 0x45, 0xe8, 0x48, 0x89, 0x45, 0xe0, 0x48, 0x8b, 
0x45, 0xe0, 0x8b, 0x40, 0x6c, 0x83, 0xf8, 0x0e, 0x77, 0x07, 0xb8, 0x00, 0x00, 0x00, 0x00, 0xeb, 
0x19, 0x48, 0x8b, 0x45, 0xe0, 0x8b, 0x80, 0xe0, 0x00, 0x00, 0x00, 0x85, 0xc0, 0x0f, 0x95, 0xc0, 
0x0f, 0xb6, 0xc0, 0xeb, 0x05, 0xb8, 0x00, 0x00, 0x00, 0x00, 0x48, 0x83, 0xc4, 0x20, 0x5d, 0xc3, 
0x55, 0x53, 0x48, 0x83, 0xec, 0x48, 0x48, 0x8d, 0x6c, 0x24, 0x40, 0x89, 0x4d, 0x20, 0x48, 0x89, 
0x55, 0x28, 0x8b, 0x45, 0x20, 0x83, 0xc0, 0x01, 0x48, 0x98, 0x48, 0xc1, 0xe0, 0x03, 0x48, 0x89, 
0xc1, 0xe8, 0x42, 0x21, 0x00, 0x00, 0x48, 0x89, 0x45, 0xf0, 0x48, 0x83, 0x7d, 0xf0, 0x00, 0x75, 
0x0a, 0xb8, 0x01, 0x00, 0x00, 0x00, 0xe9, 0x00, 0x01, 0x00, 0x00, 0x48, 0x8b, 0x45, 0x28, 0x48, 
0x8b, 0x00, 0x48, 0x89, 0x45, 0xe8, 0xc7, 0x45, 0xfc, 0x00, 0x00, 0x00, 0x00, 0xe9, 0xb2, 0x00, 
0x00, 0x00, 0x8b, 0x45, 0xfc, 0x48, 0x98, 0x48, 0x8d, 0x14, 0xc5, 0x00, 0x00, 0x00, 0x00, 0x48, 
0x8b, 0x45, 0xe8, 0x48, 0x01, 0xd0, 0x48, 0x8b, 0x00, 0x48, 0x89, 0xc1, 0xe8, 0xf7, 0x1f, 0x00, 
0x00, 0x48, 0x83, 0xc0, 0x01, 0x48, 0x01, 0xc0, 0x48, 0x89, 0x45, 0xe0, 0x8b, 0x45, 0xfc, 0x48, 
0x98, 0x48, 0x8d, 0x14, 0xc5, 0x00, 0x00, 0x00, 0x00, 0x48, 0x8b, 0x45, 0xf0, 0x48, 0x8d, 0x1c, 
0x02, 0x48, 0x8b, 0x45, 0xe0, 0x48, 0x89, 0xc1, 0xe8, 0xcb, 0x20, 0x00, 0x00, 0x48, 0x89, 0x03, 
0x8b, 0x45, 0xfc, 0x48, 0x98, 0x48, 0x8d, 0x14, 0xc5, 0x00, 0x00, 0x00, 0x00, 0x48, 0x8b, 0x45, 
0xf0, 0x48, 0x01, 0xd0, 0x48, 0x8b, 0x00, 0x48, 0x85, 0xc0, 0x75, 0x07, 0xb8, 0x01, 0x00, 0x00, 
0x00, 0xeb, 0x78, 0x8b, 0x45, 0xfc, 0x48, 0x98, 0x48, 0x8d, 0x14, 0xc5, 0x00, 0x00, 0x00, 0x00, 
0x48, 0x8b, 0x45, 0xe8, 0x48, 0x01, 0xd0, 0x48, 0x8b, 0x10, 0x8b, 0x45, 0xfc, 0x48, 0x98, 0x48, 
0x8d, 0x0c, 0xc5, 0x00, 0x00, 0x00, 0x00, 0x48, 0x8b, 0x45, 0xf0, 0x48, 0x01, 0xc8, 0x48, 0x8b, 
0x00, 0x48, 0x8b, 0x4d, 0xe0, 0x49, 0x89, 0xc8, 0x48, 0x89, 0xc1, 0xe8, 0x28, 0x20, 0x00, 0x00, 
0x83, 0x45, 0xfc, 0x01, 0x8b, 0x45, 0xfc, 0x3b, 0x45, 0x20, 0x0f, 0x8c, 0x42, 0xff, 0xff, 0xff, 
0x8b, 0x45, 0xfc, 0x48, 0x98, 0x48, 0x8d, 0x14, 0xc5, 0x00, 0x00, 0x00, 0x00, 0x48, 0x8b, 0x45, 
0xf0, 0x48, 0x01, 0xd0, 0x48, 0xc7, 0x00, 0x00, 0x00, 0x00, 0x00, 0x48, 0x8b, 0x45, 0x28, 0x48, 
0x8b, 0x55, 0xf0, 0x48, 0x89, 0x10, 0xb8, 0x00, 0x00, 0x00, 0x00, 0x48, 0x83, 0xc4, 0x48, 0x5b, 
0x5d, 0xc3, 0x55, 0x48, 0x89, 0xe5, 0x48, 0x83, 0xec, 0x20, 0x48, 0x89, 0x4d, 0x10, 0x48, 0x8b, 
0x45, 0x10, 0x48, 0x89, 0xc1, 0xe8, 0x76, 0x1f, 0x00, 0x00, 0x48, 0x83, 0xc4, 0x20, 0x5d, 0xc3, 
0xc3, 0x0f, 0x1f, 0x40, 0x00, 0x66, 0x66, 0x2e, 0x0f, 0x1f, 0x84, 0x00, 0x00, 0x00, 0x00, 0x00, 
0x31, 0xc0, 0xc3, 0x66, 0x90, 0x66, 0x66, 0x2e, 0x0f, 0x1f, 0x84, 0x00, 0x00, 0x00, 0x00, 0x00, 
0x55, 0x53, 0x48, 0x83, 0xec, 0x38, 0x48, 0x8d, 0x6c, 0x24, 0x30, 0x48, 0x8d, 0x0d, 0x7e, 0x39, 
0x00, 0x00, 0xff, 0x15, 0x80, 0x8c, 0x00, 0x00, 0x48, 0x89, 0xc3, 0x48, 0x85, 0xc0, 0x74, 0x70, 
0x48, 0x8d, 0x0d, 0x69, 0x39, 0x00, 0x00, 0xff, 0x15, 0x8b, 0x8c, 0x00, 0x00, 0x4c, 0x8b, 0x0d, 
0x6c, 0x8c, 0x00, 0x00, 0x48, 0x8d, 0x15, 0x68, 0x39, 0x00, 0x00, 0x48, 0x89, 0xd9, 0x48, 0x89, 
0x05, 0x6b, 0x79, 0x00, 0x00, 0x4c, 0x89, 0x4d, 0xf0, 0x41, 0xff, 0xd1, 0x48, 0x8d, 0x15, 0x66, 
0x39, 0x00, 0x00, 0x48, 0x89, 0xd9, 0x48, 0x89, 0x45, 0xf8, 0xff, 0x55, 0xf0, 0x4c, 0x8b, 0x45, 
0xf8, 0x48, 0x89, 0x05, 0x28, 0x29, 0x00, 0x00, 0x4d, 0x85, 0xc0, 0x74, 0x11, 0x48, 0x8d, 0x15, 
0x5c, 0x79, 0x00, 0x00, 0x48, 0x8d, 0x0d, 0x15, 0x49, 0x00, 0x00, 0x41, 0xff, 0xd0, 0x48, 0x8d, 
0x0d, 0x2b, 0x00, 0x00, 0x00, 0x48, 0x83, 0xc4, 0x38, 0x5b, 0x5d, 0xe9, 0x32, 0xff, 0xff, 0xff, 
0x48, 0x8d, 0x05, 0x59, 0xff, 0xff, 0xff, 0x4c, 0x8d, 0x05, 0x42, 0xff, 0xff, 0xff, 0x48, 0x89, 
0x05, 0xeb, 0x28, 0x00, 0x00, 0xeb, 0xc6, 0x66, 0x0f, 0x1f, 0x84, 0x00, 0x00, 0x00, 0x00, 0x00, 
0x55, 0x48, 0x89, 0xe5, 0x48, 0x83, 0xec, 0x20, 0x48, 0x8b, 0x05, 0xd1, 0x28, 0x00, 0x00, 0x48, 
0x85, 0xc0, 0x74, 0x09, 0x48, 0x8d, 0x0d, 0xc5, 0x48, 0x00, 0x00, 0xff, 0xd0, 0x48, 0x8b, 0x0d, 
0xdc, 0x78, 0x00, 0x00, 0x48, 0x85, 0xc9, 0x74, 0x0f, 0x48, 0x83, 0xc4, 0x20, 0x5d, 0x48, 0xff, 
0x25, 0x9b, 0x8b, 0x00, 0x00, 0x0f, 0x1f, 0x00, 0x48, 0x83, 0xc4, 0x20, 0x5d, 0xc3, 0x90, 0x90, 
0x56, 0x53, 0x48, 0x83, 0xec, 0x58, 0x48, 0x8d, 0xb4, 0x24, 0x90, 0x00, 0x00, 0x00, 0x48, 0x89, 
0xcb, 0x48, 0x89, 0x74, 0x24, 0x48, 0xe8, 0xe5, 0x1c, 0x00, 0x00, 0x41, 0xb9, 0x57, 0x02, 0x00, 
0x00, 0x41, 0xb8, 0x58, 0x02, 0x00, 0x00, 0x48, 0x89, 0xda, 0x48, 0x8b, 0x08, 0x48, 0x8d, 0x05, 
0xbc, 0x38, 0x00, 0x00, 0x48, 0x89, 0x74, 0x24, 0x30, 0x48, 0xc7, 0x44, 0x24, 0x28, 0x00, 0x00, 
0x00, 0x00, 0x48, 0x89, 0x44, 0x24, 0x20, 0xe8, 0xd4, 0x1d, 0x00, 0x00, 0x48, 0x83, 0xc4, 0x58, 
0x5b, 0x5e, 0xc3, 0x66, 0x90, 0x66, 0x66, 0x2e, 0x0f, 0x1f, 0x84, 0x00, 0x00, 0x00, 0x00, 0x00, 
0x41, 0x54, 0x55, 0x57, 0x56, 0x53, 0x48, 0x81, 0xec, 0x30, 0x0c, 0x00, 0x00, 0x41, 0x89, 0xcc, 
0x48, 0x89, 0xd5, 0x83, 0xf9, 0x01, 0x0f, 0x8e, 0x9c, 0x01, 0x00, 0x00, 0x48, 0x8b, 0x4a, 0x08, 
0xe8, 0x73, 0x1d, 0x00, 0x00, 0x48, 0x8b, 0x5d, 0x08, 0x83, 0xf8, 0x01, 0x7e, 0x0a, 0x66, 0x83, 
0x3b, 0x22, 0x0f, 0x84, 0x80, 0x02, 0x00, 0x00, 0x31, 0xd2, 0x48, 0x8d, 0xb4, 0x24, 0xf0, 0x02, 
0x00, 0x00, 0x48, 0x8b, 0x3d, 0x8f, 0x8c, 0x00, 0x00, 0x4c, 0x8d, 0x05, 0x80, 0x38, 0x00, 0x00, 
0x66, 0x89, 0x94, 0x24, 0xf0, 0x02, 0x00, 0x00, 0x48, 0x89, 0xf1, 0xba, 0x48, 0x02, 0x00, 0x00, 
0xff, 0xd7, 0x4c, 0x8d, 0x05, 0xf7, 0x27, 0x00, 0x00, 0xba, 0x48, 0x02, 0x00, 0x00, 0x48, 0x89, 
0xf1, 0xff, 0xd7, 0x4c, 0x8d, 0x05, 0x5a, 0x38, 0x00, 0x00, 0xba, 0x48, 0x02, 0x00, 0x00, 0x48, 
0x89, 0xf1, 0xff, 0xd7, 0x49, 0x89, 0xd8, 0xba, 0x48, 0x02, 0x00, 0x00, 0x48, 0x89, 0xf1, 0xff, 
0xd7, 0x4c, 0x8d, 0x05, 0x38, 0x38, 0x00, 0x00, 0xba, 0x48, 0x02, 0x00, 0x00, 0x48, 0x89, 0xf1, 
0xff, 0xd7, 0x41, 0x83, 0xfc, 0x02, 0x74, 0x40, 0x41, 0x8d, 0x44, 0x24, 0xfd, 0x48, 0x8d, 0x5d, 
0x10, 0x48, 0x8d, 0x6c, 0xc5, 0x18, 0x66, 0x2e, 0x0f, 0x1f, 0x84, 0x00, 0x00, 0x00, 0x00, 0x00, 
0x4c, 0x8d, 0x05, 0x15, 0x38, 0x00, 0x00, 0xba, 0x48, 0x02, 0x00, 0x00, 0x48, 0x89, 0xf1, 0x48, 
0x83, 0xc3, 0x08, 0xff, 0xd7, 0x4c, 0x8b, 0x43, 0xf8, 0xba, 0x48, 0x02, 0x00, 0x00, 0x48, 0x89, 
0xf1, 0xff, 0xd7, 0x48, 0x39, 0xeb, 0x75, 0xd8, 0x66, 0x0f, 0xef, 0xc0, 0x48, 0x8d, 0x54, 0x24, 
0x50, 0x45, 0x31, 0xc9, 0x45, 0x31, 0xc0, 0x48, 0x8d, 0x44, 0x24, 0x70, 0x48, 0x89, 0x54, 0x24, 
0x48, 0x48, 0x8d, 0x0d, 0x58, 0x27, 0x00, 0x00, 0x48, 0x89, 0xf2, 0xc7, 0x84, 0x24, 0xd4, 0x00, 
0x00, 0x00, 0x00, 0x00, 0x00, 0x00, 0xc7, 0x44, 0x24, 0x70, 0x68, 0x00, 0x00, 0x00, 0x48, 0xc7, 
0x44, 0x24, 0x60, 0x00, 0x00, 0x00, 0x00, 0x48, 0x89, 0x44, 0x24, 0x40, 0x48, 0xc7, 0x44, 0x24, 
0x38, 0x00, 0x00, 0x00, 0x00, 0x48, 0xc7, 0x44, 0x24, 0x30, 0x00, 0x00, 0x00, 0x00, 0xc7, 0x44, 
0x24, 0x28, 0x08, 0x00, 0x00, 0x00, 0xc7, 0x44, 0x24, 0x20, 0x00, 0x00, 0x00, 0x00, 0x0f, 0x11, 
0x44, 0x24, 0x74, 0x0f, 0x11, 0x84, 0x24, 0x84, 0x00, 0x00, 0x00, 0x0f, 0x11, 0x84, 0x24, 0x94, 
0x00, 0x00, 0x00, 0x0f, 0x11, 0x84, 0x24, 0xa4, 0x00, 0x00, 0x00, 0x0f, 0x11, 0x84, 0x24, 0xb4, 
0x00, 0x00, 0x00, 0x0f, 0x11, 0x84, 0x24, 0xc4, 0x00, 0x00, 0x00, 0x0f, 0x29, 0x44, 0x24, 0x50, 
0xff, 0x15, 0x92, 0x89, 0x00, 0x00, 0x85, 0xc0, 0x0f, 0x84, 0xc2, 0x00, 0x00, 0x00, 0x48, 0x8b, 
0x4c, 0x24, 0x58, 0x48, 0x8b, 0x1d, 0x76, 0x89, 0x00, 0x00, 0xff, 0xd3, 0x48, 0x8b, 0x4c, 0x24, 
0x50, 0xff, 0xd3, 0x31, 0xc0, 0x48, 0x81, 0xc4, 0x30, 0x0c, 0x00, 0x00, 0x5b, 0x5e, 0x5f, 0x5d, 
0x41, 0x5c, 0xc3, 0x0f, 0x1f, 0x44, 0x00, 0x00, 0x48, 0x8d, 0x94, 0x24, 0xe0, 0x00, 0x00, 0x00, 
0xb9, 0x04, 0x01, 0x00, 0x00, 0xff, 0x15, 0x6d, 0x89, 0x00, 0x00, 0x85, 0xc0, 0x0f, 0x84, 0xcf, 
0x00, 0x00, 0x00, 0x48, 0x8d, 0xb4, 0x24, 0xf0, 0x02, 0x00, 0x00, 0x31, 0xc0, 0x48, 0x8b, 0x1d, 
0xf4, 0x8a, 0x00, 0x00, 0x4c, 0x8d, 0x05, 0xe5, 0x36, 0x00, 0x00, 0x48, 0x89, 0xf1, 0x66, 0x89, 
0x84, 0x24, 0xf0, 0x02, 0x00, 0x00, 0xba, 0x48, 0x02, 0x00, 0x00, 0xff, 0xd3, 0x48, 0x89, 0xf1, 
0x4c, 0x8d, 0x05, 0x59, 0x26, 0x00, 0x00, 0xba, 0x48, 0x02, 0x00, 0x00, 0xff, 0xd3, 0x48, 0x89, 
0xf1, 0x4c, 0x8d, 0x05, 0xbc, 0x36, 0x00, 0x00, 0xba, 0x48, 0x02, 0x00, 0x00, 0xff, 0xd3, 0x4c, 
0x8d, 0x84, 0x24, 0xe0, 0x00, 0x00, 0x00, 0x48, 0x89, 0xf1, 0xba, 0x48, 0x02, 0x00, 0x00, 0xff, 
0xd3, 0x4c, 0x8d, 0x05, 0x98, 0x36, 0x00, 0x00, 0xba, 0x48, 0x02, 0x00, 0x00, 0x48, 0x89, 0xf1, 
0xff, 0xd3, 0xe9, 0xa1, 0xfe, 0xff, 0xff, 0x66, 0x0f, 0x1f, 0x84, 0x00, 0x00, 0x00, 0x00, 0x00, 
0xff, 0x15, 0xea, 0x88, 0x00, 0x00, 0x41, 0xb8, 0x57, 0x02, 0x00, 0x00, 0x4c, 0x8d, 0x0d, 0x2d, 
0x36, 0x00, 0x00, 0xba, 0x58, 0x02, 0x00, 0x00, 0x89, 0x44, 0x24, 0x28, 0x48, 0x8d, 0x05, 0xed, 
0x25, 0x00, 0x00, 0x48, 0x8d, 0x8c, 0x24, 0x80, 0x07, 0x00, 0x00, 0x48, 0x89, 0x44, 0x24, 0x20, 
0xe8, 0x1b, 0xfd, 0xff, 0xff, 0x41, 0xb9, 0x10, 0x00, 0x00, 0x00, 0x4c, 0x8d, 0x05, 0x4e, 0x36, 
0x00, 0x00, 0x31, 0xc9, 0x48, 0x8d, 0x94, 0x24, 0x80, 0x07, 0x00, 0x00, 0xff, 0x15, 0x4e, 0x8a, 
0x00, 0x00, 0xb8, 0x01, 0x00, 0x00, 0x00, 0x48, 0x81, 0xc4, 0x30, 0x0c, 0x00, 0x00, 0x5b, 0x5e, 
0x5f, 0x5d, 0x41, 0x5c, 0xc3, 0x0f, 0x1f, 0x00, 0x89, 0xc0, 0x48, 0x8d, 0x44, 0x43, 0xfe, 0x66, 
0x83, 0x38, 0x22, 0x0f, 0x85, 0x6f, 0xfd, 0xff, 0xff, 0x31, 0xc9, 0x48, 0x83, 0xc3, 0x02, 0x66, 
0x89, 0x08, 0xe9, 0x61, 0xfd, 0xff, 0xff, 0x90, 0x90, 0x90, 0x90, 0x90, 0x90, 0x90, 0x90, 0x90, 
0x55, 0x48, 0x89, 0xe5, 0x48, 0x83, 0xec, 0x20, 0xeb, 0x1e, 0x48, 0x8b, 0x05, 0x6f, 0x2d, 0x00, 
0x00, 0x48, 0x8b, 0x00, 0xff, 0xd0, 0x48, 0x8b, 0x05, 0x63, 0x2d, 0x00, 0x00, 0x48, 0x83, 0xc0, 
0x08, 0x48, 0x89, 0x05, 0x58, 0x2d, 0x00, 0x00, 0x48, 0x8b, 0x05, 0x51, 0x2d, 0x00, 0x00, 0x48, 
0x8b, 0x00, 0x48, 0x85, 0xc0, 0x75, 0xd3, 0x90, 0x90, 0x48, 0x83, 0xc4, 0x20, 0x5d, 0xc3, 0x55, 
0x48, 0x89, 0xe5, 0x48, 0x83, 0xec, 0x30, 0x48, 0x8b, 0x05, 0xe2, 0x38, 0x00, 0x00, 0x48, 0x8b, 
0x00, 0x89, 0x45, 0xfc, 0x83, 0x7d, 0xfc, 0xff, 0x75, 0x25, 0xc7, 0x45, 0xfc, 0x00, 0x00, 0x00, 
0x00, 0xeb, 0x04, 0x83, 0x45, 0xfc, 0x01, 0x8b, 0x45, 0xfc, 0x8d, 0x50, 0x01, 0x48, 0x8b, 0x05, 
0xbc, 0x38, 0x00, 0x00, 0x89, 0xd2, 0x48, 0x8b, 0x04, 0xd0, 0x48, 0x85, 0xc0, 0x75, 0xe4, 0x8b, 
0x45, 0xfc, 0x89, 0x45, 0xf8, 0xeb, 0x14, 0x48, 0x8b, 0x05, 0xa2, 0x38, 0x00, 0x00, 0x8b, 0x55, 
0xf8, 0x48, 0x8b, 0x04, 0xd0, 0xff, 0xd0, 0x83, 0x6d, 0xf8, 0x01, 0x83, 0x7d, 0xf8, 0x00, 0x75, 
0xe6, 0x48, 0x8d, 0x05, 0x58, 0xff, 0xff, 0xff, 0x48, 0x89, 0xc1, 0xe8, 0xe2, 0xfa, 0xff, 0xff, 
0x90, 0x48, 0x83, 0xc4, 0x30, 0x5d, 0xc3, 0x55, 0x48, 0x89, 0xe5, 0x48, 0x83, 0xec, 0x20, 0x8b, 
0x05, 0x1b, 0x75, 0x00, 0x00, 0x85, 0xc0, 0x75, 0x0f, 0xc7, 0x05, 0x0d, 0x75, 0x00, 0x00, 0x01, 
0x00, 0x00, 0x00, 0xe8, 0x67, 0xff, 0xff, 0xff, 0x90, 0x48, 0x83, 0xc4, 0x20, 0x5d, 0xc3, 0x90, 
0x55, 0x48, 0x89, 0xe5, 0x48, 0x83, 0xec, 0x30, 0x48, 0x89, 0x4d, 0x10, 0x89, 0x55, 0x18, 0x4c, 
0x89, 0x45, 0x20, 0x48, 0x8b, 0x05, 0x16, 0x38, 0x00, 0x00, 0x8b, 0x00, 0x83, 0xf8, 0x02, 0x74, 
0x0d, 0x48, 0x8b, 0x05, 0x08, 0x38, 0x00, 0x00, 0xc7, 0x00, 0x02, 0x00, 0x00, 0x00, 0x83, 0x7d, 
0x18, 0x02, 0x74, 0x1e, 0x83, 0x7d, 0x18, 0x01, 0x75, 0x5b, 0x48, 0x8b, 0x4d, 0x20, 0x8b, 0x55, 
0x18, 0x48, 0x8b, 0x45, 0x10, 0x49, 0x89, 0xc8, 0x48, 0x89, 0xc1, 0xe8, 0xe1, 0x11, 0x00, 0x00, 
0xeb, 0x43, 0x48, 0x8d, 0x05, 0x1f, 0x3b, 0x00, 0x00, 0x48, 0x89, 0x45, 0xf8, 0x48, 0x83, 0x45, 
0xf8, 0x08, 0xeb, 0x22, 0x48, 0x8b, 0x45, 0xf8, 0x48, 0x89, 0x45, 0xf0, 0x48, 0x8b, 0x45, 0xf0, 
0x48, 0x8b, 0x00, 0x48, 0x85, 0xc0, 0x74, 0x09, 0x48, 0x8b, 0x45, 0xf0, 0x48, 0x8b, 0x00, 0xff, 
0xd0, 0x48, 0x83, 0x45, 0xf8, 0x08, 0x48, 0x8d, 0x05, 0xf3, 0x3a, 0x00, 0x00, 0x48, 0x39, 0x45, 
0xf8, 0x75, 0xd1, 0xeb, 0x01, 0x90, 0x48, 0x83, 0xc4, 0x30, 0x5d, 0xc3, 0x55, 0x48, 0x89, 0xe5, 
0x48, 0x89, 0x4d, 0x10, 0x48, 0x83, 0x7d, 0x10, 0x00, 0x75, 0x07, 0xb8, 0x00, 0x00, 0x00, 0x00, 
0xeb, 0x05, 0xb8, 0x00, 0x00, 0x00, 0x00, 0x5d, 0xc3, 0x55, 0x48, 0x89, 0xe5, 0x48, 0x83, 0xec, 
0x20, 0x48, 0x89, 0x4d, 0x10, 0x89, 0x55, 0x18, 0x4c, 0x89, 0x45, 0x20, 0x83, 0x7d, 0x18, 0x03, 
0x74, 0x06, 0x83, 0x7d, 0x18, 0x00, 0x75, 0x18, 0x48, 0x8b, 0x4d, 0x20, 0x8b, 0x55, 0x18, 0x48, 
0x8b, 0x45, 0x10, 0x49, 0x89, 0xc8, 0x48, 0x89, 0xc1, 0xe8, 0x43, 0x11, 0x00, 0x00, 0xeb, 0x01, 
0x90, 0x48, 0x83, 0xc4, 0x20, 0x5d, 0xc3, 0x90, 0x90, 0x90, 0x90, 0x90, 0x90, 0x90, 0x90, 0x90, 
0x55, 0x53, 0x48, 0x81, 0xec, 0x88, 0x00, 0x00, 0x00, 0x48, 0x8d, 0x6c, 0x24, 0x50, 0x0f, 0x29, 
0x75, 0x00, 0x0f, 0x29, 0x7d, 0x10, 0x44, 0x0f, 0x29, 0x45, 0x20, 0x48, 0x89, 0x4d, 0x50, 0x48, 
0x8b, 0x45, 0x50, 0x8b, 0x00, 0x83, 0xf8, 0x06, 0x74, 0x56, 0x83, 0xf8, 0x06, 0x7f, 0x78, 0x83, 
0xf8, 0x05, 0x74, 0x59, 0x83, 0xf8, 0x05, 0x7f, 0x6e, 0x83, 0xf8, 0x04, 0x74, 0x5c, 0x83, 0xf8, 
0x04, 0x7f, 0x64, 0x83, 0xf8, 0x03, 0x74, 0x2b, 0x83, 0xf8, 0x03, 0x7f, 0x5a, 0x83, 0xf8, 0x01, 
0x74, 0x07, 0x83, 0xf8, 0x02, 0x74, 0x0f, 0xeb, 0x4e, 0x48, 0x8d, 0x05, 0x20, 0x34, 0x00, 0x00, 
0x48, 0x89, 0x45, 0xf8, 0xeb, 0x4d, 0x48, 0x8d, 0x05, 0x32, 0x34, 0x00, 0x00, 0x48, 0x89, 0x45, 
0xf8, 0xeb, 0x40, 0x48, 0x8d, 0x05, 0x46, 0x34, 0x00, 0x00, 0x48, 0x89, 0x45, 0xf8, 0xeb, 0x33, 
0x48, 0x8d, 0x05, 0x59, 0x34, 0x00, 0x00, 0x48, 0x89, 0x45, 0xf8, 0xeb, 0x26, 0x48, 0x8d, 0x05, 
0x74, 0x34, 0x00, 0x00, 0x48, 0x89, 0x45, 0xf8, 0xeb, 0x19, 0x48, 0x8d, 0x05, 0x8f, 0x34, 0x00, 
0x00, 0x48, 0x89, 0x45, 0xf8, 0xeb, 0x0c, 0x48, 0x8d, 0x05, 0xb8, 0x34, 0x00, 0x00, 0x48, 0x89, 
0x45, 0xf8, 0x90, 0x48, 0x8b, 0x45, 0x50, 0xf2, 0x44, 0x0f, 0x10, 0x40, 0x20, 0x48, 0x8b, 0x45, 
0x50, 0xf2, 0x0f, 0x10, 0x78, 0x18, 0x48, 0x8b, 0x45, 0x50, 0xf2, 0x0f, 0x10, 0x70, 0x10, 0x48, 
0x8b, 0x45, 0x50, 0x48, 0x8b, 0x58, 0x08, 0xb9, 0x02, 0x00, 0x00, 0x00, 0xe8, 0xff, 0x17, 0x00, 
0x00, 0x48, 0x89, 0xc1, 0x48, 0x8b, 0x55, 0xf8, 0x48, 0x8d, 0x05, 0x89, 0x34, 0x00, 0x00, 0xf2, 
0x44, 0x0f, 0x11, 0x44, 0x24, 0x30, 0xf2, 0x0f, 0x11, 0x7c, 0x24, 0x28, 0xf2, 0x0f, 0x11, 0x74, 
0x24, 0x20, 0x49, 0x89, 0xd9, 0x49, 0x89, 0xd0, 0x48, 0x89, 0xc2, 0xe8, 0x70, 0x16, 0x00, 0x00, 
0xb8, 0x00, 0x00, 0x00, 0x00, 0x0f, 0x28, 0x75, 0x00, 0x0f, 0x28, 0x7d, 0x10, 0x44, 0x0f, 0x28, 
0x45, 0x20, 0x48, 0x81, 0xc4, 0x88, 0x00, 0x00, 0x00, 0x5b, 0x5d, 0xc3, 0x90, 0x90, 0x90, 0x90, 
0x55, 0x48, 0x89, 0xe5, 0xb8, 0x00, 0x00, 0x00, 0x00, 0x5d, 0xc3, 0x90, 0x90, 0x90, 0x90, 0x90, 
0x55, 0x53, 0x48, 0x83, 0xec, 0x38, 0x48, 0x8d, 0x6c, 0x24, 0x30, 0x48, 0x89, 0x4d, 0x20, 0x48, 
0x89, 0x55, 0x28, 0x4c, 0x89, 0x45, 0x30, 0x4c, 0x89, 0x4d, 0x38, 0x48, 0x8d, 0x45, 0x28, 0x48, 
0x89, 0x45, 0xf8, 0xb9, 0x02, 0x00, 0x00, 0x00, 0xe8, 0x73, 0x17, 0x00, 0x00, 0x48, 0x89, 0xc1, 
0x48, 0x8d, 0x05, 0x39, 0x34, 0x00, 0x00, 0x48, 0x89, 0xc2, 0xe8, 0x01, 0x16, 0x00, 0x00, 0x48, 
0x8b, 0x5d, 0xf8, 0xb9, 0x02, 0x00, 0x00, 0x00, 0xe8, 0x53, 0x17, 0x00, 0x00, 0x48, 0x89, 0xc1, 
0x48, 0x8b, 0x45, 0x20, 0x49, 0x89, 0xd8, 0x48, 0x89, 0xc2, 0xe8, 0x91, 0x15, 0x00, 0x00, 0xe8, 
0xd4, 0x17, 0x00, 0x00, 0x90, 0x55, 0x48, 0x89, 0xe5, 0x48, 0x83, 0xec, 0x60, 0x48, 0x89, 0x4d, 
0x10, 0xc7, 0x45, 0xfc, 0x00, 0x00, 0x00, 0x00, 0xe9, 0x82, 0x00, 0x00, 0x00, 0x48, 0x8b, 0x0d, 
0x9c, 0x72, 0x00, 0x00, 0x8b, 0x45, 0xfc, 0x48, 0x63, 0xd0, 0x48, 0x89, 0xd0, 0x48, 0xc1, 0xe0, 
0x02, 0x48, 0x01, 0xd0, 0x48, 0xc1, 0xe0, 0x03, 0x48, 0x01, 0xc8, 0x48, 0x8b, 0x40, 0x18, 0x48, 
0x39, 0x45, 0x10, 0x72, 0x56, 0x48, 0x8b, 0x0d, 0x74, 0x72, 0x00, 0x00, 0x8b, 0x45, 0xfc, 0x48, 
0x63, 0xd0, 0x48, 0x89, 0xd0, 0x48, 0xc1, 0xe0, 0x02, 0x48, 0x01, 0xd0, 0x48, 0xc1, 0xe0, 0x03, 
0x48, 0x01, 0xc8, 0x48, 0x8b, 0x48, 0x18, 0x4c, 0x8b, 0x05, 0x52, 0x72, 0x00, 0x00, 0x8b, 0x45, 
0xfc, 0x48, 0x63, 0xd0, 0x48, 0x89, 0xd0, 0x48, 0xc1, 0xe0, 0x02, 0x48, 0x01, 0xd0, 0x48, 0xc1, 
0xe0, 0x03, 0x4c, 0x01, 0xc0, 0x48, 0x8b, 0x40, 0x20, 0x8b, 0x40, 0x08, 0x89, 0xc0, 0x48, 0x01, 
0xc8, 0x48, 0x39, 0x45, 0x10, 0x0f, 0x82, 0x41, 0x02, 0x00, 0x00, 0x83, 0x45, 0xfc, 0x01, 0x8b, 
0x05, 0x23, 0x72, 0x00, 0x00, 0x39, 0x45, 0xfc, 0x0f, 0x8c, 0x6f, 0xff, 0xff, 0xff, 0x48, 0x8b, 
0x45, 0x10, 0x48, 0x89, 0xc1, 0xe8, 0xc1, 0x11, 0x00, 0x00, 0x48, 0x89, 0x45, 0xf0, 0x48, 0x83, 
0x7d, 0xf0, 0x00, 0x75, 0x13, 0x48, 0x8b, 0x45, 0x10, 0x48, 0x8d, 0x0d, 0x60, 0x33, 0x00, 0x00, 
0x48, 0x89, 0xc2, 0xe8, 0xc8, 0xfe, 0xff, 0xff, 0x48, 0x8b, 0x0d, 0xe1, 0x71, 0x00, 0x00, 0x8b, 
0x45, 0xfc, 0x48, 0x63, 0xd0, 0x48, 0x89, 0xd0, 0x48, 0xc1, 0xe0, 0x02, 0x48, 0x01, 0xd0, 0x48, 
0xc1, 0xe0, 0x03, 0x48, 0x8d, 0x14, 0x01, 0x48, 0x8b, 0x45, 0xf0, 0x48, 0x89, 0x42, 0x20, 0x48, 
0x8b, 0x0d, 0xba, 0x71, 0x00, 0x00, 0x8b, 0x45, 0xfc, 0x48, 0x63, 0xd0, 0x48, 0x89, 0xd0, 0x48, 
0xc1, 0xe0, 0x02, 0x48, 0x01, 0xd0, 0x48, 0xc1, 0xe0, 0x03, 0x48, 0x01, 0xc8, 0xc7, 0x00, 0x00, 
0x00, 0x00, 0x00, 0xe8, 0x9f, 0x12, 0x00, 0x00, 0x48, 0x89, 0xc1, 0x48, 0x8b, 0x45, 0xf0, 0x8b, 
0x40, 0x0c, 0x41, 0x89, 0xc1, 0x4c, 0x8b, 0x05, 0x84, 0x71, 0x00, 0x00, 0x8b, 0x45, 0xfc, 0x48, 
0x63, 0xd0, 0x48, 0x89, 0xd0, 0x48, 0xc1, 0xe0, 0x02, 0x48, 0x01, 0xd0, 0x48, 0xc1, 0xe0, 0x03, 
0x4c, 0x01, 0xc0, 0x4a, 0x8d, 0x14, 0x09, 0x48, 0x89, 0x50, 0x18, 0x48, 0x8b, 0x0d, 0x5e, 0x71, 
0x00, 0x00, 0x8b, 0x45, 0xfc, 0x48, 0x63, 0xd0, 0x48, 0x89, 0xd0, 0x48, 0xc1, 0xe0, 0x02, 0x48, 
0x01, 0xd0, 0x48, 0xc1, 0xe0, 0x03, 0x48, 0x01, 0xc8, 0x48, 0x8b, 0x40, 0x18, 0x48, 0x8d, 0x55, 
0xc0, 0x41, 0xb8, 0x30, 0x00, 0x00, 0x00, 0x48, 0x89, 0xc1, 0x48, 0x8b, 0x05, 0x9f, 0x83, 0x00, 
0x00, 0xff, 0xd0, 0x48, 0x85, 0xc0, 0x75, 0x3f, 0x48, 0x8b, 0x0d, 0x21, 0x71, 0x00, 0x00, 0x8b, 
0x45, 0xfc, 0x48, 0x63, 0xd0, 0x48, 0x89, 0xd0, 0x48, 0xc1, 0xe0, 0x02, 0x48, 0x01, 0xd0, 0x48, 
0xc1, 0xe0, 0x03, 0x48, 0x01, 0xc8, 0x48, 0x8b, 0x50, 0x18, 0x48, 0x8b, 0x45, 0xf0, 0x8b, 0x40, 
0x08, 0x89, 0xc1, 0x48, 0x8d, 0x05, 0x86, 0x32, 0x00, 0x00, 0x49, 0x89, 0xd0, 0x89, 0xca, 0x48, 
0x89, 0xc1, 0xe8, 0xc9, 0xfd, 0xff, 0xff, 0x8b, 0x45, 0xe4, 0x83, 0xf8, 0x40, 0x0f, 0x84, 0xe8, 
0x00, 0x00, 0x00, 0x8b, 0x45, 0xe4, 0x83, 0xf8, 0x04, 0x0f, 0x84, 0xdc, 0x00, 0x00, 0x00, 0x8b, 
0x45, 0xe4, 0x3d, 0x80, 0x00, 0x00, 0x00, 0x0f, 0x84, 0xce, 0x00, 0x00, 0x00, 0x8b, 0x45, 0xe4, 
0x83, 0xf8, 0x08, 0x0f, 0x84, 0xc2, 0x00, 0x00, 0x00, 0x8b, 0x45, 0xe4, 0x83, 0xf8, 0x02, 0x75, 
0x09, 0xc7, 0x45, 0xf8, 0x04, 0x00, 0x00, 0x00, 0xeb, 0x07, 0xc7, 0x45, 0xf8, 0x40, 0x00, 0x00, 
0x00, 0x48, 0x8b, 0x0d, 0x98, 0x70, 0x00, 0x00, 0x8b, 0x45, 0xfc, 0x48, 0x63, 0xd0, 0x48, 0x89, 
0xd0, 0x48, 0xc1, 0xe0, 0x02, 0x48, 0x01, 0xd0, 0x48, 0xc1, 0xe0, 0x03, 0x48, 0x8d, 0x14, 0x01, 
0x48, 0x8b, 0x45, 0xc0, 0x48, 0x89, 0x42, 0x08, 0x48, 0x8b, 0x0d, 0x71, 0x70, 0x00, 0x00, 0x8b, 
0x45, 0xfc, 0x48, 0x63, 0xd0, 0x48, 0x89, 0xd0, 0x48, 0xc1, 0xe0, 0x02, 0x48, 0x01, 0xd0, 0x48, 
0xc1, 0xe0, 0x03, 0x48, 0x8d, 0x14, 0x01, 0x48, 0x8b, 0x45, 0xd8, 0x48, 0x89, 0x42, 0x10, 0x48, 
0x8b, 0x0d, 0x4a, 0x70, 0x00, 0x00, 0x8b, 0x45, 0xfc, 0x48, 0x63, 0xd0, 0x48, 0x89, 0xd0, 0x48, 
0xc1, 0xe0, 0x02, 0x48, 0x01, 0xd0, 0x48, 0xc1, 0xe0, 0x03, 0x48, 0x01, 0xc8, 0x49, 0x89, 0xc0, 
0x48, 0x8b, 0x55, 0xd8, 0x48, 0x8b, 0x45, 0xc0, 0x8b, 0x4d, 0xf8, 0x4d, 0x89, 0xc1, 0x41, 0x89, 
0xc8, 0x48, 0x89, 0xc1, 0x48, 0x8b, 0x05, 0x7d, 0x82, 0x00, 0x00, 0xff, 0xd0, 0x85, 0xc0, 0x75, 
0x1a, 0x48, 0x8b, 0x05, 0x28, 0x82, 0x00, 0x00, 0xff, 0xd0, 0x89, 0xc2, 0x48, 0x8d, 0x05, 0xc5, 
0x31, 0x00, 0x00, 0x48, 0x89, 0xc1, 0xe8, 0xd5, 0xfc, 0xff, 0xff, 0x8b, 0x05, 0xf7, 0x6f, 0x00, 
0x00, 0x83, 0xc0, 0x01, 0x89, 0x05, 0xee, 0x6f, 0x00, 0x00, 0xeb, 0x01, 0x90, 0x48, 0x83, 0xc4, 
0x60, 0x5d, 0xc3, 0x55, 0x48, 0x89, 0xe5, 0x48, 0x83, 0xec, 0x30, 0xc7, 0x45, 0xfc, 0x00, 0x00, 
0x00, 0x00, 0xe9, 0xad, 0x00, 0x00, 0x00, 0x48, 0x8b, 0x0d, 0xc2, 0x6f, 0x00, 0x00, 0x8b, 0x45, 
0xfc, 0x48, 0x63, 0xd0, 0x48, 0x89, 0xd0, 0x48, 0xc1, 0xe0, 0x02, 0x48, 0x01, 0xd0, 0x48, 0xc1, 
0xe0, 0x03, 0x48, 0x01, 0xc8, 0x8b, 0x00, 0x85, 0xc0, 0x0f, 0x84, 0x80, 0x00, 0x00, 0x00, 0x48, 
0x8b, 0x0d, 0x9a, 0x6f, 0x00, 0x00, 0x8b, 0x45, 0xfc, 0x48, 0x63, 0xd0, 0x48, 0x89, 0xd0, 0x48, 
0xc1, 0xe0, 0x02, 0x48, 0x01, 0xd0, 0x48, 0xc1, 0xe0, 0x03, 0x48, 0x01, 0xc8, 0x44, 0x8b, 0x10, 
0x48, 0x8b, 0x0d, 0x79, 0x6f, 0x00, 0x00, 0x8b, 0x45, 0xfc, 0x48, 0x63, 0xd0, 0x48, 0x89, 0xd0, 
0x48, 0xc1, 0xe0, 0x02, 0x48, 0x01, 0xd0, 0x48, 0xc1, 0xe0, 0x03, 0x48, 0x01, 0xc8, 0x48, 0x8b, 
0x48, 0x10, 0x4c, 0x8b, 0x05, 0x57, 0x6f, 0x00, 0x00, 0x8b, 0x45, 0xfc, 0x48, 0x63, 0xd0, 0x48, 
0x89, 0xd0, 0x48, 0xc1, 0xe0, 0x02, 0x48, 0x01, 0xd0, 0x48, 0xc1, 0xe0, 0x03, 0x4c, 0x01, 0xc0, 
0x48, 0x8b, 0x40, 0x08, 0x48, 0x8d, 0x55, 0xf8, 0x49, 0x89, 0xd1, 0x45, 0x89, 0xd0, 0x48, 0x89, 
0xca, 0x48, 0x89, 0xc1, 0x48, 0x8b, 0x05, 0x8d, 0x81, 0x00, 0x00, 0xff, 0xd0, 0xeb, 0x01, 0x90, 
0x83, 0x45, 0xfc, 0x01, 0x8b, 0x05, 0x1e, 0x6f, 0x00, 0x00, 0x39, 0x45, 0xfc, 0x0f, 0x8c, 0x44, 
0xff, 0xff, 0xff, 0x90, 0x90, 0x48, 0x83, 0xc4, 0x30, 0x5d, 0xc3, 0x55, 0x48, 0x89, 0xe5, 0x48, 
0x83, 0xec, 0x20, 0x48, 0x89, 0x4d, 0x10, 0x48, 0x89, 0x55, 0x18, 0x4c, 0x89, 0x45, 0x20, 0x48, 
0x83, 0x7d, 0x20, 0x00, 0x74, 0x25, 0x48, 0x8b, 0x45, 0x10, 0x48, 0x89, 0xc1, 0xe8, 0x23, 0xfc, 
0xff, 0xff, 0x48, 0x8b, 0x4d, 0x20, 0x48, 0x8b, 0x55, 0x18, 0x48, 0x8b, 0x45, 0x10, 0x49, 0x89, 
0xc8, 0x48, 0x89, 0xc1, 0xe8, 0xff, 0x13, 0x00, 0x00, 0xeb, 0x01, 0x90, 0x48, 0x83, 0xc4, 0x20, 
0x5d, 0xc3, 0x55, 0x48, 0x89, 0xe5, 0x48, 0x83, 0xc4, 0x80, 0x48, 0x89, 0x4d, 0x10, 0x48, 0x89, 
0x55, 0x18, 0x4c, 0x89, 0x45, 0x20, 0x48, 0x8b, 0x45, 0x18, 0x48, 0x2b, 0x45, 0x10, 0x48, 0x89, 
0x45, 0xe0, 0x48, 0x8b, 0x45, 0x10, 0x48, 0x89, 0x45, 0xf8, 0x48, 0x83, 0x7d, 0xe0, 0x07, 0x0f, 
0x8e, 0x44, 0x03, 0x00, 0x00, 0x48, 0x83, 0x7d, 0xe0, 0x0b, 0x7e, 0x25, 0x48, 0x8b, 0x45, 0xf8, 
0x8b, 0x00, 0x85, 0xc0, 0x75, 0x1b, 0x48, 0x8b, 0x45, 0xf8, 0x8b, 0x40, 0x04, 0x85, 0xc0, 0x75, 
0x10, 0x48, 0x8b, 0x45, 0xf8, 0x8b, 0x40, 0x08, 0x85, 0xc0, 0x75, 0x05, 0x48, 0x83, 0x45, 0xf8, 
0x0c, 0x48, 0x8b, 0x45, 0xf8, 0x8b, 0x00, 0x85, 0xc0, 0x75, 0x0b, 0x48, 0x8b, 0x45, 0xf8, 0x8b, 
0x40, 0x04, 0x85, 0xc0, 0x74, 0x59, 0x48, 0x8b, 0x45, 0xf8, 0x48, 0x89, 0x45, 0xe8, 0xeb, 0x40, 
0x48, 0x8b, 0x45, 0xe8, 0x8b, 0x40, 0x04, 0x89, 0xc2, 0x48, 0x8b, 0x45, 0x20, 0x48, 0x01, 0xd0, 
0x48, 0x89, 0x45, 0xe0, 0x48, 0x8b, 0x45, 0xe0, 0x8b, 0x10, 0x48, 0x8b, 0x45, 0xe8, 0x8b, 0x00, 
0x01, 0xd0, 0x89, 0x45, 0xb4, 0x48, 0x8b, 0x45, 0xe0, 0x48, 0x8d, 0x55, 0xb4, 0x41, 0xb8, 0x04, 
0x00, 0x00, 0x00, 0x48, 0x89, 0xc1, 0xe8, 0x00, 0xff, 0xff, 0xff, 0x48, 0x83, 0x45, 0xe8, 0x08, 
0x48, 0x8b, 0x45, 0xe8, 0x48, 0x3b, 0x45, 0x18, 0x72, 0xb6, 0xe9, 0xab, 0x02, 0x00, 0x00, 0x48, 
0x8b, 0x45, 0xf8, 0x8b, 0x40, 0x08, 0x83, 0xf8, 0x01, 0x74, 0x18, 0x48, 0x8b, 0x45, 0xf8, 0x8b, 
0x40, 0x08, 0x89, 0xc2, 0x48, 0x8d, 0x05, 0xc5, 0x2f, 0x00, 0x00, 0x48, 0x89, 0xc1, 0xe8, 0xad, 
0xfa, 0xff, 0xff, 0x48, 0x8b, 0x45, 0xf8, 0x48, 0x83, 0xc0, 0x0c, 0x48, 0x89, 0x45, 0xf0, 0xe9, 
0x65, 0x02, 0x00, 0x00, 0x48, 0x8b, 0x45, 0xf0, 0x8b, 0x40, 0x04, 0x89, 0xc2, 0x48, 0x8b, 0x45, 
0x20, 0x48, 0x01, 0xd0, 0x48, 0x89, 0x45, 0xe0, 0x48, 0x8b, 0x45, 0xf0, 0x8b, 0x00, 0x89, 0xc2, 
0x48, 0x8b, 0x45, 0x20, 0x48, 0x01, 0xd0, 0x48, 0x89, 0x45, 0xd8, 0x48, 0x8b, 0x45, 0xd8, 0x48, 
0x8b, 0x00, 0x48, 0x89, 0x45, 0xd8, 0x48, 0x8b, 0x45, 0xf0, 0x8b, 0x40, 0x08, 0x0f, 0xb6, 0xc0, 
0x83, 0xf8, 0x40, 0x0f, 0x84, 0xb6, 0x00, 0x00, 0x00, 0x83, 0xf8, 0x40, 0x0f, 0x87, 0xba, 0x00, 
0x00, 0x00, 0x83, 0xf8, 0x20, 0x74, 0x77, 0x83, 0xf8, 0x20, 0x0f, 0x87, 0xac, 0x00, 0x00, 0x00, 
0x83, 0xf8, 0x08, 0x74, 0x0a, 0x83, 0xf8, 0x10, 0x74, 0x38, 0xe9, 0x9d, 0x00, 0x00, 0x00, 0x48, 
0x8b, 0x45, 0xe0, 0x0f, 0xb6, 0x00, 0x0f, 0xb6, 0xc0, 0x48, 0x89, 0x45, 0xb8, 0x48, 0x8b, 0x45, 
0xb8, 0x25, 0x80, 0x00, 0x00, 0x00, 0x48, 0x85, 0xc0, 0x0f, 0x84, 0x9d, 0x00, 0x00, 0x00, 0x48, 
0x8b, 0x45, 0xb8, 0x48, 0x0d, 0x00, 0xff, 0xff, 0xff, 0x48, 0x89, 0x45, 0xb8, 0xe9, 0x8a, 0x00, 
0x00, 0x00, 0x48, 0x8b, 0x45, 0xe0, 0x0f, 0xb7, 0x00, 0x0f, 0xb7, 0xc0, 0x48, 0x89, 0x45, 0xb8, 
0x48, 0x8b, 0x45, 0xb8, 0x25, 0x00, 0x80, 0x00, 0x00, 0x48, 0x85, 0xc0, 0x74, 0x71, 0x48, 0x8b, 
0x45, 0xb8, 0x48, 0x0d, 0x00, 0x00, 0xff, 0xff, 0x48, 0x89, 0x45, 0xb8, 0xeb, 0x61, 0x48, 0x8b, 
0x45, 0xe0, 0x8b, 0x00, 0x89, 0xc0, 0x48, 0x89, 0x45, 0xb8, 0x48, 0x8b, 0x45, 0xb8, 0x25, 0x00, 
0x00, 0x00, 0x80, 0x48, 0x85, 0xc0, 0x74, 0x4a, 0x48, 0x8b, 0x45, 0xb8, 0x48, 0xba, 0x00, 0x00, 
0x00, 0x00, 0xff, 0xff, 0xff, 0xff, 0x48, 0x09, 0xd0, 0x48, 0x89, 0x45, 0xb8, 0xeb, 0x33, 0x48, 
0x8b, 0x45, 0xe0, 0x48, 0x8b, 0x00, 0x48, 0x89, 0x45, 0xb8, 0xeb, 0x27, 0x48, 0xc7, 0x45, 0xb8, 
0x00, 0x00, 0x00, 0x00, 0x48, 0x8b, 0x45, 0xf0, 0x8b, 0x40, 0x08, 0x0f, 0xb6, 0xc0, 0x48, 0x8d, 
0x0d, 0xc3, 0x2e, 0x00, 0x00, 0x89, 0xc2, 0xe8, 0x74, 0xf9, 0xff, 0xff, 0x90, 0xeb, 0x04, 0x90, 
0xeb, 0x01, 0x90, 0x48, 0x8b, 0x4d, 0xb8, 0x48, 0x8b, 0x45, 0xf0, 0x8b, 0x00, 0x89, 0xc2, 0x48, 
0x8b, 0x45, 0x20, 0x48, 0x01, 0xc2, 0x48, 0x89, 0xc8, 0x48, 0x29, 0xd0, 0x48, 0x89, 0x45, 0xb8, 
0x48, 0x8b, 0x55, 0xb8, 0x48, 0x8b, 0x45, 0xd8, 0x48, 0x01, 0xd0, 0x48, 0x89, 0x45, 0xb8, 0x48, 
0x8b, 0x45, 0xf0, 0x8b, 0x40, 0x08, 0x25, 0xff, 0x00, 0x00, 0x00, 0x89, 0x45, 0xd4, 0x83, 0x7d, 
0xd4, 0x3f, 0x77, 0x67, 0x8b, 0x45, 0xd4, 0xba, 0x01, 0x00, 0x00, 0x00, 0x89, 0xc1, 0x48, 0xd3, 
0xe2, 0x48, 0x89, 0xd0, 0x48, 0x83, 0xe8, 0x01, 0x48, 0x89, 0x45, 0xc8, 0x8b, 0x45, 0xd4, 0x83, 
0xe8, 0x01, 0x48, 0xc7, 0xc2, 0xff, 0xff, 0xff, 0xff, 0x89, 0xc1, 0x48, 0xd3, 0xe2, 0x48, 0x89, 
0xd0, 0x48, 0x89, 0x45, 0xc0, 0x48, 0x8b, 0x45, 0xb8, 0x48, 0x39, 0x45, 0xc8, 0x7c, 0x0a, 0x48, 
0x8b, 0x45, 0xb8, 0x48, 0x39, 0x45, 0xc0, 0x7e, 0x22, 0x48, 0x8b, 0x55, 0xb8, 0x4c, 0x8b, 0x4d, 
0xd8, 0x4c, 0x8b, 0x45, 0xe0, 0x8b, 0x45, 0xd4, 0x48, 0x8d, 0x0d, 0x49, 0x2e, 0x00, 0x00, 0x48, 
0x89, 0x54, 0x24, 0x20, 0x89, 0xc2, 0xe8, 0xc5, 0xf8, 0xff, 0xff, 0x48, 0x8b, 0x45, 0xf0, 0x8b, 
0x40, 0x08, 0x0f, 0xb6, 0xc0, 0x83, 0xf8, 0x40, 0x74, 0x63, 0x83, 0xf8, 0x40, 0x77, 0x75, 0x83, 
0xf8, 0x20, 0x74, 0x41, 0x83, 0xf8, 0x20, 0x77, 0x6b, 0x83, 0xf8, 0x08, 0x74, 0x07, 0x83, 0xf8, 
0x10, 0x74, 0x1a, 0xeb, 0x5f, 0x48, 0x8b, 0x45, 0xe0, 0x48, 0x8d, 0x55, 0xb8, 0x41, 0xb8, 0x01, 
0x00, 0x00, 0x00, 0x48, 0x89, 0xc1, 0xe8, 0xa0, 0xfc, 0xff, 0xff, 0xeb, 0x47, 0x48, 0x8b, 0x45, 
0xe0, 0x48, 0x8d, 0x55, 0xb8, 0x41, 0xb8, 0x02, 0x00, 0x00, 0x00, 0x48, 0x89, 0xc1, 0xe8, 0x88, 
0xfc, 0xff, 0xff, 0xeb, 0x2f, 0x48, 0x8b, 0x45, 0xe0, 0x48, 0x8d, 0x55, 0xb8, 0x41, 0xb8, 0x04, 
0x00, 0x00, 0x00, 0x48, 0x89, 0xc1, 0xe8, 0x70, 0xfc, 0xff, 0xff, 0xeb, 0x17, 0x48, 0x8b, 0x45, 
0xe0, 0x48, 0x8d, 0x55, 0xb8, 0x41, 0xb8, 0x08, 0x00, 0x00, 0x00, 0x48, 0x89, 0xc1, 0xe8, 0x58, 
0xfc, 0xff, 0xff, 0x90, 0x48, 0x83, 0x45, 0xf0, 0x0c, 0x48, 0x8b, 0x45, 0xf0, 0x48, 0x3b, 0x45, 
0x18, 0x0f, 0x82, 0x8d, 0xfd, 0xff, 0xff, 0xeb, 0x01, 0x90, 0x48, 0x83, 0xec, 0x80, 0x5d, 0xc3, 
0x55, 0x48, 0x89, 0xe5, 0x48, 0x83, 0xec, 0x30, 0x8b, 0x05, 0x3e, 0x6b, 0x00, 0x00, 0x85, 0xc0, 
0x0f, 0x85, 0x88, 0x00, 0x00, 0x00, 0x8b, 0x05, 0x30, 0x6b, 0x00, 0x00, 0x83, 0xc0, 0x01, 0x89, 
0x05, 0x27, 0x6b, 0x00, 0x00, 0xe8, 0x21, 0x0b, 0x00, 0x00, 0x89, 0x45, 0xfc, 0x8b, 0x45, 0xfc, 
0x48, 0x63, 0xd0, 0x48, 0x89, 0xd0, 0x48, 0xc1, 0xe0, 0x02, 0x48, 0x01, 0xd0, 0x48, 0xc1, 0xe0, 
0x03, 0x48, 0x83, 0xc0, 0x0f, 0x48, 0xc1, 0xe8, 0x04, 0x48, 0xc1, 0xe0, 0x04, 0xe8, 0x7e, 0x0d, 
0x00, 0x00, 0x48, 0x29, 0xc4, 0x48, 0x8d, 0x44, 0x24, 0x20, 0x48, 0x83, 0xc0, 0x0f, 0x48, 0xc1, 
0xe8, 0x04, 0x48, 0xc1, 0xe0, 0x04, 0x48, 0x89, 0x05, 0xd3, 0x6a, 0x00, 0x00, 0xc7, 0x05, 0xd1, 
0x6a, 0x00, 0x00, 0x00, 0x00, 0x00, 0x00, 0x48, 0x8b, 0x0d, 0xc2, 0x2d, 0x00, 0x00, 0x48, 0x8b, 
0x15, 0xcb, 0x2d, 0x00, 0x00, 0x48, 0x8b, 0x05, 0xd4, 0x2d, 0x00, 0x00, 0x49, 0x89, 0xc8, 0x48, 
0x89, 0xc1, 0xe8, 0xeb, 0xfb, 0xff, 0xff, 0xe8, 0xc7, 0xfa, 0xff, 0xff, 0xeb, 0x01, 0x90, 0x48, 
0x89, 0xec, 0x5d, 0xc3, 0x90, 0x90, 0x90, 0x90, 0x90, 0x90, 0x90, 0x90, 0x90, 0x90, 0x90, 0x90, 
0x55, 0x48, 0x89, 0xe5, 0x48, 0x83, 0xec, 0x50, 0x89, 0x4d, 0x10, 0x48, 0x89, 0x55, 0x18, 0xf2, 
0x0f, 0x11, 0x55, 0x20, 0xf2, 0x0f, 0x11, 0x5d, 0x28, 0x48, 0x8b, 0x05, 0x80, 0x6a, 0x00, 0x00, 
0x48, 0x85, 0xc0, 0x74, 0x3e, 0x8b, 0x45, 0x10, 0x89, 0x45, 0xd0, 0x48, 0x8b, 0x45, 0x18, 0x48, 
0x89, 0x45, 0xd8, 0xf2, 0x0f, 0x10, 0x45, 0x20, 0xf2, 0x0f, 0x11, 0x45, 0xe0, 0xf2, 0x0f, 0x10, 
0x45, 0x28, 0xf2, 0x0f, 0x11, 0x45, 0xe8, 0xf2, 0x0f, 0x10, 0x45, 0x30, 0xf2, 0x0f, 0x11, 0x45, 
0xf0, 0x48, 0x8b, 0x15, 0x48, 0x6a, 0x00, 0x00, 0x48, 0x8d, 0x45, 0xd0, 0x48, 0x89, 0xc1, 0xff, 
0xd2, 0xeb, 0x01, 0x90, 0x48, 0x83, 0xc4, 0x50, 0x5d, 0xc3, 0x55, 0x48, 0x89, 0xe5, 0x48, 0x83, 
0xec, 0x20, 0x48, 0x89, 0x4d, 0x10, 0x48, 0x8b, 0x45, 0x10, 0x48, 0x89, 0x05, 0x1f, 0x6a, 0x00, 
0x00, 0x48, 0x8b, 0x45, 0x10, 0x48, 0x89, 0xc1, 0xe8, 0x43, 0x0f, 0x00, 0x00, 0x90, 0x48, 0x83, 
0xc4, 0x20, 0x5d, 0xc3, 0x90, 0x90, 0x90, 0x90, 0x90, 0x90, 0x90, 0x90, 0x90, 0x90, 0x90, 0x90, 
0x55, 0x48, 0x89, 0xe5, 0x48, 0x83, 0xec, 0x30, 0x48, 0x89, 0x4d, 0x10, 0x48, 0x89, 0x55, 0x18, 
0x4c, 0x89, 0x45, 0x20, 0x4c, 0x89, 0x4d, 0x28, 0xc7, 0x45, 0xfc, 0x01, 0x00, 0x00, 0x00, 0xc7, 
0x45, 0xf8, 0x00, 0x00, 0x00, 0x00, 0x48, 0x8b, 0x45, 0x10, 0x8b, 0x40, 0x04, 0x83, 0xe0, 0x02, 
0x85, 0xc0, 0x74, 0x0a, 0xb8, 0x01, 0x00, 0x00, 0x00, 0xe9, 0x16, 0x02, 0x00, 0x00, 0x48, 0x8b, 
0x45, 0x10, 0x8b, 0x00, 0x25, 0xff, 0xff, 0xff, 0x20, 0x3d, 0x43, 0x43, 0x47, 0x20, 0x75, 0x18, 
0x48, 0x8b, 0x45, 0x10, 0x8b, 0x40, 0x04, 0x83, 0xe0, 0x01, 0x85, 0xc0, 0x75, 0x0a, 0xb8, 0x00, 
0x00, 0x00, 0x00, 0xe9, 0xec, 0x01, 0x00, 0x00, 0x48, 0x8b, 0x45, 0x10, 0x8b, 0x00, 0x3d, 0x96, 
0x00, 0x00, 0xc0, 0x0f, 0x84, 0x12, 0x01, 0x00, 0x00, 0x3d, 0x96, 0x00, 0x00, 0xc0, 0x0f, 0x87, 
0xc3, 0x01, 0x00, 0x00, 0x3d, 0x95, 0x00, 0x00, 0xc0, 0x0f, 0x87, 0xb8, 0x01, 0x00, 0x00, 0x3d, 
0x94, 0x00, 0x00, 0xc0, 0x0f, 0x83, 0x4c, 0x01, 0x00, 0x00, 0x3d, 0x93, 0x00, 0x00, 0xc0, 0x0f, 
0x84, 0x3a, 0x01, 0x00, 0x00, 0x3d, 0x93, 0x00, 0x00, 0xc0, 0x0f, 0x87, 0x97, 0x01, 0x00, 0x00, 
0x3d, 0x92, 0x00, 0x00, 0xc0, 0x0f, 0x84, 0x83, 0x01, 0x00, 0x00, 0x3d, 0x92, 0x00, 0x00, 0xc0, 
0x0f, 0x87, 0x81, 0x01, 0x00, 0x00, 0x3d, 0x91, 0x00, 0x00, 0xc0, 0x0f, 0x87, 0x76, 0x01, 0x00, 
0x00, 0x3d, 0x8d, 0x00, 0x00, 0xc0, 0x0f, 0x83, 0x03, 0x01, 0x00, 0x00, 0x3d, 0x8c, 0x00, 0x00, 
0xc0, 0x0f, 0x84, 0x57, 0x01, 0x00, 0x00, 0x3d, 0x8c, 0x00, 0x00, 0xc0, 0x0f, 0x87, 0x55, 0x01, 
0x00, 0x00, 0x3d, 0x1d, 0x00, 0x00, 0xc0, 0x0f, 0x84, 0x8e, 0x00, 0x00, 0x00, 0x3d, 0x1d, 0x00, 
0x00, 0xc0, 0x0f, 0x87, 0x3f, 0x01, 0x00, 0x00, 0x3d, 0x08, 0x00, 0x00, 0xc0, 0x0f, 0x84, 0x2b, 
0x01, 0x00, 0x00, 0x3d, 0x08, 0x00, 0x00, 0xc0, 0x0f, 0x87, 0x29, 0x01, 0x00, 0x00, 0x3d, 0x02, 
0x00, 0x00, 0x80, 0x0f, 0x84, 0x15, 0x01, 0x00, 0x00, 0x3d, 0x05, 0x00, 0x00, 0xc0, 0x0f, 0x85, 
0x13, 0x01, 0x00, 0x00, 0xba, 0x00, 0x00, 0x00, 0x00, 0xb9, 0x0b, 0x00, 0x00, 0x00, 0xe8, 0xd5, 
0x0d, 0x00, 0x00, 0x48, 0x89, 0x45, 0xf0, 0x48, 0x83, 0x7d, 0xf0, 0x01, 0x75, 0x1b, 0xba, 0x01, 
0x00, 0x00, 0x00, 0xb9, 0x0b, 0x00, 0x00, 0x00, 0xe8, 0xbb, 0x0d, 0x00, 0x00, 0xc7, 0x45, 0xfc, 
0x00, 0x00, 0x00, 0x00, 0xe9, 0xe1, 0x00, 0x00, 0x00, 0x48, 0x83, 0x7d, 0xf0, 0x00, 0x0f, 0x84, 
0xd6, 0x00, 0x00, 0x00, 0x48, 0x8b, 0x45, 0xf0, 0xb9, 0x0b, 0x00, 0x00, 0x00, 0xff, 0xd0, 0xc7, 
0x45, 0xfc, 0x00, 0x00, 0x00, 0x00, 0xe9, 0xbf, 0x00, 0x00, 0x00, 0xba, 0x00, 0x00, 0x00, 0x00, 
0xb9, 0x04, 0x00, 0x00, 0x00, 0xe8, 0x7e, 0x0d, 0x00, 0x00, 0x48, 0x89, 0x45, 0xf0, 0x48, 0x83, 
0x7d, 0xf0, 0x01, 0x75, 0x1b, 0xba, 0x01, 0x00, 0x00, 0x00, 0xb9, 0x04, 0x00, 0x00, 0x00, 0xe8, 
0x64, 0x0d, 0x00, 0x00, 0xc7, 0x45, 0xfc, 0x00, 0x00, 0x00, 0x00, 0xe9, 0x8d, 0x00, 0x00, 0x00, 
0x48, 0x83, 0x7d, 0xf0, 0x00, 0x0f, 0x84, 0x82, 0x00, 0x00, 0x00, 0x48, 0x8b, 0x45, 0xf0, 0xb9, 
0x04, 0x00, 0x00, 0x00, 0xff, 0xd0, 0xc7, 0x45, 0xfc, 0x00, 0x00, 0x00, 0x00, 0xeb, 0x6e, 0xc7, 
0x45, 0xf8, 0x01, 0x00, 0x00, 0x00, 0xba, 0x00, 0x00, 0x00, 0x00, 0xb9, 0x08, 0x00, 0x00, 0x00, 
0xe8, 0x23, 0x0d, 0x00, 0x00, 0x48, 0x89, 0x45, 0xf0, 0x48, 0x83, 0x7d, 0xf0, 0x01, 0x75, 0x23, 
0xba, 0x01, 0x00, 0x00, 0x00, 0xb9, 0x08, 0x00, 0x00, 0x00, 0xe8, 0x09, 0x0d, 0x00, 0x00, 0x83, 
0x7d, 0xf8, 0x00, 0x74, 0x05, 0xe8, 0xa6, 0x05, 0x00, 0x00, 0xc7, 0x45, 0xfc, 0x00, 0x00, 0x00, 
0x00, 0xeb, 0x2d, 0x48, 0x83, 0x7d, 0xf0, 0x00, 0x74, 0x26, 0x48, 0x8b, 0x45, 0xf0, 0xb9, 0x08, 
0x00, 0x00, 0x00, 0xff, 0xd0, 0xc7, 0x45, 0xfc, 0x00, 0x00, 0x00, 0x00, 0xeb, 0x12, 0xc7, 0x45, 
0xfc, 0x00, 0x00, 0x00, 0x00, 0xeb, 0x0a, 0x90, 0xeb, 0x07, 0x90, 0xeb, 0x04, 0x90, 0xeb, 0x01, 
0x90, 0x8b, 0x45, 0xfc, 0x48, 0x83, 0xc4, 0x30, 0x5d, 0xc3, 0x55, 0x48, 0x89, 0xe5, 0x48, 0x83, 
0xec, 0x30, 0x48, 0x89, 0x4d, 0x10, 0xc7, 0x45, 0xfc, 0x00, 0x00, 0x00, 0x00, 0xc7, 0x45, 0xf8, 
0x00, 0x00, 0x00, 0x00, 0x48, 0x8b, 0x45, 0x10, 0x48, 0x8b, 0x00, 0x8b, 0x00, 0x25, 0xff, 0xff, 
0xff, 0x20, 0x3d, 0x43, 0x43, 0x47, 0x20, 0x75, 0x1b, 0x48, 0x8b, 0x45, 0x10, 0x48, 0x8b, 0x00, 
0x8b, 0x40, 0x04, 0x83, 0xe0, 0x01, 0x85, 0xc0, 0x75, 0x0a, 0xb8, 0xff, 0xff, 0xff, 0xff, 0xe9, 
0x14, 0x02, 0x00, 0x00, 0x48, 0x8b, 0x45, 0x10, 0x48, 0x8b, 0x00, 0x8b, 0x00, 0x3d, 0x96, 0x00, 
0x00, 0xc0, 0x0f, 0x84, 0x12, 0x01, 0x00, 0x00, 0x3d, 0x96, 0x00, 0x00, 0xc0, 0x0f, 0x87, 0xc3, 
0x01, 0x00, 0x00, 0x3d, 0x95, 0x00, 0x00, 0xc0, 0x0f, 0x87, 0xb8, 0x01, 0x00, 0x00, 0x3d, 0x94, 
0x00, 0x00, 0xc0, 0x0f, 0x83, 0x4c, 0x01, 0x00, 0x00, 0x3d, 0x93, 0x00, 0x00, 0xc0, 0x0f, 0x84, 
0x3a, 0x01, 0x00, 0x00, 0x3d, 0x93, 0x00, 0x00, 0xc0, 0x0f, 0x87, 0x97, 0x01, 0x00, 0x00, 0x3d, 
0x92, 0x00, 0x00, 0xc0, 0x0f, 0x84, 0x83, 0x01, 0x00, 0x00, 0x3d, 0x92, 0x00, 0x00, 0xc0, 0x0f, 
0x87, 0x81, 0x01, 0x00, 0x00, 0x3d, 0x91, 0x00, 0x00, 0xc0, 0x0f, 0x87, 0x76, 0x01, 0x00, 0x00, 
0x3d, 0x8d, 0x00, 0x00, 0xc0, 0x0f, 0x83, 0x03, 0x01, 0x00, 0x00, 0x3d, 0x8c, 0x00, 0x00, 0xc0, 
0x0f, 0x84, 0x57, 0x01, 0x00, 0x00, 0x3d, 0x8c, 0x00, 0x00, 0xc0, 0x0f, 0x87, 0x55, 0x01, 0x00, 
0x00, 0x3d, 0x1d, 0x00, 0x00, 0xc0, 0x0f, 0x84, 0x8e, 0x00, 0x00, 0x00, 0x3d, 0x1d, 0x00, 0x00, 
0xc0, 0x0f, 0x87, 0x3f, 0x01, 0x00, 0x00, 0x3d, 0x08, 0x00, 0x00, 0xc0, 0x0f, 0x84, 0x2b, 0x01, 
0x00, 0x00, 0x3d, 0x08, 0x00, 0x00, 0xc0, 0x0f, 0x87, 0x29, 0x01, 0x00, 0x00, 0x3d, 0x02, 0x00, 
0x00, 0x80, 0x0f, 0x84, 0x15, 0x01, 0x00, 0x00, 0x3d, 0x05, 0x00, 0x00, 0xc0, 0x0f, 0x85, 0x13, 
0x01, 0x00, 0x00, 0xba, 0x00, 0x00, 0x00, 0x00, 0xb9, 0x0b, 0x00, 0x00, 0x00, 0xe8, 0x96, 0x0b, 
0x00, 0x00, 0x48, 0x89, 0x45, 0xf0, 0x48, 0x83, 0x7d, 0xf0, 0x01, 0x75, 0x1b, 0xba, 0x01, 0x00, 
0x00, 0x00, 0xb9, 0x0b, 0x00, 0x00, 0x00, 0xe8, 0x7c, 0x0b, 0x00, 0x00, 0xc7, 0x45, 0xfc, 0xff, 
0xff, 0xff, 0xff, 0xe9, 0xe1, 0x00, 0x00, 0x00, 0x48, 0x83, 0x7d, 0xf0, 0x00, 0x0f, 0x84, 0xd6, 
0x00, 0x00, 0x00, 0x48, 0x8b, 0x45, 0xf0, 0xb9, 0x0b, 0x00, 0x00, 0x00, 0xff, 0xd0, 0xc7, 0x45, 
0xfc, 0xff, 0xff, 0xff, 0xff, 0xe9, 0xbf, 0x00, 0x00, 0x00, 0xba, 0x00, 0x00, 0x00, 0x00, 0xb9, 
0x04, 0x00, 0x00, 0x00, 0xe8, 0x3f, 0x0b, 0x00, 0x00, 0x48, 0x89, 0x45, 0xf0, 0x48, 0x83, 0x7d, 
0xf0, 0x01, 0x75, 0x1b, 0xba, 0x01, 0x00, 0x00, 0x00, 0xb9, 0x04, 0x00, 0x00, 0x00, 0xe8, 0x25, 
0x0b, 0x00, 0x00, 0xc7, 0x45, 0xfc, 0xff, 0xff, 0xff, 0xff, 0xe9, 0x8d, 0x00, 0x00, 0x00, 0x48, 
0x83, 0x7d, 0xf0, 0x00, 0x0f, 0x84, 0x82, 0x00, 0x00, 0x00, 0x48, 0x8b, 0x45, 0xf0, 0xb9, 0x04, 
0x00, 0x00, 0x00, 0xff, 0xd0, 0xc7, 0x45, 0xfc, 0xff, 0xff, 0xff, 0xff, 0xeb, 0x6e, 0xc7, 0x45, 
0xf8, 0x01, 0x00, 0x00, 0x00, 0xba, 0x00, 0x00, 0x00, 0x00, 0xb9, 0x08, 0x00, 0x00, 0x00, 0xe8, 
0xe4, 0x0a, 0x00, 0x00, 0x48, 0x89, 0x45, 0xf0, 0x48, 0x83, 0x7d, 0xf0, 0x01, 0x75, 0x23, 0xba, 
0x01, 0x00, 0x00, 0x00, 0xb9, 0x08, 0x00, 0x00, 0x00, 0xe8, 0xca, 0x0a, 0x00, 0x00, 0x83, 0x7d, 
0xf8, 0x00, 0x74, 0x05, 0xe8, 0x67, 0x03, 0x00, 0x00, 0xc7, 0x45, 0xfc, 0xff, 0xff, 0xff, 0xff, 
0xeb, 0x2d, 0x48, 0x83, 0x7d, 0xf0, 0x00, 0x74, 0x26, 0x48, 0x8b, 0x45, 0xf0, 0xb9, 0x08, 0x00, 
0x00, 0x00, 0xff, 0xd0, 0xc7, 0x45, 0xfc, 0xff, 0xff, 0xff, 0xff, 0xeb, 0x12, 0xc7, 0x45, 0xfc, 
0xff, 0xff, 0xff, 0xff, 0xeb, 0x0a, 0x90, 0xeb, 0x07, 0x90, 0xeb, 0x04, 0x90, 0xeb, 0x01, 0x90, 
0x83, 0x7d, 0xfc, 0x00, 0x75, 0x1f, 0x48, 0x8b, 0x05, 0x83, 0x65, 0x00, 0x00, 0x48, 0x85, 0xc0, 
0x74, 0x13, 0x48, 0x8b, 0x15, 0x77, 0x65, 0x00, 0x00, 0x48, 0x8b, 0x45, 0x10, 0x48, 0x89, 0xc1, 
0xff, 0xd2, 0x89, 0x45, 0xfc, 0x8b, 0x45, 0xfc, 0x48, 0x83, 0xc4, 0x30, 0x5d, 0xc3, 0x90, 0x90, 
0x55, 0x48, 0x89, 0xe5, 0x48, 0x83, 0xec, 0x30, 0x89, 0x4d, 0x10, 0x48, 0x89, 0x55, 0x18, 0x8b, 
0x05, 0x83, 0x65, 0x00, 0x00, 0x85, 0xc0, 0x75, 0x07, 0xb8, 0x00, 0x00, 0x00, 0x00, 0xeb, 0x7b, 
0xba, 0x18, 0x00, 0x00, 0x00, 0xb9, 0x01, 0x00, 0x00, 0x00, 0xe8, 0x69, 0x0a, 0x00, 0x00, 0x48, 
0x89, 0x45, 0xf8, 0x48, 0x83, 0x7d, 0xf8, 0x00, 0x75, 0x07, 0xb8, 0xff, 0xff, 0xff, 0xff, 0xeb, 
0x5a, 0x48, 0x8b, 0x45, 0xf8, 0x8b, 0x55, 0x10, 0x89, 0x10, 0x48, 0x8b, 0x45, 0xf8, 0x48, 0x8b, 
0x55, 0x18, 0x48, 0x89, 0x50, 0x08, 0x48, 0x8d, 0x05, 0x13, 0x65, 0x00, 0x00, 0x48, 0x89, 0xc1, 
0x48, 0x8b, 0x05, 0xd1, 0x76, 0x00, 0x00, 0xff, 0xd0, 0x48, 0x8b, 0x15, 0x30, 0x65, 0x00, 0x00, 
0x48, 0x8b, 0x45, 0xf8, 0x48, 0x89, 0x50, 0x10, 0x48, 0x8b, 0x45, 0xf8, 0x48, 0x89, 0x05, 0x1d, 
0x65, 0x00, 0x00, 0x48, 0x8d, 0x05, 0xe6, 0x64, 0x00, 0x00, 0x48, 0x89, 0xc1, 0x48, 0x8b, 0x05, 
0xdc, 0x76, 0x00, 0x00, 0xff, 0xd0, 0xb8, 0x00, 0x00, 0x00, 0x00, 0x48, 0x83, 0xc4, 0x30, 0x5d, 
0xc3, 0x55, 0x48, 0x89, 0xe5, 0x48, 0x83, 0xec, 0x30, 0x89, 0x4d, 0x10, 0x8b, 0x05, 0xe6, 0x64, 
0x00, 0x00, 0x85, 0xc0, 0x75, 0x0a, 0xb8, 0x00, 0x00, 0x00, 0x00, 0xe9, 0x9c, 0x00, 0x00, 0x00, 
0x48, 0x8d, 0x05, 0xa9, 0x64, 0x00, 0x00, 0x48, 0x89, 0xc1, 0x48, 0x8b, 0x05, 0x67, 0x76, 0x00, 
0x00, 0xff, 0xd0, 0x48, 0xc7, 0x45, 0xf8, 0x00, 0x00, 0x00, 0x00, 0x48, 0x8b, 0x05, 0xbe, 0x64, 
0x00, 0x00, 0x48, 0x89, 0x45, 0xf0, 0xeb, 0x55, 0x48, 0x8b, 0x45, 0xf0, 0x8b, 0x00, 0x39, 0x45, 
0x10, 0x75, 0x36, 0x48, 0x83, 0x7d, 0xf8, 0x00, 0x75, 0x11, 0x48, 0x8b, 0x45, 0xf0, 0x48, 0x8b, 
0x40, 0x10, 0x48, 0x89, 0x05, 0x97, 0x64, 0x00, 0x00, 0xeb, 0x10, 0x48, 0x8b, 0x45, 0xf0, 0x48, 
0x8b, 0x50, 0x10, 0x48, 0x8b, 0x45, 0xf8, 0x48, 0x89, 0x50, 0x10, 0x48, 0x8b, 0x45, 0xf0, 0x48, 
0x89, 0xc1, 0xe8, 0x79, 0x09, 0x00, 0x00, 0xeb, 0x1b, 0x48, 0x8b, 0x45, 0xf0, 0x48, 0x89, 0x45, 
0xf8, 0x48, 0x8b, 0x45, 0xf0, 0x48, 0x8b, 0x40, 0x10, 0x48, 0x89, 0x45, 0xf0, 0x48, 0x83, 0x7d, 
0xf0, 0x00, 0x75, 0xa4, 0x48, 0x8d, 0x05, 0x25, 0x64, 0x00, 0x00, 0x48, 0x89, 0xc1, 0x48, 0x8b, 
0x05, 0x1b, 0x76, 0x00, 0x00, 0xff, 0xd0, 0xb8, 0x00, 0x00, 0x00, 0x00, 0x48, 0x83, 0xc4, 0x30, 
0x5d, 0xc3, 0x55, 0x48, 0x89, 0xe5, 0x48, 0x83, 0xec, 0x30, 0x8b, 0x05, 0x28, 0x64, 0x00, 0x00, 
0x85, 0xc0, 0x0f, 0x84, 0x82, 0x00, 0x00, 0x00, 0x48, 0x8d, 0x05, 0xf1, 0x63, 0x00, 0x00, 0x48, 
0x89, 0xc1, 0x48, 0x8b, 0x05, 0xaf, 0x75, 0x00, 0x00, 0xff, 0xd0, 0x48, 0x8b, 0x05, 0x0e, 0x64, 
0x00, 0x00, 0x48, 0x89, 0x45, 0xf8, 0xeb, 0x46, 0x48, 0x8b, 0x45, 0xf8, 0x8b, 0x00, 0x89, 0xc1, 
0x48, 0x8b, 0x05, 0xe9, 0x75, 0x00, 0x00, 0xff, 0xd0, 0x48, 0x89, 0x45, 0xf0, 0x48, 0x8b, 0x05, 
0x9c, 0x75, 0x00, 0x00, 0xff, 0xd0, 0x85, 0xc0, 0x75, 0x18, 0x48, 0x83, 0x7d, 0xf0, 0x00, 0x74, 
0x11, 0x48, 0x8b, 0x45, 0xf8, 0x48, 0x8b, 0x50, 0x08, 0x48, 0x8b, 0x45, 0xf0, 0x48, 0x89, 0xc1, 
0xff, 0xd2, 0x48, 0x8b, 0x45, 0xf8, 0x48, 0x8b, 0x40, 0x10, 0x48, 0x89, 0x45, 0xf8, 0x48, 0x83, 
0x7d, 0xf8, 0x00, 0x75, 0xb3, 0x48, 0x8d, 0x05, 0x84, 0x63, 0x00, 0x00, 0x48, 0x89, 0xc1, 0x48, 
0x8b, 0x05, 0x7a, 0x75, 0x00, 0x00, 0xff, 0xd0, 0xeb, 0x01, 0x90, 0x48, 0x83, 0xc4, 0x30, 0x5d, 
0xc3, 0x55, 0x48, 0x89, 0xe5, 0x48, 0x83, 0xec, 0x30, 0x48, 0x89, 0x4d, 0x10, 0x89, 0x55, 0x18, 
0x4c, 0x89, 0x45, 0x20, 0x83, 0x7d, 0x18, 0x03, 0x0f, 0x84, 0xcc, 0x00, 0x00, 0x00, 0x83, 0x7d, 
0x18, 0x03, 0x0f, 0x87, 0xca, 0x00, 0x00, 0x00, 0x83, 0x7d, 0x18, 0x02, 0x0f, 0x84, 0xb1, 0x00, 
0x00, 0x00, 0x83, 0x7d, 0x18, 0x02, 0x0f, 0x87, 0xb6, 0x00, 0x00, 0x00, 0x83, 0x7d, 0x18, 0x00, 
0x74, 0x33, 0x83, 0x7d, 0x18, 0x01, 0x0f, 0x85, 0xa6, 0x00, 0x00, 0x00, 0x8b, 0x05, 0x46, 0x63, 
0x00, 0x00, 0x85, 0xc0, 0x75, 0x13, 0x48, 0x8d, 0x05, 0x13, 0x63, 0x00, 0x00, 0x48, 0x89, 0xc1, 
0x48, 0x8b, 0x05, 0x01, 0x75, 0x00, 0x00, 0xff, 0xd0, 0xc7, 0x05, 0x25, 0x63, 0x00, 0x00, 0x01, 
0x00, 0x00, 0x00, 0xeb, 0x7d, 0xe8, 0xe8, 0xfe, 0xff, 0xff, 0x8b, 0x05, 0x18, 0x63, 0x00, 0x00, 
0x83, 0xf8, 0x01, 0x75, 0x6c, 0x48, 0x8b, 0x05, 0x14, 0x63, 0x00, 0x00, 0x48, 0x89, 0x45, 0xf8, 
0xeb, 0x20, 0x48, 0x8b, 0x45, 0xf8, 0x48, 0x8b, 0x40, 0x10, 0x48, 0x89, 0x45, 0xf0, 0x48, 0x8b, 
0x45, 0xf8, 0x48, 0x89, 0xc1, 0xe8, 0xf6, 0x07, 0x00, 0x00, 0x48, 0x8b, 0x45, 0xf0, 0x48, 0x89, 
0x45, 0xf8, 0x48, 0x83, 0x7d, 0xf8, 0x00, 0x75, 0xd9, 0x48, 0xc7, 0x05, 0xdc, 0x62, 0x00, 0x00, 
0x00, 0x00, 0x00, 0x00, 0xc7, 0x05, 0xca, 0x62, 0x00, 0x00, 0x00, 0x00, 0x00, 0x00, 0x48, 0x8d, 
0x05, 0x9b, 0x62, 0x00, 0x00, 0x48, 0x89, 0xc1, 0x48, 0x8b, 0x05, 0x51, 0x74, 0x00, 0x00, 0xff, 
0xd0, 0xeb, 0x0e, 0xe8, 0x18, 0x00, 0x00, 0x00, 0xeb, 0x08, 0xe8, 0x73, 0xfe, 0xff, 0xff, 0xeb, 
0x01, 0x90, 0xb8, 0x01, 0x00, 0x00, 0x00, 0x48, 0x83, 0xc4, 0x30, 0x5d, 0xc3, 0x90, 0x90, 0x90, 
0x55, 0x48, 0x89, 0xe5, 0xdb, 0xe3, 0x90, 0x5d, 0xc3, 0x90, 0x90, 0x90, 0x90, 0x90, 0x90, 0x90, 
0x55, 0x48, 0x89, 0xe5, 0x48, 0x83, 0xec, 0x20, 0x48, 0x89, 0x4d, 0x10, 0x48, 0x8b, 0x45, 0x10, 
0x48, 0x89, 0x45, 0xf8, 0x48, 0x8b, 0x45, 0xf8, 0x0f, 0xb7, 0x00, 0x66, 0x3d, 0x4d, 0x5a, 0x74, 
0x07, 0xb8, 0x00, 0x00, 0x00, 0x00, 0xeb, 0x4e, 0x48, 0x8b, 0x45, 0xf8, 0x8b, 0x40, 0x3c, 0x48, 
0x63, 0xd0, 0x48, 0x8b, 0x45, 0xf8, 0x48, 0x01, 0xd0, 0x48, 0x89, 0x45, 0xf0, 0x48, 0x8b, 0x45, 
0xf0, 0x8b, 0x00, 0x3d, 0x50, 0x45, 0x00, 0x00, 0x74, 0x07, 0xb8, 0x00, 0x00, 0x00, 0x00, 0xeb, 
0x25, 0x48, 0x8b, 0x45, 0xf0, 0x48, 0x83, 0xc0, 0x18, 0x48, 0x89, 0x45, 0xe8, 0x48, 0x8b, 0x45, 
0xe8, 0x0f, 0xb7, 0x00, 0x66, 0x3d, 0x0b, 0x02, 0x74, 0x07, 0xb8, 0x00, 0x00, 0x00, 0x00, 0xeb, 
0x05, 0xb8, 0x01, 0x00, 0x00, 0x00, 0x48, 0x83, 0xc4, 0x20, 0x5d, 0xc3, 0x55, 0x48, 0x89, 0xe5, 
0x48, 0x83, 0xec, 0x20, 0x48, 0x89, 0x4d, 0x10, 0x48, 0x89, 0x55, 0x18, 0x48, 0x8b, 0x45, 0x10, 
0x8b, 0x40, 0x3c, 0x48, 0x63, 0xd0, 0x48, 0x8b, 0x45, 0x10, 0x48, 0x01, 0xd0, 0x48, 0x89, 0x45, 
0xe8, 0xc7, 0x45, 0xf4, 0x00, 0x00, 0x00, 0x00, 0x48, 0x8b, 0x45, 0xe8, 0x0f, 0xb7, 0x40, 0x14, 
0x0f, 0xb7, 0xd0, 0x48, 0x8b, 0x45, 0xe8, 0x48, 0x01, 0xd0, 0x48, 0x83, 0xc0, 0x18, 0x48, 0x89, 
0x45, 0xf8, 0xeb, 0x36, 0x48, 0x8b, 0x45, 0xf8, 0x8b, 0x40, 0x0c, 0x89, 0xc0, 0x48, 0x39, 0x45, 
0x18, 0x72, 0x1e, 0x48, 0x8b, 0x45, 0xf8, 0x8b, 0x50, 0x0c, 0x48, 0x8b, 0x45, 0xf8, 0x8b, 0x40, 
0x08, 0x01, 0xd0, 0x89, 0xc0, 0x48, 0x39, 0x45, 0x18, 0x73, 0x06, 0x48, 0x8b, 0x45, 0xf8, 0xeb, 
0x1e, 0x83, 0x45, 0xf4, 0x01, 0x48, 0x83, 0x45, 0xf8, 0x28, 0x48, 0x8b, 0x45, 0xe8, 0x0f, 0xb7, 
0x40, 0x06, 0x0f, 0xb7, 0xc0, 0x39, 0x45, 0xf4, 0x72, 0xba, 0xb8, 0x00, 0x00, 0x00, 0x00, 0x48, 
0x83, 0xc4, 0x20, 0x5d, 0xc3, 0x55, 0x48, 0x89, 0xe5, 0x48, 0x83, 0xec, 0x40, 0x48, 0x89, 0x4d, 
0x10, 0x48, 0x8b, 0x45, 0x10, 0x48, 0x89, 0xc1, 0xe8, 0x53, 0x05, 0x00, 0x00, 0x48, 0x83, 0xf8, 
0x08, 0x76, 0x0a, 0xb8, 0x00, 0x00, 0x00, 0x00, 0xe9, 0x98, 0x00, 0x00, 0x00, 0x48, 0x8b, 0x05, 
0xdc, 0x23, 0x00, 0x00, 0x48, 0x89, 0x45, 0xe8, 0x48, 0x8b, 0x45, 0xe8, 0x48, 0x89, 0xc1, 0xe8, 
0xac, 0xfe, 0xff, 0xff, 0x85, 0xc0, 0x75, 0x07, 0xb8, 0x00, 0x00, 0x00, 0x00, 0xeb, 0x76, 0x48, 
0x8b, 0x45, 0xe8, 0x8b, 0x40, 0x3c, 0x48, 0x63, 0xd0, 0x48, 0x8b, 0x45, 0xe8, 0x48, 0x01, 0xd0, 
0x48, 0x89, 0x45, 0xe0, 0xc7, 0x45, 0xf4, 0x00, 0x00, 0x00, 0x00, 0x48, 0x8b, 0x45, 0xe0, 0x0f, 
0xb7, 0x40, 0x14, 0x0f, 0xb7, 0xd0, 0x48, 0x8b, 0x45, 0xe0, 0x48, 0x01, 0xd0, 0x48, 0x83, 0xc0, 
0x18, 0x48, 0x89, 0x45, 0xf8, 0xeb, 0x29, 0x48, 0x8b, 0x45, 0xf8, 0x48, 0x8b, 0x55, 0x10, 0x41, 
0xb8, 0x08, 0x00, 0x00, 0x00, 0x48, 0x89, 0xc1, 0xe8, 0xdb, 0x04, 0x00, 0x00, 0x85, 0xc0, 0x75, 
0x06, 0x48, 0x8b, 0x45, 0xf8, 0xeb, 0x1e, 0x83, 0x45, 0xf4, 0x01, 0x48, 0x83, 0x45, 0xf8, 0x28, 
0x48, 0x8b, 0x45, 0xe0, 0x0f, 0xb7, 0x40, 0x06, 0x0f, 0xb7, 0xc0, 0x39, 0x45, 0xf4, 0x72, 0xc7, 
0xb8, 0x00, 0x00, 0x00, 0x00, 0x48, 0x83, 0xc4, 0x40, 0x5d, 0xc3, 0x55, 0x48, 0x89, 0xe5, 0x48, 
0x83, 0xec, 0x30, 0x48, 0x89, 0x4d, 0x10, 0x48, 0x8b, 0x05, 0x32, 0x23, 0x00, 0x00, 0x48, 0x89, 
0x45, 0xf8, 0x48, 0x8b, 0x45, 0xf8, 0x48, 0x89, 0xc1, 0xe8, 0x02, 0xfe, 0xff, 0xff, 0x85, 0xc0, 
0x75, 0x07, 0xb8, 0x00, 0x00, 0x00, 0x00, 0xeb, 0x1c, 0x48, 0x8b, 0x45, 0x10, 0x48, 0x2b, 0x45, 
0xf8, 0x48, 0x89, 0x45, 0xf0, 0x48, 0x8b, 0x55, 0xf0, 0x48, 0x8b, 0x45, 0xf8, 0x48, 0x89, 0xc1, 
0xe8, 0x57, 0xfe, 0xff, 0xff, 0x48, 0x83, 0xc4, 0x30, 0x5d, 0xc3, 0x55, 0x48, 0x89, 0xe5, 0x48, 
0x83, 0xec, 0x30, 0x48, 0x8b, 0x05, 0xe6, 0x22, 0x00, 0x00, 0x48, 0x89, 0x45, 0xf8, 0x48, 0x8b, 
0x45, 0xf8, 0x48, 0x89, 0xc1, 0xe8, 0xb6, 0xfd, 0xff, 0xff, 0x85, 0xc0, 0x75, 0x07, 0xb8, 0x00, 
0x00, 0x00, 0x00, 0xeb, 0x20, 0x48, 0x8b, 0x45, 0xf8, 0x8b, 0x40, 0x3c, 0x48, 0x63, 0xd0, 0x48, 
0x8b, 0x45, 0xf8, 0x48, 0x01, 0xd0, 0x48, 0x89, 0x45, 0xf0, 0x48, 0x8b, 0x45, 0xf0, 0x0f, 0xb7, 
0x40, 0x06, 0x0f, 0xb7, 0xc0, 0x48, 0x83, 0xc4, 0x30, 0x5d, 0xc3, 0x55, 0x48, 0x89, 0xe5, 0x48, 
0x83, 0xec, 0x40, 0x48, 0x89, 0x4d, 0x10, 0x48, 0x8b, 0x05, 0x92, 0x22, 0x00, 0x00, 0x48, 0x89, 
0x45, 0xe8, 0x48, 0x8b, 0x45, 0xe8, 0x48, 0x89, 0xc1, 0xe8, 0x62, 0xfd, 0xff, 0xff, 0x85, 0xc0, 
0x75, 0x07, 0xb8, 0x00, 0x00, 0x00, 0x00, 0xeb, 0x78, 0x48, 0x8b, 0x45, 0xe8, 0x8b, 0x40, 0x3c, 
0x48, 0x63, 0xd0, 0x48, 0x8b, 0x45, 0xe8, 0x48, 0x01, 0xd0, 0x48, 0x89, 0x45, 0xe0, 0xc7, 0x45, 
0xf4, 0x00, 0x00, 0x00, 0x00, 0x48, 0x8b, 0x45, 0xe0, 0x0f, 0xb7, 0x40, 0x14, 0x0f, 0xb7, 0xd0, 
0x48, 0x8b, 0x45, 0xe0, 0x48, 0x01, 0xd0, 0x48, 0x83, 0xc0, 0x18, 0x48, 0x89, 0x45, 0xf8, 0xeb, 
0x2b, 0x48, 0x8b, 0x45, 0xf8, 0x8b, 0x40, 0x24, 0x25, 0x00, 0x00, 0x00, 0x20, 0x85, 0xc0, 0x74, 
0x12, 0x48, 0x83, 0x7d, 0x10, 0x00, 0x75, 0x06, 0x48, 0x8b, 0x45, 0xf8, 0xeb, 0x23, 0x48, 0x83, 
0x6d, 0x10, 0x01, 0x83, 0x45, 0xf4, 0x01, 0x48, 0x83, 0x45, 0xf8, 0x28, 0x48, 0x8b, 0x45, 0xe0, 
0x0f, 0xb7, 0x40, 0x06, 0x0f, 0xb7, 0xc0, 0x39, 0x45, 0xf4, 0x72, 0xc5, 0xb8, 0x00, 0x00, 0x00, 
0x00, 0x48, 0x83, 0xc4, 0x40, 0x5d, 0xc3, 0x55, 0x48, 0x89, 0xe5, 0x48, 0x83, 0xec, 0x30, 0x48, 
0x8b, 0x05, 0xea, 0x21, 0x00, 0x00, 0x48, 0x89, 0x45, 0xf8, 0x48, 0x8b, 0x45, 0xf8, 0x48, 0x89, 
0xc1, 0xe8, 0xba, 0xfc, 0xff, 0xff, 0x85, 0xc0, 0x75, 0x07, 0xb8, 0x00, 0x00, 0x00, 0x00, 0xeb, 
0x04, 0x48, 0x8b, 0x45, 0xf8, 0x48, 0x83, 0xc4, 0x30, 0x5d, 0xc3, 0x55, 0x48, 0x89, 0xe5, 0x48, 
0x83, 0xec, 0x40, 0x48, 0x89, 0x4d, 0x10, 0x48, 0x8b, 0x05, 0xb2, 0x21, 0x00, 0x00, 0x48, 0x89, 
0x45, 0xf8, 0x48, 0x8b, 0x45, 0xf8, 0x48, 0x89, 0xc1, 0xe8, 0x82, 0xfc, 0xff, 0xff, 0x85, 0xc0, 
0x75, 0x07, 0xb8, 0x00, 0x00, 0x00, 0x00, 0xeb, 0x3d, 0x48, 0x8b, 0x45, 0x10, 0x48, 0x2b, 0x45, 
0xf8, 0x48, 0x89, 0x45, 0xf0, 0x48, 0x8b, 0x55, 0xf0, 0x48, 0x8b, 0x45, 0xf8, 0x48, 0x89, 0xc1, 
0xe8, 0xd7, 0xfc, 0xff, 0xff, 0x48, 0x89, 0x45, 0xe8, 0x48, 0x83, 0x7d, 0xe8, 0x00, 0x75, 0x07, 
0xb8, 0x00, 0x00, 0x00, 0x00, 0xeb, 0x0f, 0x48, 0x8b, 0x45, 0xe8, 0x8b, 0x40, 0x24, 0xf7, 0xd0, 
0xc1, 0xe8, 0x1f, 0x0f, 0xb6, 0xc0, 0x48, 0x83, 0xc4, 0x40, 0x5d, 0xc3, 0x55, 0x48, 0x89, 0xe5, 
0x48, 0x83, 0xec, 0x50, 0x89, 0x4d, 0x10, 0x48, 0x8b, 0x05, 0x42, 0x21, 0x00, 0x00, 0x48, 0x89, 
0x45, 0xf0, 0x48, 0x8b, 0x45, 0xf0, 0x48, 0x89, 0xc1, 0xe8, 0x12, 0xfc, 0xff, 0xff, 0x85, 0xc0, 
0x75, 0x0a, 0xb8, 0x00, 0x00, 0x00, 0x00, 0xe9, 0xab, 0x00, 0x00, 0x00, 0x48, 0x8b, 0x45, 0xf0, 
0x8b, 0x40, 0x3c, 0x48, 0x63, 0xd0, 0x48, 0x8b, 0x45, 0xf0, 0x48, 0x01, 0xd0, 0x48, 0x89, 0x45, 
0xe8, 0x48, 0x8b, 0x45, 0xe8, 0x8b, 0x80, 0x90, 0x00, 0x00, 0x00, 0x89, 0x45, 0xe4, 0x83, 0x7d, 
0xe4, 0x00, 0x75, 0x07, 0xb8, 0x00, 0x00, 0x00, 0x00, 0xeb, 0x7c, 0x8b, 0x55, 0xe4, 0x48, 0x8b, 
0x45, 0xf0, 0x48, 0x89, 0xc1, 0xe8, 0x42, 0xfc, 0xff, 0xff, 0x48, 0x89, 0x45, 0xd8, 0x48, 0x83, 
0x7d, 0xd8, 0x00, 0x75, 0x07, 0xb8, 0x00, 0x00, 0x00, 0x00, 0xeb, 0x5b, 0x8b, 0x55, 0xe4, 0x48, 
0x8b, 0x45, 0xf0, 0x48, 0x01, 0xd0, 0x48, 0x89, 0x45, 0xf8, 0x48, 0x83, 0x7d, 0xf8, 0x00, 0x75, 
0x07, 0xb8, 0x00, 0x00, 0x00, 0x00, 0xeb, 0x3f, 0x48, 0x8b, 0x45, 0xf8, 0x8b, 0x40, 0x04, 0x85, 
0xc0, 0x75, 0x0b, 0x48, 0x8b, 0x45, 0xf8, 0x8b, 0x40, 0x0c, 0x85, 0xc0, 0x74, 0x23, 0x83, 0x7d, 
0x10, 0x00, 0x7f, 0x12, 0x48, 0x8b, 0x45, 0xf8, 0x8b, 0x40, 0x0c, 0x89, 0xc2, 0x48, 0x8b, 0x45, 
0xf0, 0x48, 0x01, 0xd0, 0xeb, 0x11, 0x83, 0x6d, 0x10, 0x01, 0x48, 0x83, 0x45, 0xf8, 0x14, 0xeb, 
0xc7, 0x90, 0xb8, 0x00, 0x00, 0x00, 0x00, 0x48, 0x83, 0xc4, 0x50, 0x5d, 0xc3, 0x90, 0x90, 0x90, 
0x51, 0x50, 0x48, 0x3d, 0x00, 0x10, 0x00, 0x00, 0x48, 0x8d, 0x4c, 0x24, 0x18, 0x72, 0x19, 0x48, 
0x81, 0xe9, 0x00, 0x10, 0x00, 0x00, 0x48, 0x83, 0x09, 0x00, 0x48, 0x2d, 0x00, 0x10, 0x00, 0x00, 
0x48, 0x3d, 0x00, 0x10, 0x00, 0x00, 0x77, 0xe7, 0x48, 0x29, 0xc1, 0x48, 0x83, 0x09, 0x00, 0x58, 
0x59, 0xc3, 0x90, 0x90, 0x90, 0x90, 0x90, 0x90, 0x90, 0x90, 0x90, 0x90, 0x90, 0x90, 0x90, 0x90, 
0x55, 0x48, 0x89, 0xe5, 0x48, 0x83, 0xec, 0x30, 0x48, 0x89, 0x4d, 0x10, 0x48, 0x89, 0x55, 0x18, 
0x4c, 0x89, 0x45, 0x20, 0xe8, 0x97, 0x00, 0x00, 0x00, 0x48, 0x8b, 0x00, 0x4c, 0x8b, 0x45, 0x18, 
0x48, 0x8b, 0x55, 0x10, 0x48, 0x8b, 0x4d, 0x20, 0x48, 0x89, 0x4c, 0x24, 0x20, 0x41, 0xb9, 0x00, 
0x00, 0x00, 0x00, 0x48, 0x89, 0xc1, 0xe8, 0x8d, 0x01, 0x00, 0x00, 0x48, 0x83, 0xc4, 0x30, 0x5d, 
0xc3, 0x90, 0x90, 0x90, 0x90, 0x90, 0x90, 0x90, 0x90, 0x90, 0x90, 0x90, 0x90, 0x90, 0x90, 0x90, 
0x55, 0x53, 0x48, 0x83, 0xec, 0x48, 0x48, 0x8d, 0x6c, 0x24, 0x40, 0x48, 0x89, 0x4d, 0x20, 0x48, 
0x89, 0x55, 0x28, 0x4c, 0x89, 0x45, 0x30, 0x4c, 0x89, 0x4d, 0x38, 0x48, 0x8d, 0x45, 0x30, 0x48, 
0x89, 0x45, 0xf0, 0x48, 0x8b, 0x5d, 0xf0, 0xe8, 0x34, 0x00, 0x00, 0x00, 0x48, 0x8b, 0x00, 0x48, 
0x8b, 0x4d, 0x28, 0x48, 0x8b, 0x55, 0x20, 0x48, 0x89, 0x5c, 0x24, 0x20, 0x41, 0xb9, 0x00, 0x00, 
0x00, 0x00, 0x49, 0x89, 0xc8, 0x48, 0x89, 0xc1, 0xe8, 0x2b, 0x01, 0x00, 0x00, 0x89, 0x45, 0xfc, 
0x8b, 0x45, 0xfc, 0x48, 0x83, 0xc4, 0x48, 0x5b, 0x5d, 0xc3, 0x90, 0x90, 0x90, 0x90, 0x90, 0x90, 
0x55, 0x48, 0x89, 0xe5, 0x48, 0x8d, 0x05, 0x15, 0x14, 0x00, 0x00, 0x5d, 0xc3, 0x90, 0x90, 0x90, 
0x55, 0x48, 0x89, 0xe5, 0x48, 0x8b, 0x05, 0xb5, 0x1f, 0x00, 0x00, 0x48, 0x8b, 0x00, 0x5d, 0xc3, 
0x55, 0x48, 0x89, 0xe5, 0x48, 0x83, 0xec, 0x20, 0x89, 0x4d, 0x10, 0xb9, 0x02, 0x00, 0x00, 0x00, 
0xe8, 0xcb, 0x00, 0x00, 0x00, 0x48, 0x89, 0xc1, 0x8b, 0x55, 0x10, 0x48, 0x8d, 0x05, 0xee, 0x1e, 
0x00, 0x00, 0x41, 0x89, 0xd0, 0x48, 0x89, 0xc2, 0xe8, 0x53, 0xff, 0xff, 0xff, 0xb9, 0xff, 0x00, 
0x00, 0x00, 0xe8, 0x11, 0x01, 0x00, 0x00, 0x90, 0x90, 0x90, 0x90, 0x90, 0x90, 0x90, 0x90, 0x90, 
0x55, 0x48, 0x89, 0xe5, 0x48, 0x83, 0xec, 0x20, 0x48, 0x89, 0x4d, 0x10, 0x48, 0x89, 0x55, 0x18, 
0x4c, 0x89, 0x45, 0x20, 0x44, 0x89, 0x4d, 0x28, 0xe8, 0xfb, 0x00, 0x00, 0x00, 0x83, 0x7d, 0x28, 
0x00, 0x74, 0x07, 0xb8, 0x02, 0x00, 0x00, 0x00, 0xeb, 0x05, 0xb8, 0x01, 0x00, 0x00, 0x00, 0x89, 
0xc1, 0xe8, 0xc2, 0x00, 0x00, 0x00, 0xe8, 0xa5, 0x00, 0x00, 0x00, 0x8b, 0x10, 0x48, 0x8b, 0x45, 
0x10, 0x89, 0x10, 0xe8, 0xa0, 0x00, 0x00, 0x00, 0x48, 0x8b, 0x10, 0x48, 0x8b, 0x45, 0x18, 0x48, 
0x89, 0x10, 0xe8, 0x49, 0x01, 0x00, 0x00, 0x48, 0x8b, 0x10, 0x48, 0x8b, 0x45, 0x20, 0x48, 0x89, 
0x10, 0x48, 0x8b, 0x45, 0x30, 0x8b, 0x00, 0x89, 0xc1, 0xe8, 0x12, 0x01, 0x00, 0x00, 0xb8, 0x00, 
0x00, 0x00, 0x00, 0x48, 0x83, 0xc4, 0x20, 0x5d, 0xc3, 0x90, 0x90, 0x90, 0x90, 0x90, 0x90, 0x90, 
0xff, 0x25, 0x42, 0x6f, 0x00, 0x00, 0x90, 0x90, 0xff, 0x25, 0x42, 0x6f, 0x00, 0x00, 0x90, 0x90, 
0xff, 0x25, 0x42, 0x6f, 0x00, 0x00, 0x90, 0x90, 0xff, 0x25, 0x42, 0x6f, 0x00, 0x00, 0x90, 0x90, 
0xff, 0x25, 0xe2, 0x6e, 0x00, 0x00, 0x90, 0x90, 0xff, 0x25, 0xe2, 0x6e, 0x00, 0x00, 0x90, 0x90, 
0xff, 0x25, 0xe2, 0x6e, 0x00, 0x00, 0x90, 0x90, 0xff, 0x25, 0xe2, 0x6e, 0x00, 0x00, 0x90, 0x90, 
0xff, 0x25, 0xe2, 0x6e, 0x00, 0x00, 0x90, 0x90, 0xff, 0x25, 0xe2, 0x6e, 0x00, 0x00, 0x90, 0x90, 
0xff, 0x25, 0xe2, 0x6e, 0x00, 0x00, 0x90, 0x90, 0x0f, 0x1f, 0x84, 0x00, 0x00, 0x00, 0x00, 0x00, 
0xff, 0x25, 0x2a, 0x6e, 0x00, 0x00, 0x90, 0x90, 0xff, 0x25, 0x2a, 0x6e, 0x00, 0x00, 0x90, 0x90, 
0xff, 0x25, 0x2a, 0x6e, 0x00, 0x00, 0x90, 0x90, 0xff, 0x25, 0x2a, 0x6e, 0x00, 0x00, 0x90, 0x90, 
0xff, 0x25, 0x2a, 0x6e, 0x00, 0x00, 0x90, 0x90, 0xff, 0x25, 0x2a, 0x6e, 0x00, 0x00, 0x90, 0x90, 
0xff, 0x25, 0x2a, 0x6e, 0x00, 0x00, 0x90, 0x90, 0xff, 0x25, 0x2a, 0x6e, 0x00, 0x00, 0x90, 0x90, 
0xff, 0x25, 0x2a, 0x6e, 0x00, 0x00, 0x90, 0x90, 0xff, 0x25, 0x2a, 0x6e, 0x00, 0x00, 0x90, 0x90, 
0xff, 0x25, 0x2a, 0x6e, 0x00, 0x00, 0x90, 0x90, 0xff, 0x25, 0x2a, 0x6e, 0x00, 0x00, 0x90, 0x90, 
0xff, 0x25, 0x2a, 0x6e, 0x00, 0x00, 0x90, 0x90, 0xff, 0x25, 0x2a, 0x6e, 0x00, 0x00, 0x90, 0x90, 
0xff, 0x25, 0xa2, 0x6d, 0x00, 0x00, 0x90, 0x90, 0xff, 0x25, 0xa2, 0x6d, 0x00, 0x00, 0x90, 0x90, 
0xff, 0x25, 0x82, 0x6d, 0x00, 0x00, 0x90, 0x90, 0x0f, 0x1f, 0x84, 0x00, 0x00, 0x00, 0x00, 0x00, 
0xff, 0x25, 0x62, 0x6d, 0x00, 0x00, 0x90, 0x90, 0x0f, 0x1f, 0x84, 0x00, 0x00, 0x00, 0x00, 0x00, 
0xff, 0x25, 0x2a, 0x6d, 0x00, 0x00, 0x90, 0x90, 0xff, 0x25, 0x2a, 0x6d, 0x00, 0x00, 0x90, 0x90, 
0xff, 0x25, 0x2a, 0x6d, 0x00, 0x00, 0x90, 0x90, 0xff, 0x25, 0x2a, 0x6d, 0x00, 0x00, 0x90, 0x90, 
0xff, 0x25, 0xfa, 0x6c, 0x00, 0x00, 0x90, 0x90, 0x0f, 0x1f, 0x84, 0x00, 0x00, 0x00, 0x00, 0x00, 
0xff, 0x25, 0xda, 0x6c, 0x00, 0x00, 0x90, 0x90, 0xff, 0x25, 0xca, 0x6c, 0x00, 0x00, 0x90, 0x90, 
0xff, 0x25, 0xba, 0x6c, 0x00, 0x00, 0x90, 0x90, 0xff, 0x25, 0xaa, 0x6c, 0x00, 0x00, 0x90, 0x90, 
0xff, 0x25, 0x9a, 0x6c, 0x00, 0x00, 0x90, 0x90, 0xff, 0x25, 0x8a, 0x6c, 0x00, 0x00, 0x90, 0x90, 
0xff, 0x25, 0x7a, 0x6c, 0x00, 0x00, 0x90, 0x90, 0xff, 0x25, 0x6a, 0x6c, 0x00, 0x00, 0x90, 0x90, 
0xff, 0x25, 0x5a, 0x6c, 0x00, 0x00, 0x90, 0x90, 0xff, 0x25, 0x4a, 0x6c, 0x00, 0x00, 0x90, 0x90, 
0xff, 0x25, 0x3a, 0x6c, 0x00, 0x00, 0x90, 0x90, 0xff, 0x25, 0x2a, 0x6c, 0x00, 0x00, 0x90, 0x90, 
0xff, 0x25, 0x1a, 0x6c, 0x00, 0x00, 0x90, 0x90, 0xff, 0x25, 0x0a, 0x6c, 0x00, 0x00, 0x90, 0x90, 
0xff, 0x25, 0xfa, 0x6b, 0x00, 0x00, 0x90, 0x90, 0xff, 0x25, 0xea, 0x6b, 0x00, 0x00, 0x90, 0x90, 
0xff, 0x25, 0xda, 0x6b, 0x00, 0x00, 0x90, 0x90, 0x0f, 0x1f, 0x84, 0x00, 0x00, 0x00, 0x00, 0x00, 
0xff, 0x25, 0xaa, 0x6d, 0x00, 0x00, 0x90, 0x90, 0x0f, 0x1f, 0x84, 0x00, 0x00, 0x00, 0x00, 0x00, 
0xe9, 0x5b, 0xdf, 0xff, 0xff, 0x90, 0x90, 0x90, 0x90, 0x90, 0x90, 0x90, 0x90, 0x90, 0x90, 0x90, 
0x00, 0x00, 0x00, 0x00, 0x00, 0x00, 0x00, 0x00, 0x00, 0x00, 0x00, 0x00, 0x00, 0x00, 0x00, 0x00, 
0x00, 0x00, 0x00, 0x00, 0x00, 0x00, 0x00, 0x00, 0x00, 0x00, 0x00, 0x00, 0x00, 0x00, 0x00, 0x00, 
0x00, 0x00, 0x00, 0x00, 0x00, 0x00, 0x00, 0x00, 0x00, 0x00, 0x00, 0x00, 0x00, 0x00, 0x00, 0x00, 
0x00, 0x00, 0x00, 0x00, 0x00, 0x00, 0x00, 0x00, 0x00, 0x00, 0x00, 0x00, 0x00, 0x00, 0x00, 0x00, 
0x00, 0x00, 0x00, 0x00, 0x00, 0x00, 0x00, 0x00, 0x00, 0x00, 0x00, 0x00, 0x00, 0x00, 0x00, 0x00, 
0x00, 0x00, 0x00, 0x00, 0x00, 0x00, 0x00, 0x00, 0x00, 0x00, 0x00, 0x00, 0x00, 0x00, 0x00, 0x00, 
0x00, 0x00, 0x00, 0x00, 0x00, 0x00, 0x00, 0x00, 0x00, 0x00, 0x00, 0x00, 0x00, 0x00, 0x00, 0x00, 
0x00, 0x00, 0x00, 0x00, 0x00, 0x00, 0x00, 0x00, 0x00, 0x00, 0x00, 0x00, 0x00, 0x00, 0x00, 0x00, 
0x00, 0x00, 0x00, 0x00, 0x00, 0x00, 0x00, 0x00, 0x00, 0x00, 0x00, 0x00, 0x00, 0x00, 0x00, 0x00, 
0x00, 0x00, 0x00, 0x00, 0x00, 0x00, 0x00, 0x00, 0x00, 0x00, 0x00, 0x00, 0x00, 0x00, 0x00, 0x00, 
0x00, 0x00, 0x00, 0x00, 0x00, 0x00, 0x00, 0x00, 0x00, 0x00, 0x00, 0x00, 0x00, 0x00, 0x00, 0x00, 
0x00, 0x00, 0x00, 0x00, 0x00, 0x00, 0x00, 0x00, 0x00, 0x00, 0x00, 0x00, 0x00, 0x00, 0x00, 0x00, 
0x00, 0x00, 0x00, 0x00, 0x00, 0x00, 0x00, 0x00, 0x00, 0x00, 0x00, 0x00, 0x00, 0x00, 0x00, 0x00, 
0x00, 0x00, 0x00, 0x00, 0x00, 0x00, 0x00, 0x00, 0x00, 0x00, 0x00, 0x00, 0x00, 0x00, 0x00, 0x00, 
0x00, 0x00, 0x00, 0x00, 0x00, 0x00, 0x00, 0x00, 0x00, 0x00, 0x00, 0x00, 0x00, 0x00, 0x00, 0x00, 
0x00, 0x00, 0x00, 0x00, 0x00, 0x00, 0x00, 0x00, 0x00, 0x00, 0x00, 0x00, 0x00, 0x00, 0x00, 0x00, 
0x5f, 0x00, 0x5f, 0x00, 0x4f, 0x00, 0x50, 0x00, 0x45, 0x00, 0x4e, 0x00, 0x49, 0x00, 0x4e, 0x00, 
0x5f, 0x00, 0x54, 0x00, 0x41, 0x00, 0x52, 0x00, 0x47, 0x00, 0x45, 0x00, 0x54, 0x00, 0x5f, 0x00, 
0x45, 0x00, 0x58, 0x00, 0x45, 0x00, 0x5f, 0x00, 0x4d, 0x00, 0x41, 0x00, 0x47, 0x00, 0x49, 0x00, 
0x43, 0x00, 0x5f, 0x00, 0x50, 0x00, 0x41, 0x00, 0x44, 0x00, 0x5f, 0x00, 0x50, 0x00, 0x41, 0x00, 
0x44, 0x00, 0x5f, 0x00, 0x50, 0x00, 0x41, 0x00, 0x44, 0x00, 0x5f, 0x00, 0x50, 0x00, 0x41, 0x00, 
0x44, 0x00, 0x5f, 0x00, 0x50, 0x00, 0x41, 0x00, 0x44, 0x00, 0x5f, 0x00, 0x50, 0x00, 0x41, 0x00, 
0x44, 0x00, 0x5f, 0x00, 0x50, 0x00, 0x41, 0x00, 0x44, 0x00, 0x5f, 0x00, 0x50, 0x00, 0x41, 0x00, 
0x44, 0x00, 0x5f, 0x00, 0x50, 0x00, 0x41, 0x00, 0x44, 0x00, 0x5f, 0x00, 0x50, 0x00, 0x41, 0x00, 
0x44, 0x00, 0x5f, 0x00, 0x50, 0x00, 0x41, 0x00, 0x44, 0x00, 0x5f, 0x00, 0x50, 0x00, 0x41, 0x00, 
0x44, 0x00, 0x5f, 0x00, 0x50, 0x00, 0x41, 0x00, 0x44, 0x00, 0x5f, 0x00, 0x50, 0x00, 0x41, 0x00, 
0x44, 0x00, 0x5f, 0x00, 0x50, 0x00, 0x41, 0x00, 0x44, 0x00, 0x5f, 0x00, 0x50, 0x00, 0x41, 0x00, 
0x44, 0x00, 0x5f, 0x00, 0x50, 0x00, 0x41, 0x00, 0x44, 0x00, 0x5f, 0x00, 0x50, 0x00, 0x41, 0x00, 
0x44, 0x00, 0x5f, 0x00, 0x50, 0x00, 0x41, 0x00, 0x44, 0x00, 0x5f, 0x00, 0x50, 0x00, 0x41, 0x00, 
0x44, 0x00, 0x5f, 0x00, 0x50, 0x00, 0x41, 0x00, 0x44, 0x00, 0x5f, 0x00, 0x50, 0x00, 0x41, 0x00, 
0x44, 0x00, 0x5f, 0x00, 0x50, 0x00, 0x41, 0x00, 0x44, 0x00, 0x5f, 0x00, 0x50, 0x00, 0x41, 0x00, 
0x44, 0x00, 0x5f, 0x00, 0x50, 0x00, 0x41, 0x00, 0x44, 0x00, 0x5f, 0x00, 0x50, 0x00, 0x41, 0x00, 
0x44, 0x00, 0x5f, 0x00, 0x5f, 0x00, 0x00, 0x00, 0x00, 0x00, 0x00, 0x00, 0x00, 0x00, 0x00, 0x00, 
0x00, 0x00, 0x00, 0x00, 0x00, 0x00, 0x00, 0x00, 0x00, 0x00, 0x00, 0x00, 0x00, 0x00, 0x00, 0x00, 
0x00, 0x00, 0x00, 0x00, 0x00, 0x00, 0x00, 0x00, 0x00, 0x00, 0x00, 0x00, 0x00, 0x00, 0x00, 0x00, 
0x00, 0x00, 0x00, 0x00, 0x00, 0x00, 0x00, 0x00, 0x00, 0x00, 0x00, 0x00, 0x00, 0x00, 0x00, 0x00, 
0x00, 0x00, 0x00, 0x00, 0x00, 0x00, 0x00, 0x00, 0x00, 0x00, 0x00, 0x00, 0x00, 0x00, 0x00, 0x00, 
0x00, 0x00, 0x00, 0x00, 0x00, 0x00, 0x00, 0x00, 0x00, 0x00, 0x00, 0x00, 0x00, 0x00, 0x00, 0x00, 
0x00, 0x00, 0x00, 0x00, 0x00, 0x00, 0x00, 0x00, 0x00, 0x00, 0x00, 0x00, 0x00, 0x00, 0x00, 0x00, 
0x00, 0x00, 0x00, 0x00, 0x00, 0x00, 0x00, 0x00, 0x00, 0x00, 0x00, 0x00, 0x00, 0x00, 0x00, 0x00, 
0x00, 0x00, 0x00, 0x00, 0x00, 0x00, 0x00, 0x00, 0x00, 0x00, 0x00, 0x00, 0x00, 0x00, 0x00, 0x00, 
0x00, 0x00, 0x00, 0x00, 0x00, 0x00, 0x00, 0x00, 0x00, 0x00, 0x00, 0x00, 0x00, 0x00, 0x00, 0x00, 
0x00, 0x00, 0x00, 0x00, 0x00, 0x00, 0x00, 0x00, 0x00, 0x00, 0x00, 0x00, 0x00, 0x00, 0x00, 0x00, 
0x00, 0x00, 0x00, 0x00, 0x00, 0x00, 0x00, 0x00, 0x00, 0x00, 0x00, 0x00, 0x00, 0x00, 0x00, 0x00, 
0x00, 0x00, 0x00, 0x00, 0x00, 0x00, 0x00, 0x00, 0x00, 0x00, 0x00, 0x00, 0x00, 0x00, 0x00, 0x00, 
0x00, 0x00, 0x00, 0x00, 0x00, 0x00, 0x00, 0x00, 0x00, 0x00, 0x00, 0x00, 0x00, 0x00, 0x00, 0x00, 
0x00, 0x00, 0x00, 0x00, 0x00, 0x00, 0x00, 0x00, 0x00, 0x00, 0x00, 0x00, 0x00, 0x00, 0x00, 0x00, 
0x00, 0x00, 0x00, 0x00, 0x00, 0x00, 0x00, 0x00, 0x00, 0x00, 0x00, 0x00, 0x00, 0x00, 0x00, 0x00, 
0x00, 0x00, 0x00, 0x00, 0x00, 0x00, 0x00, 0x00, 0x00, 0x00, 0x00, 0x00, 0x00, 0x00, 0x00, 0x00, 
0x00, 0x00, 0x00, 0x00, 0x00, 0x00, 0x00, 0x00, 0x00, 0x00, 0x00, 0x00, 0x00, 0x00, 0x00, 0x00, 
0x00, 0x00, 0x00, 0x00, 0x00, 0x00, 0x00, 0x00, 0x00, 0x00, 0x00, 0x00, 0x00, 0x00, 0x00, 0x00, 
0x00, 0x00, 0x00, 0x00, 0x00, 0x00, 0x00, 0x00, 0x00, 0x00, 0x00, 0x00, 0x00, 0x00, 0x00, 0x00, 
0x00, 0x00, 0x00, 0x00, 0x00, 0x00, 0x00, 0x00, 0x00, 0x00, 0x00, 0x00, 0x00, 0x00, 0x00, 0x00, 
0x00, 0x00, 0x00, 0x00, 0x00, 0x00, 0x00, 0x00, 0x00, 0x00, 0x00, 0x00, 0x00, 0x00, 0x00, 0x00, 
0x00, 0x00, 0x00, 0x00, 0x00, 0x00, 0x00, 0x00, 0x00, 0x00, 0x00, 0x00, 0x00, 0x00, 0x00, 0x00, 
0x00, 0x00, 0x00, 0x00, 0x00, 0x00, 0x00, 0x00, 0x00, 0x00, 0x00, 0x00, 0x00, 0x00, 0x00, 0x00, 
0x00, 0x00, 0x00, 0x00, 0x00, 0x00, 0x00, 0x00, 0x00, 0x00, 0x00, 0x00, 0x00, 0x00, 0x00, 0x00, 
0x00, 0x00, 0x00, 0x00, 0x00, 0x00, 0x00, 0x00, 0x00, 0x00, 0x00, 0x00, 0x00, 0x00, 0x00, 0x00, 
0x00, 0x00, 0x00, 0x00, 0x00, 0x00, 0x00, 0x00, 0x00, 0x00, 0x00, 0x00, 0x00, 0x00, 0x00, 0x00, 
0x00, 0x00, 0x00, 0x00, 0x00, 0x00, 0x00, 0x00, 0x00, 0x00, 0x00, 0x00, 0x00, 0x00, 0x00, 0x00, 
0x00, 0x00, 0x00, 0x00, 0x00, 0x00, 0x00, 0x00, 0x00, 0x00, 0x00, 0x00, 0x00, 0x00, 0x00, 0x00, 
0x00, 0x00, 0x00, 0x00, 0x00, 0x00, 0x00, 0x00, 0x00, 0x00, 0x00, 0x00, 0x00, 0x00, 0x00, 0x00, 
0x00, 0x00, 0x00, 0x00, 0x00, 0x00, 0x00, 0x00, 0x00, 0x00, 0x00, 0x00, 0x00, 0x00, 0x00, 0x00, 
0x00, 0x00, 0x00, 0x00, 0x00, 0x00, 0x00, 0x00, 0x00, 0x00, 0x00, 0x00, 0x00, 0x00, 0x00, 0x00, 
0x00, 0x00, 0x00, 0x00, 0x00, 0x00, 0x00, 0x00, 0x00, 0x00, 0x00, 0x00, 0x00, 0x00, 0x00, 0x00, 
0x00, 0x00, 0x00, 0x00, 0x00, 0x00, 0x00, 0x00, 0x00, 0x00, 0x00, 0x00, 0x00, 0x00, 0x00, 0x00, 
0x00, 0x00, 0x00, 0x00, 0x00, 0x00, 0x00, 0x00, 0x00, 0x00, 0x00, 0x00, 0x00, 0x00, 0x00, 0x00, 
0x00, 0x00, 0x00, 0x00, 0x00, 0x00, 0x00, 0x00, 0x00, 0x00, 0x00, 0x00, 0x00, 0x00, 0x00, 0x00, 
0x00, 0x00, 0x00, 0x00, 0x00, 0x00, 0x00, 0x00, 0x00, 0x00, 0x00, 0x00, 0x00, 0x00, 0x00, 0x00, 
0x00, 0x00, 0x00, 0x00, 0x00, 0x00, 0x00, 0x00, 0x00, 0x00, 0x00, 0x00, 0x00, 0x00, 0x00, 0x00, 
0x00, 0x00, 0x00, 0x00, 0x00, 0x00, 0x00, 0x00, 0x00, 0x00, 0x00, 0x00, 0x00, 0x00, 0x00, 0x00, 
0x00, 0x00, 0x00, 0x00, 0x00, 0x00, 0x00, 0x00, 0x00, 0x00, 0x00, 0x00, 0x00, 0x00, 0x00, 0x00, 
0x00, 0x00, 0x00, 0x00, 0x00, 0x00, 0x00, 0x00, 0x00, 0x00, 0x00, 0x00, 0x00, 0x00, 0x00, 0x00, 
0x00, 0x00, 0x00, 0x00, 0x00, 0x00, 0x00, 0x00, 0x00, 0x00, 0x00, 0x00, 0x00, 0x00, 0x00, 0x00, 
0x00, 0x00, 0x00, 0x00, 0x00, 0x00, 0x00, 0x00, 0x00, 0x00, 0x00, 0x00, 0x00, 0x00, 0x00, 0x00, 
0x00, 0x00, 0x00, 0x00, 0x00, 0x00, 0x00, 0x00, 0x00, 0x00, 0x00, 0x00, 0x00, 0x00, 0x00, 0x00, 
0x00, 0x00, 0x00, 0x00, 0x00, 0x00, 0x00, 0x00, 0x00, 0x00, 0x00, 0x00, 0x00, 0x00, 0x00, 0x00, 
0x00, 0x00, 0x00, 0x00, 0x00, 0x00, 0x00, 0x00, 0x00, 0x00, 0x00, 0x00, 0x00, 0x00, 0x00, 0x00, 
0x00, 0x00, 0x00, 0x00, 0x00, 0x00, 0x00, 0x00, 0x00, 0x00, 0x00, 0x00, 0x00, 0x00, 0x00, 0x00, 
0x00, 0x00, 0x00, 0x00, 0x00, 0x00, 0x00, 0x00, 0x00, 0x00, 0x00, 0x00, 0x00, 0x00, 0x00, 0x00, 
0x00, 0x00, 0x00, 0x00, 0x00, 0x00, 0x00, 0x00, 0x00, 0x00, 0x00, 0x00, 0x00, 0x00, 0x00, 0x00, 
0x00, 0x00, 0x00, 0x00, 0x00, 0x00, 0x00, 0x00, 0x00, 0x00, 0x00, 0x00, 0x00, 0x00, 0x00, 0x00, 
0x00, 0x00, 0x00, 0x00, 0x00, 0x00, 0x00, 0x00, 0x00, 0x00, 0x00, 0x00, 0x00, 0x00, 0x00, 0x00, 
0x00, 0x00, 0x00, 0x00, 0x00, 0x00, 0x00, 0x00, 0x00, 0x00, 0x00, 0x00, 0x00, 0x00, 0x00, 0x00, 
0x00, 0x00, 0x00, 0x00, 0x00, 0x00, 0x00, 0x00, 0x00, 0x00, 0x00, 0x00, 0x00, 0x00, 0x00, 0x00, 
0x00, 0x00, 0x00, 0x00, 0x00, 0x00, 0x00, 0x00, 0x00, 0x00, 0x00, 0x00, 0x00, 0x00, 0x00, 0x00, 
0x00, 0x00, 0x00, 0x00, 0x00, 0x00, 0x00, 0x00, 0x00, 0x00, 0x00, 0x00, 0x00, 0x00, 0x00, 0x00, 
0x00, 0x00, 0x00, 0x00, 0x00, 0x00, 0x00, 0x00, 0x00, 0x00, 0x00, 0x00, 0x00, 0x00, 0x00, 0x00, 
0x00, 0x00, 0x00, 0x00, 0x00, 0x00, 0x00, 0x00, 0x00, 0x00, 0x00, 0x00, 0x00, 0x00, 0x00, 0x00, 
0x00, 0x00, 0x00, 0x00, 0x00, 0x00, 0x00, 0x00, 0x00, 0x00, 0x00, 0x00, 0x00, 0x00, 0x00, 0x00, 
0x00, 0x00, 0x00, 0x00, 0x00, 0x00, 0x00, 0x00, 0x00, 0x00, 0x00, 0x00, 0x00, 0x00, 0x00, 0x00, 
0x00, 0x00, 0x00, 0x00, 0x00, 0x00, 0x00, 0x00, 0x00, 0x00, 0x00, 0x00, 0x00, 0x00, 0x00, 0x00, 
0x00, 0x00, 0x00, 0x00, 0x00, 0x00, 0x00, 0x00, 0x00, 0x00, 0x00, 0x00, 0x00, 0x00, 0x00, 0x00, 
0x00, 0x00, 0x00, 0x00, 0x00, 0x00, 0x00, 0x00, 0x00, 0x00, 0x00, 0x00, 0x00, 0x00, 0x00, 0x00, 
0x00, 0x00, 0x00, 0x00, 0x00, 0x00, 0x00, 0x00, 0x00, 0x00, 0x00, 0x00, 0x00, 0x00, 0x00, 0x00, 
0x00, 0x00, 0x00, 0x00, 0x00, 0x00, 0x00, 0x00, 0x00, 0x00, 0x00, 0x00, 0x00, 0x00, 0x00, 0x00, 
0x00, 0x00, 0x00, 0x00, 0x00, 0x00, 0x00, 0x00, 0x00, 0x00, 0x00, 0x00, 0x00, 0x00, 0x00, 0x00, 
0x00, 0x00, 0x00, 0x00, 0x00, 0x00, 0x00, 0x00, 0x00, 0x00, 0x00, 0x00, 0x00, 0x00, 0x00, 0x00, 
0x00, 0x00, 0x00, 0x00, 0x00, 0x00, 0x00, 0x00, 0x00, 0x00, 0x00, 0x00, 0x00, 0x00, 0x00, 0x00, 
0x00, 0x00, 0x00, 0x00, 0x00, 0x00, 0x00, 0x00, 0x00, 0x00, 0x00, 0x00, 0x00, 0x00, 0x00, 0x00, 
0x00, 0x00, 0x00, 0x00, 0x00, 0x00, 0x00, 0x00, 0x00, 0x00, 0x00, 0x00, 0x00, 0x00, 0x00, 0x00, 
0x00, 0x00, 0x00, 0x00, 0x00, 0x00, 0x00, 0x00, 0x00, 0x00, 0x00, 0x00, 0x00, 0x00, 0x00, 0x00, 
0x00, 0x00, 0x00, 0x00, 0x00, 0x00, 0x00, 0x00, 0x00, 0x00, 0x00, 0x00, 0x00, 0x00, 0x00, 0x00, 
0x00, 0x00, 0x00, 0x00, 0x00, 0x00, 0x00, 0x00, 0x00, 0x00, 0x00, 0x00, 0x00, 0x00, 0x00, 0x00, 
0x00, 0x00, 0x00, 0x00, 0x00, 0x00, 0x00, 0x00, 0x00, 0x00, 0x00, 0x00, 0x00, 0x00, 0x00, 0x00, 
0x00, 0x00, 0x00, 0x00, 0x00, 0x00, 0x00, 0x00, 0x00, 0x00, 0x00, 0x00, 0x00, 0x00, 0x00, 0x00, 
0x00, 0x00, 0x00, 0x00, 0x00, 0x00, 0x00, 0x00, 0x00, 0x00, 0x00, 0x00, 0x00, 0x00, 0x00, 0x00, 
0x00, 0x00, 0x00, 0x00, 0x00, 0x00, 0x00, 0x00, 0x00, 0x00, 0x00, 0x00, 0x00, 0x00, 0x00, 0x00, 
0x00, 0x00, 0x00, 0x00, 0x00, 0x00, 0x00, 0x00, 0x00, 0x00, 0x00, 0x00, 0x00, 0x00, 0x00, 0x00, 
0x00, 0x00, 0x00, 0x00, 0x00, 0x00, 0x00, 0x00, 0x00, 0x00, 0x00, 0x00, 0x00, 0x00, 0x00, 0x00, 
0x00, 0x00, 0x00, 0x00, 0x00, 0x00, 0x00, 0x00, 0x00, 0x00, 0x00, 0x00, 0x00, 0x00, 0x00, 0x00, 
0x00, 0x00, 0x00, 0x00, 0x00, 0x00, 0x00, 0x00, 0x00, 0x00, 0x00, 0x00, 0x00, 0x00, 0x00, 0x00, 
0x00, 0x00, 0x00, 0x00, 0x00, 0x00, 0x00, 0x00, 0x00, 0x00, 0x00, 0x00, 0x00, 0x00, 0x00, 0x00, 
0x00, 0x00, 0x00, 0x00, 0x00, 0x00, 0x00, 0x00, 0x00, 0x00, 0x00, 0x00, 0x00, 0x00, 0x00, 0x00, 
0x00, 0x00, 0x00, 0x00, 0x00, 0x00, 0x00, 0x00, 0x00, 0x00, 0x00, 0x00, 0x00, 0x00, 0x00, 0x00, 
0x00, 0x00, 0x00, 0x00, 0x00, 0x00, 0x00, 0x00, 0x00, 0x00, 0x00, 0x00, 0x00, 0x00, 0x00, 0x00, 
0x00, 0x00, 0x00, 0x00, 0x00, 0x00, 0x00, 0x00, 0x00, 0x00, 0x00, 0x00, 0x00, 0x00, 0x00, 0x00, 
0x00, 0x00, 0x00, 0x00, 0x00, 0x00, 0x00, 0x00, 0x00, 0x00, 0x00, 0x00, 0x00, 0x00, 0x00, 0x00, 
0x00, 0x00, 0x00, 0x00, 0x00, 0x00, 0x00, 0x00, 0x00, 0x00, 0x00, 0x00, 0x00, 0x00, 0x00, 0x00, 
0x00, 0x00, 0x00, 0x00, 0x00, 0x00, 0x00, 0x00, 0x00, 0x00, 0x00, 0x00, 0x00, 0x00, 0x00, 0x00, 
0x00, 0x00, 0x00, 0x00, 0x00, 0x00, 0x00, 0x00, 0x00, 0x00, 0x00, 0x00, 0x00, 0x00, 0x00, 0x00, 
0x00, 0x00, 0x00, 0x00, 0x00, 0x00, 0x00, 0x00, 0x00, 0x00, 0x00, 0x00, 0x00, 0x00, 0x00, 0x00, 
0x00, 0x00, 0x00, 0x00, 0x00, 0x00, 0x00, 0x00, 0x00, 0x00, 0x00, 0x00, 0x00, 0x00, 0x00, 0x00, 
0x00, 0x00, 0x00, 0x00, 0x00, 0x00, 0x00, 0x00, 0x00, 0x00, 0x00, 0x00, 0x00, 0x00, 0x00, 0x00, 
0x00, 0x00, 0x00, 0x00, 0x00, 0x00, 0x00, 0x00, 0x00, 0x00, 0x00, 0x00, 0x00, 0x00, 0x00, 0x00, 
0x00, 0x00, 0x00, 0x00, 0x00, 0x00, 0x00, 0x00, 0x00, 0x00, 0x00, 0x00, 0x00, 0x00, 0x00, 0x00, 
0x00, 0x00, 0x00, 0x00, 0x00, 0x00, 0x00, 0x00, 0x00, 0x00, 0x00, 0x00, 0x00, 0x00, 0x00, 0x00, 
0x00, 0x00, 0x00, 0x00, 0x00, 0x00, 0x00, 0x00, 0x00, 0x00, 0x00, 0x00, 0x00, 0x00, 0x00, 0x00, 
0x00, 0x00, 0x00, 0x00, 0x00, 0x00, 0x00, 0x00, 0x00, 0x00, 0x00, 0x00, 0x00, 0x00, 0x00, 0x00, 
0x00, 0x00, 0x00, 0x00, 0x00, 0x00, 0x00, 0x00, 0x00, 0x00, 0x00, 0x00, 0x00, 0x00, 0x00, 0x00, 
0x00, 0x00, 0x00, 0x00, 0x00, 0x00, 0x00, 0x00, 0x00, 0x00, 0x00, 0x00, 0x00, 0x00, 0x00, 0x00, 
0x00, 0x00, 0x00, 0x00, 0x00, 0x00, 0x00, 0x00, 0x00, 0x00, 0x00, 0x00, 0x00, 0x00, 0x00, 0x00, 
0x00, 0x00, 0x00, 0x00, 0x00, 0x00, 0x00, 0x00, 0x00, 0x00, 0x00, 0x00, 0x00, 0x00, 0x00, 0x00, 
0x00, 0x00, 0x00, 0x00, 0x00, 0x00, 0x00, 0x00, 0x00, 0x00, 0x00, 0x00, 0x00, 0x00, 0x00, 0x00, 
0x00, 0x00, 0x00, 0x00, 0x00, 0x00, 0x00, 0x00, 0x00, 0x00, 0x00, 0x00, 0x00, 0x00, 0x00, 0x00, 
0x00, 0x00, 0x00, 0x00, 0x00, 0x00, 0x00, 0x00, 0x00, 0x00, 0x00, 0x00, 0x00, 0x00, 0x00, 0x00, 
0x00, 0x00, 0x00, 0x00, 0x00, 0x00, 0x00, 0x00, 0x00, 0x00, 0x00, 0x00, 0x00, 0x00, 0x00, 0x00, 
0x00, 0x00, 0x00, 0x00, 0x00, 0x00, 0x00, 0x00, 0x00, 0x00, 0x00, 0x00, 0x00, 0x00, 0x00, 0x00, 
0x00, 0x00, 0x00, 0x00, 0x00, 0x00, 0x00, 0x00, 0x00, 0x00, 0x00, 0x00, 0x00, 0x00, 0x00, 0x00, 
0x00, 0x00, 0x00, 0x00, 0x00, 0x00, 0x00, 0x00, 0x00, 0x00, 0x00, 0x00, 0x00, 0x00, 0x00, 0x00, 
0x00, 0x00, 0x00, 0x00, 0x00, 0x00, 0x00, 0x00, 0x00, 0x00, 0x00, 0x00, 0x00, 0x00, 0x00, 0x00, 
0x00, 0x00, 0x00, 0x00, 0x00, 0x00, 0x00, 0x00, 0x00, 0x00, 0x00, 0x00, 0x00, 0x00, 0x00, 0x00, 
0x00, 0x00, 0x00, 0x00, 0x00, 0x00, 0x00, 0x00, 0x00, 0x00, 0x00, 0x00, 0x00, 0x00, 0x00, 0x00, 
0x00, 0x00, 0x00, 0x00, 0x00, 0x00, 0x00, 0x00, 0x00, 0x00, 0x00, 0x00, 0x00, 0x00, 0x00, 0x00, 
0xb0, 0x56, 0x00, 0x40, 0x01, 0x00, 0x00, 0x00, 0x00, 0x00, 0x00, 0x00, 0x00, 0x00, 0x00, 0x00, 
0xff, 0xff, 0xff, 0xff, 0xff, 0xff, 0xff, 0xff, 0x00, 0x00, 0x00, 0x00, 0x00, 0x00, 0x00, 0x00, 
0xff, 0xff, 0xff, 0xff, 0x00, 0x00, 0x00, 0x00, 0x00, 0x00, 0x00, 0x00, 0x00, 0x00, 0x00, 0x00, 
0xfe, 0xff, 0xff, 0xff, 0x00, 0x00, 0x00, 0x00, 0x00, 0x00, 0x00, 0x00, 0x00, 0x00, 0x00, 0x00, 
0x02, 0x00, 0x00, 0x00, 0x00, 0x00, 0x00, 0x00, 0x00, 0x00, 0x00, 0x00, 0x00, 0x00, 0x00, 0x00, 
0xff, 0xff, 0xff, 0xff, 0x00, 0x00, 0x00, 0x00, 0x00, 0x00, 0x00, 0x00, 0x00, 0x00, 0x00, 0x00, 
0x24, 0x00, 0x00, 0x00, 0x00, 0x00, 0x00, 0x00, 0x00, 0x00, 0x00, 0x00, 0x00, 0x00, 0x00, 0x00, 
0x70, 0x34, 0x00, 0x40, 0x01, 0x00, 0x00, 0x00, 0x00, 0x00, 0x00, 0x00, 0x00, 0x00, 0x00, 0x00, 
0x80, 0x34, 0x00, 0x40, 0x01, 0x00, 0x00, 0x00, 0x00, 0x00, 0x00, 0x00, 0x00, 0x00, 0x00, 0x00, 
0xc0, 0x34, 0x00, 0x40, 0x01, 0x00, 0x00, 0x00, 0x00, 0x00, 0x00, 0x00, 0x00, 0x00, 0x00, 0x00, 
0x90, 0x91, 0x00, 0x40, 0x01, 0x00, 0x00, 0x00, 0x00, 0x00, 0x00, 0x00, 0x00, 0x00, 0x00, 0x00, 
0x00, 0x00, 0x00, 0x00, 0x00, 0x00, 0x00, 0x00, 0x00, 0x00, 0x00, 0x00, 0x00, 0x00, 0x00, 0x00, 
0x00, 0x00, 0x00, 0x00, 0x00, 0x00, 0x00, 0x00, 0x00, 0x00, 0x00, 0x00, 0x00, 0x00, 0x00, 0x00, 
0x00, 0x00, 0x00, 0x00, 0x00, 0x00, 0x00, 0x00, 0x00, 0x00, 0x00, 0x00, 0x00, 0x00, 0x00, 0x00, 
0x00, 0x00, 0x00, 0x00, 0x00, 0x00, 0x00, 0x00, 0x00, 0x00, 0x00, 0x00, 0x00, 0x00, 0x00, 0x00, 
0x00, 0x00, 0x00, 0x00, 0x00, 0x00, 0x00, 0x00, 0x00, 0x00, 0x00, 0x00, 0x00, 0x00, 0x00, 0x00, 
0x00, 0x00, 0x00, 0x00, 0x00, 0x00, 0x00, 0x00, 0x00, 0x00, 0x00, 0x00, 0x00, 0x00, 0x00, 0x00, 
0x00, 0x00, 0x00, 0x00, 0x00, 0x00, 0x00, 0x00, 0x00, 0x00, 0x00, 0x00, 0x00, 0x00, 0x00, 0x00, 
0x00, 0x00, 0x00, 0x00, 0x00, 0x00, 0x00, 0x00, 0x00, 0x00, 0x00, 0x00, 0x00, 0x00, 0x00, 0x00, 
0x00, 0x00, 0x00, 0x00, 0x00, 0x00, 0x00, 0x00, 0x00, 0x00, 0x00, 0x00, 0x00, 0x00, 0x00, 0x00, 
0x00, 0x00, 0x00, 0x00, 0x00, 0x00, 0x00, 0x00, 0x00, 0x00, 0x00, 0x00, 0x00, 0x00, 0x00, 0x00, 
0x00, 0x00, 0x00, 0x00, 0x00, 0x00, 0x00, 0x00, 0x00, 0x00, 0x00, 0x00, 0x00, 0x00, 0x00, 0x00, 
0x00, 0x00, 0x00, 0x00, 0x00, 0x00, 0x00, 0x00, 0x00, 0x00, 0x00, 0x00, 0x00, 0x00, 0x00, 0x00, 
0x00, 0x00, 0x00, 0x00, 0x00, 0x00, 0x00, 0x00, 0x00, 0x00, 0x00, 0x00, 0x00, 0x00, 0x00, 0x00, 
0x00, 0x00, 0x00, 0x00, 0x00, 0x00, 0x00, 0x00, 0x00, 0x00, 0x00, 0x00, 0x00, 0x00, 0x00, 0x00, 
0x00, 0x00, 0x00, 0x00, 0x00, 0x00, 0x00, 0x00, 0x00, 0x00, 0x00, 0x00, 0x00, 0x00, 0x00, 0x00, 
0x00, 0x00, 0x00, 0x00, 0x00, 0x00, 0x00, 0x00, 0x00, 0x00, 0x00, 0x00, 0x00, 0x00, 0x00, 0x00, 
0x00, 0x00, 0x00, 0x00, 0x00, 0x00, 0x00, 0x00, 0x00, 0x00, 0x00, 0x00, 0x00, 0x00, 0x00, 0x00, 
0x00, 0x00, 0x00, 0x00, 0x00, 0x00, 0x00, 0x00, 0x00, 0x00, 0x00, 0x00, 0x00, 0x00, 0x00, 0x00, 
0x00, 0x00, 0x00, 0x00, 0x00, 0x00, 0x00, 0x00, 0x00, 0x00, 0x00, 0x00, 0x00, 0x00, 0x00, 0x00, 
0x6c, 0x69, 0x62, 0x67, 0x63, 0x63, 0x5f, 0x73, 0x5f, 0x64, 0x77, 0x32, 0x2d, 0x31, 0x2e, 0x64, 
0x6c, 0x6c, 0x00, 0x5f, 0x5f, 0x72, 0x65, 0x67, 0x69, 0x73, 0x74, 0x65, 0x72, 0x5f, 0x66, 0x72, 
0x61, 0x6d, 0x65, 0x5f, 0x69, 0x6e, 0x66, 0x6f, 0x00, 0x5f, 0x5f, 0x64, 0x65, 0x72, 0x65, 0x67, 
0x69, 0x73, 0x74, 0x65, 0x72, 0x5f, 0x66, 0x72, 0x61, 0x6d, 0x65, 0x5f, 0x69, 0x6e, 0x66, 0x6f, 
0x00, 0x00, 0x00, 0x00, 0x00, 0x00, 0x00, 0x00, 0x00, 0x00, 0x00, 0x00, 0x00, 0x00, 0x00, 0x00, 
0x46, 0x00, 0x61, 0x00, 0x69, 0x00, 0x6c, 0x00, 0x65, 0x00, 0x64, 0x00, 0x20, 0x00, 0x74, 0x00, 
0x6f, 0x00, 0x20, 0x00, 0x73, 0x00, 0x74, 0x00, 0x61, 0x00, 0x72, 0x00, 0x74, 0x00, 0x3a, 0x00, 
0x0a, 0x00, 0x25, 0x00, 0x73, 0x00, 0x0a, 0x00, 0x0a, 0x00, 0x45, 0x00, 0x72, 0x00, 0x72, 0x00, 
0x6f, 0x00, 0x72, 0x00, 0x3a, 0x00, 0x20, 0x00, 0x25, 0x00, 0x6c, 0x00, 0x75, 0x00, 0x00, 0x00, 
0x22, 0x00, 0x00, 0x00, 0x22, 0x00, 0x20, 0x00, 0x22, 0x00, 0x00, 0x00, 0x20, 0x00, 0x00, 0x00, 
0x6f, 0x00, 0x70, 0x00, 0x65, 0x00, 0x6e, 0x00, 0x69, 0x00, 0x6e, 0x00, 0x00, 0x00, 0x00, 0x00, 
0x00, 0x00, 0x00, 0x00, 0x00, 0x00, 0x00, 0x00, 0x00, 0x00, 0x00, 0x00, 0x00, 0x00, 0x00, 0x00, 
0x00, 0xb0, 0x00, 0x40, 0x01, 0x00, 0x00, 0x00, 0x08, 0xb0, 0x00, 0x40, 0x01, 0x00, 0x00, 0x00, 
0xb0, 0x90, 0x00, 0x40, 0x01, 0x00, 0x00, 0x00, 0xe0, 0x56, 0x00, 0x40, 0x01, 0x00, 0x00, 0x00, 
0x00, 0x00, 0x00, 0x00, 0x00, 0x00, 0x00, 0x00, 0x80, 0x1b, 0x00, 0x40, 0x01, 0x00, 0x00, 0x00, 
0x00, 0x00, 0x00, 0x00, 0x00, 0x00, 0x00, 0x00, 0x00, 0x00, 0x00, 0x00, 0x00, 0x00, 0x00, 0x00, 
0x41, 0x72, 0x67, 0x75, 0x6d, 0x65, 0x6e, 0x74, 0x20, 0x64, 0x6f, 0x6d, 0x61, 0x69, 0x6e, 0x20, 
0x65, 0x72, 0x72, 0x6f, 0x72, 0x20, 0x28, 0x44, 0x4f, 0x4d, 0x41, 0x49, 0x4e, 0x29, 0x00, 0x41, 
0x72, 0x67, 0x75, 0x6d, 0x65, 0x6e, 0x74, 0x20, 0x73, 0x69, 0x6e, 0x67, 0x75, 0x6c, 0x61, 0x72, 
0x69, 0x74, 0x79, 0x20, 0x28, 0x53, 0x49, 0x47, 0x4e, 0x29, 0x00, 0x00, 0x00, 0x00, 0x00, 0x00, 
0x4f, 0x76, 0x65, 0x72, 0x66, 0x6c, 0x6f, 0x77, 0x20, 0x72, 0x61, 0x6e, 0x67, 0x65, 0x20, 0x65, 
0x72, 0x72, 0x6f, 0x72, 0x20, 0x28, 0x4f, 0x56, 0x45, 0x52, 0x46, 0x4c, 0x4f, 0x57, 0x29, 0x00, 
0x50, 0x61, 0x72, 0x74, 0x69, 0x61, 0x6c, 0x20, 0x6c, 0x6f, 0x73, 0x73, 0x20, 0x6f, 0x66, 0x20, 
0x73, 0x69, 0x67, 0x6e, 0x69, 0x66, 0x69, 0x63, 0x61, 0x6e, 0x63, 0x65, 0x20, 0x28, 0x50, 0x4c, 
0x4f, 0x53, 0x53, 0x29, 0x00, 0x00, 0x00, 0x00, 0x54, 0x6f, 0x74, 0x61, 0x6c, 0x20, 0x6c, 0x6f, 
0x73, 0x73, 0x20, 0x6f, 0x66, 0x20, 0x73, 0x69, 0x67, 0x6e, 0x69, 0x66, 0x69, 0x63, 0x61, 0x6e, 
0x63, 0x65, 0x20, 0x28, 0x54, 0x4c, 0x4f, 0x53, 0x53, 0x29, 0x00, 0x00, 0x00, 0x00, 0x00, 0x00, 
0x54, 0x68, 0x65, 0x20, 0x72, 0x65, 0x73, 0x75, 0x6c, 0x74, 0x20, 0x69, 0x73, 0x20, 0x74, 0x6f, 
0x6f, 0x20, 0x73, 0x6d, 0x61, 0x6c, 0x6c, 0x20, 0x74, 0x6f, 0x20, 0x62, 0x65, 0x20, 0x72, 0x65, 
0x70, 0x72, 0x65, 0x73, 0x65, 0x6e, 0x74, 0x65, 0x64, 0x20, 0x28, 0x55, 0x4e, 0x44, 0x45, 0x52, 
0x46, 0x4c, 0x4f, 0x57, 0x29, 0x00, 0x55, 0x6e, 0x6b, 0x6e, 0x6f, 0x77, 0x6e, 0x20, 0x65, 0x72, 
0x72, 0x6f, 0x72, 0x00, 0x00, 0x00, 0x00, 0x00, 0x5f, 0x6d, 0x61, 0x74, 0x68, 0x65, 0x72, 0x72, 
0x28, 0x29, 0x3a, 0x20, 0x25, 0x73, 0x20, 0x69, 0x6e, 0x20, 0x25, 0x73, 0x28, 0x25, 0x67, 0x2c, 
0x20, 0x25, 0x67, 0x29, 0x20, 0x20, 0x28, 0x72, 0x65, 0x74, 0x76, 0x61, 0x6c, 0x3d, 0x25, 0x67, 
0x29, 0x0a, 0x00, 0x00, 0x00, 0x00, 0x00, 0x00, 0x00, 0x00, 0x00, 0x00, 0x00, 0x00, 0x00, 0x00, 
0x4d, 0x69, 0x6e, 0x67, 0x77, 0x2d, 0x77, 0x36, 0x34, 0x20, 0x72, 0x75, 0x6e, 0x74, 0x69, 0x6d, 
0x65, 0x20, 0x66, 0x61, 0x69, 0x6c, 0x75, 0x72, 0x65, 0x3a, 0x0a, 0x00, 0x00, 0x00, 0x00, 0x00, 
0x41, 0x64, 0x64, 0x72, 0x65, 0x73, 0x73, 0x20, 0x25, 0x70, 0x20, 0x68, 0x61, 0x73, 0x20, 0x6e, 
0x6f, 0x20, 0x69, 0x6d, 0x61, 0x67, 0x65, 0x2d, 0x73, 0x65, 0x63, 0x74, 0x69, 0x6f, 0x6e, 0x00, 
0x20, 0x20, 0x56, 0x69, 0x72, 0x74, 0x75, 0x61, 0x6c, 0x51, 0x75, 0x65, 0x72, 0x79, 0x20, 0x66, 
0x61, 0x69, 0x6c, 0x65, 0x64, 0x20, 0x66, 0x6f, 0x72, 0x20, 0x25, 0x64, 0x20, 0x62, 0x79, 0x74, 
0x65, 0x73, 0x20, 0x61, 0x74, 0x20, 0x61, 0x64, 0x64, 0x72, 0x65, 0x73, 0x73, 0x20, 0x25, 0x70, 
0x00, 0x00, 0x00, 0x00, 0x00, 0x00, 0x00, 0x00, 0x20, 0x20, 0x56, 0x69, 0x72, 0x74, 0x75, 0x61, 
0x6c, 0x50, 0x72, 0x6f, 0x74, 0x65, 0x63, 0x74, 0x20, 0x66, 0x61, 0x69, 0x6c, 0x65, 0x64, 0x20, 
0x77, 0x69, 0x74, 0x68, 0x20, 0x63, 0x6f, 0x64, 0x65, 0x20, 0x30, 0x78, 0x25, 0x78, 0x00, 0x00, 
0x20, 0x20, 0x55, 0x6e, 0x6b, 0x6e, 0x6f, 0x77, 0x6e, 0x20, 0x70, 0x73, 0x65, 0x75, 0x64, 0x6f, 
0x20, 0x72, 0x65, 0x6c, 0x6f, 0x63, 0x61, 0x74, 0x69, 0x6f, 0x6e, 0x20, 0x70, 0x72, 0x6f, 0x74, 
0x6f, 0x63, 0x6f, 0x6c, 0x20, 0x76, 0x65, 0x72, 0x73, 0x69, 0x6f, 0x6e, 0x20, 0x25, 0x64, 0x2e, 
0x0a, 0x00, 0x00, 0x00, 0x00, 0x00, 0x00, 0x00, 0x20, 0x20, 0x55, 0x6e, 0x6b, 0x6e, 0x6f, 0x77, 
0x6e, 0x20, 0x70, 0x73, 0x65, 0x75, 0x64, 0x6f, 0x20, 0x72, 0x65, 0x6c, 0x6f, 0x63, 0x61, 0x74, 
0x69, 0x6f, 0x6e, 0x20, 0x62, 0x69, 0x74, 0x20, 0x73, 0x69, 0x7a, 0x65, 0x20, 0x25, 0x64, 0x2e, 
0x0a, 0x00, 0x00, 0x00, 0x00, 0x00, 0x00, 0x00, 0x25, 0x64, 0x20, 0x62, 0x69, 0x74, 0x20, 0x70, 
0x73, 0x65, 0x75, 0x64, 0x6f, 0x20, 0x72, 0x65, 0x6c, 0x6f, 0x63, 0x61, 0x74, 0x69, 0x6f, 0x6e, 
0x20, 0x61, 0x74, 0x20, 0x25, 0x70, 0x20, 0x6f, 0x75, 0x74, 0x20, 0x6f, 0x66, 0x20, 0x72, 0x61, 
0x6e, 0x67, 0x65, 0x2c, 0x20, 0x74, 0x61, 0x72, 0x67, 0x65, 0x74, 0x69, 0x6e, 0x67, 0x20, 0x25, 
0x70, 0x2c, 0x20, 0x79, 0x69, 0x65, 0x6c, 0x64, 0x69, 0x6e, 0x67, 0x20, 0x74, 0x68, 0x65, 0x20, 
0x76, 0x61, 0x6c, 0x75, 0x65, 0x20, 0x25, 0x70, 0x2e, 0x0a, 0x00, 0x00, 0x00, 0x00, 0x00, 0x00, 
0x72, 0x75, 0x6e, 0x74, 0x69, 0x6d, 0x65, 0x20, 0x65, 0x72, 0x72, 0x6f, 0x72, 0x20, 0x25, 0x64, 
0x0a, 0x00, 0x00, 0x00, 0x00, 0x00, 0x00, 0x00, 0x00, 0x00, 0x00, 0x00, 0x00, 0x00, 0x00, 0x00, 
0x60, 0x48, 0x00, 0x40, 0x01, 0x00, 0x00, 0x00, 0x00, 0x00, 0x00, 0x00, 0x00, 0x00, 0x00, 0x00, 
0x70, 0x48, 0x00, 0x40, 0x01, 0x00, 0x00, 0x00, 0x00, 0x00, 0x00, 0x00, 0x00, 0x00, 0x00, 0x00, 
0x90, 0x56, 0x00, 0x40, 0x01, 0x00, 0x00, 0x00, 0x00, 0x00, 0x00, 0x00, 0x00, 0x00, 0x00, 0x00, 
0x00, 0x00, 0x00, 0x40, 0x01, 0x00, 0x00, 0x00, 0x00, 0x00, 0x00, 0x00, 0x00, 0x00, 0x00, 0x00, 
0x90, 0x56, 0x00, 0x40, 0x01, 0x00, 0x00, 0x00, 0x00, 0x00, 0x00, 0x00, 0x00, 0x00, 0x00, 0x00, 
0x90, 0x56, 0x00, 0x40, 0x01, 0x00, 0x00, 0x00, 0x00, 0x00, 0x00, 0x00, 0x00, 0x00, 0x00, 0x00, 
0xe8, 0x50, 0x00, 0x40, 0x01, 0x00, 0x00, 0x00, 0x00, 0x00, 0x00, 0x00, 0x00, 0x00, 0x00, 0x00, 
0x50, 0x48, 0x00, 0x40, 0x01, 0x00, 0x00, 0x00, 0x00, 0x00, 0x00, 0x00, 0x00, 0x00, 0x00, 0x00, 
0xc0, 0x48, 0x00, 0x40, 0x01, 0x00, 0x00, 0x00, 0x00, 0x00, 0x00, 0x00, 0x00, 0x00, 0x00, 0x00, 
0xd0, 0x90, 0x00, 0x40, 0x01, 0x00, 0x00, 0x00, 0x00, 0x00, 0x00, 0x00, 0x00, 0x00, 0x00, 0x00, 
0xb4, 0x90, 0x00, 0x40, 0x01, 0x00, 0x00, 0x00, 0x00, 0x00, 0x00, 0x00, 0x00, 0x00, 0x00, 0x00, 
0xb8, 0x90, 0x00, 0x40, 0x01, 0x00, 0x00, 0x00, 0x00, 0x00, 0x00, 0x00, 0x00, 0x00, 0x00, 0x00, 
0xbc, 0x90, 0x00, 0x40, 0x01, 0x00, 0x00, 0x00, 0x00, 0x00, 0x00, 0x00, 0x00, 0x00, 0x00, 0x00, 
0x10, 0x91, 0x00, 0x40, 0x01, 0x00, 0x00, 0x00, 0x00, 0x00, 0x00, 0x00, 0x00, 0x00, 0x00, 0x00, 
0x98, 0x90, 0x00, 0x40, 0x01, 0x00, 0x00, 0x00, 0x00, 0x00, 0x00, 0x00, 0x00, 0x00, 0x00, 0x00, 
0x90, 0x90, 0x00, 0x40, 0x01, 0x00, 0x00, 0x00, 0x00, 0x00, 0x00, 0x00, 0x00, 0x00, 0x00, 0x00, 
0xb8, 0x56, 0x00, 0x40, 0x01, 0x00, 0x00, 0x00, 0x00, 0x00, 0x00, 0x00, 0x00, 0x00, 0x00, 0x00, 
0xc0, 0x56, 0x00, 0x40, 0x01, 0x00, 0x00, 0x00, 0x00, 0x00, 0x00, 0x00, 0x00, 0x00, 0x00, 0x00, 
0xc8, 0x56, 0x00, 0x40, 0x01, 0x00, 0x00, 0x00, 0x00, 0x00, 0x00, 0x00, 0x00, 0x00, 0x00, 0x00, 
0xd0, 0x56, 0x00, 0x40, 0x01, 0x00, 0x00, 0x00, 0x00, 0x00, 0x00, 0x00, 0x00, 0x00, 0x00, 0x00, 
0xc0, 0x90, 0x00, 0x40, 0x01, 0x00, 0x00, 0x00, 0x00, 0x00, 0x00, 0x00, 0x00, 0x00, 0x00, 0x00, 
0x40, 0x48, 0x00, 0x40, 0x01, 0x00, 0x00, 0x00, 0x00, 0x00, 0x00, 0x00, 0x00, 0x00, 0x00, 0x00, 
0x00, 0x91, 0x00, 0x40, 0x01, 0x00, 0x00, 0x00, 0x00, 0x00, 0x00, 0x00, 0x00, 0x00, 0x00, 0x00, 
0x4a, 0x29, 0x00, 0x40, 0x01, 0x00, 0x00, 0x00, 0x00, 0x00, 0x00, 0x00, 0x00, 0x00, 0x00, 0x00, 
0x80, 0x1c, 0x00, 0x40, 0x01, 0x00, 0x00, 0x00, 0x00, 0x00, 0x00, 0x00, 0x00, 0x00, 0x00, 0x00, 
0xa0, 0x90, 0x00, 0x40, 0x01, 0x00, 0x00, 0x00, 0x00, 0x00, 0x00, 0x00, 0x00, 0x00, 0x00, 0x00, 
0x47, 0x43, 0x43, 0x3a, 0x20, 0x28, 0x4d, 0x69, 0x6e, 0x47, 0x57, 0x2d, 0x57, 0x36, 0x34, 0x20, 
0x78, 0x38, 0x36, 0x5f, 0x36, 0x34, 0x2d, 0x75, 0x63, 0x72, 0x74, 0x2d, 0x70, 0x6f, 0x73, 0x69, 
0x78, 0x2d, 0x73, 0x65, 0x68, 0x2c, 0x20, 0x62, 0x75, 0x69, 0x6c, 0x74, 0x20, 0x62, 0x79, 0x20, 
0x42, 0x72, 0x65, 0x63, 0x68, 0x74, 0x20, 0x53, 0x61, 0x6e, 0x64, 0x65, 0x72, 0x73, 0x2c, 0x20, 
0x72, 0x32, 0x29, 0x20, 0x31, 0x36, 0x2e, 0x31, 0x2e, 0x30, 0x00, 0x00, 0x00, 0x00, 0x00, 0x00, 
0x47, 0x43, 0x43, 0x3a, 0x20, 0x28, 0x4d, 0x69, 0x6e, 0x47, 0x57, 0x2d, 0x57, 0x36, 0x34, 0x20, 
0x78, 0x38, 0x36, 0x5f, 0x36, 0x34, 0x2d, 0x75, 0x63, 0x72, 0x74, 0x2d, 0x70, 0x6f, 0x73, 0x69, 
0x78, 0x2d, 0x73, 0x65, 0x68, 0x2c, 0x20, 0x62, 0x75, 0x69, 0x6c, 0x74, 0x20, 0x62, 0x79, 0x20, 
0x42, 0x72, 0x65, 0x63, 0x68, 0x74, 0x20, 0x53, 0x61, 0x6e, 0x64, 0x65, 0x72, 0x73, 0x2c, 0x20, 
0x72, 0x32, 0x29, 0x20, 0x31, 0x36, 0x2e, 0x31, 0x2e, 0x30, 0x00, 0x00, 0x00, 0x00, 0x00, 0x00, 
0x47, 0x43, 0x43, 0x3a, 0x20, 0x28, 0x4d, 0x69, 0x6e, 0x47, 0x57, 0x2d, 0x57, 0x36, 0x34, 0x20, 
0x78, 0x38, 0x36, 0x5f, 0x36, 0x34, 0x2d, 0x75, 0x63, 0x72, 0x74, 0x2d, 0x70, 0x6f, 0x73, 0x69, 
0x78, 0x2d, 0x73, 0x65, 0x68, 0x2c, 0x20, 0x62, 0x75, 0x69, 0x6c, 0x74, 0x20, 0x62, 0x79, 0x20, 
0x42, 0x72, 0x65, 0x63, 0x68, 0x74, 0x20, 0x53, 0x61, 0x6e, 0x64, 0x65, 0x72, 0x73, 0x2c, 0x20, 
0x72, 0x32, 0x29, 0x20, 0x31, 0x36, 0x2e, 0x31, 0x2e, 0x30, 0x00, 0x00, 0x00, 0x00, 0x00, 0x00, 
0x47, 0x43, 0x43, 0x3a, 0x20, 0x28, 0x4d, 0x69, 0x6e, 0x47, 0x57, 0x2d, 0x57, 0x36, 0x34, 0x20, 
0x78, 0x38, 0x36, 0x5f, 0x36, 0x34, 0x2d, 0x75, 0x63, 0x72, 0x74, 0x2d, 0x70, 0x6f, 0x73, 0x69, 
0x78, 0x2d, 0x73, 0x65, 0x68, 0x2c, 0x20, 0x62, 0x75, 0x69, 0x6c, 0x74, 0x20, 0x62, 0x79, 0x20, 
0x42, 0x72, 0x65, 0x63, 0x68, 0x74, 0x20, 0x53, 0x61, 0x6e, 0x64, 0x65, 0x72, 0x73, 0x2c, 0x20, 
0x72, 0x32, 0x29, 0x20, 0x31, 0x36, 0x2e, 0x31, 0x2e, 0x30, 0x00, 0x00, 0x00, 0x00, 0x00, 0x00, 
0xff, 0xff, 0xff, 0xff, 0xff, 0xff, 0xff, 0xff, 0x10, 0x37, 0x00, 0x40, 0x01, 0x00, 0x00, 0x00, 
0x00, 0x00, 0x00, 0x00, 0x00, 0x00, 0x00, 0x00, 0xff, 0xff, 0xff, 0xff, 0xff, 0xff, 0xff, 0xff, 
0x00, 0x00, 0x00, 0x00, 0x00, 0x00, 0x00, 0x00, 0x00, 0x00, 0x00, 0x00, 0x00, 0x00, 0x00, 0x00, 
0x00, 0x00, 0x00, 0x00, 0x00, 0x00, 0x00, 0x00, 0x00, 0x00, 0x00, 0x00, 0x00, 0x00, 0x00, 0x00, 
0x00, 0x00, 0x00, 0x00, 0x00, 0x00, 0x00, 0x00, 0x00, 0x00, 0x00, 0x00, 0x00, 0x00, 0x00, 0x00, 
0x80, 0x1b, 0x00, 0x40, 0x01, 0x00, 0x00, 0x00, 0x39, 0x1c, 0x00, 0x40, 0x01, 0x00, 0x00, 0x00, 
0x00, 0x00, 0x00, 0x00, 0x00, 0x00, 0x00, 0x00, 0x00, 0x00, 0x00, 0x00, 0x00, 0x00, 0x00, 0x00, 
0x00, 0x00, 0x00, 0x00, 0x00, 0x00, 0x00, 0x00, 0x00, 0x00, 0x00, 0x00, 0x00, 0x00, 0x00, 0x00, 
0x00, 0x00, 0x00, 0x00, 0x00, 0x00, 0x00, 0x00, 0x00, 0x00, 0x00, 0x00, 0x00, 0x00, 0x00, 0x00, 
0x00, 0x00, 0x00, 0x00, 0x00, 0x00, 0x00, 0x00, 0x00, 0x00, 0x00, 0x00, 0x00, 0x00, 0x00, 0x00, 
0x00, 0x00, 0x00, 0x00, 0x00, 0x00, 0x00, 0x00, 0x00, 0x00, 0x00, 0x00, 0x00, 0x00, 0x00, 0x00, 
0x00, 0x00, 0x00, 0x00, 0x00, 0x00, 0x00, 0x00, 0x00, 0x00, 0x00, 0x00, 0x00, 0x00, 0x00, 0x00, 
0x00, 0x00, 0x00, 0x00, 0x00, 0x00, 0x00, 0x00, 0x00, 0x00, 0x00, 0x00, 0x00, 0x00, 0x00, 0x00, 
0x00, 0x00, 0x00, 0x00, 0x00, 0x00, 0x00, 0x00, 0x00, 0x00, 0x00, 0x00, 0x00, 0x00, 0x00, 0x00, 
0x00, 0x00, 0x00, 0x00, 0x00, 0x00, 0x00, 0x00, 0x00, 0x00, 0x00, 0x00, 0x00, 0x00, 0x00, 0x00, 
0x00, 0x00, 0x00, 0x00, 0x00, 0x00, 0x00, 0x00, 0x00, 0x00, 0x00, 0x00, 0x00, 0x00, 0x00, 0x00, 
0x00, 0x00, 0x00, 0x00, 0x00, 0x00, 0x00, 0x00, 0x00, 0x00, 0x00, 0x00, 0x00, 0x00, 0x00, 0x00, 
0x00, 0x00, 0x00, 0x00, 0x00, 0x00, 0x00, 0x00, 0x00, 0x00, 0x00, 0x00, 0x00, 0x00, 0x00, 0x00, 
0x00, 0x00, 0x00, 0x00, 0x00, 0x00, 0x00, 0x00, 0x00, 0x00, 0x00, 0x00, 0x00, 0x00, 0x00, 0x00, 
0x00, 0x00, 0x00, 0x00, 0x00, 0x00, 0x00, 0x00, 0x00, 0x00, 0x00, 0x00, 0x00, 0x00, 0x00, 0x00, 
0x00, 0x00, 0x00, 0x00, 0x00, 0x00, 0x00, 0x00, 0x00, 0x00, 0x00, 0x00, 0x00, 0x00, 0x00, 0x00, 
0x00, 0x00, 0x00, 0x00, 0x00, 0x00, 0x00, 0x00, 0x00, 0x00, 0x00, 0x00, 0x00, 0x00, 0x00, 0x00, 
0x00, 0x00, 0x00, 0x00, 0x00, 0x00, 0x00, 0x00, 0x00, 0x00, 0x00, 0x00, 0x00, 0x00, 0x00, 0x00, 
0x00, 0x00, 0x00, 0x00, 0x00, 0x00, 0x00, 0x00, 0x00, 0x00, 0x00, 0x00, 0x00, 0x00, 0x00, 0x00, 
0x00, 0x00, 0x00, 0x00, 0x00, 0x00, 0x00, 0x00, 0x00, 0x00, 0x00, 0x00, 0x00, 0x00, 0x00, 0x00, 
0x00, 0x00, 0x00, 0x00, 0x00, 0x00, 0x00, 0x00, 0x00, 0x00, 0x00, 0x00, 0x00, 0x00, 0x00, 0x00, 
0x00, 0x00, 0x00, 0x00, 0x00, 0x00, 0x00, 0x00, 0x00, 0x00, 0x00, 0x00, 0x00, 0x00, 0x00, 0x00, 
0x00, 0x00, 0x00, 0x00, 0x00, 0x00, 0x00, 0x00, 0x00, 0x00, 0x00, 0x00, 0x00, 0x00, 0x00, 0x00, 
0x00, 0x00, 0x00, 0x00, 0x00, 0x00, 0x00, 0x00, 0x00, 0x00, 0x00, 0x00, 0x00, 0x00, 0x00, 0x00, 
0x00, 0x00, 0x00, 0x00, 0x00, 0x00, 0x00, 0x00, 0x00, 0x00, 0x00, 0x00, 0x00, 0x00, 0x00, 0x00, 
0x00, 0x00, 0x00, 0x00, 0x00, 0x00, 0x00, 0x00, 0x00, 0x00, 0x00, 0x00, 0x00, 0x00, 0x00, 0x00, 
0x00, 0x00, 0x00, 0x00, 0x00, 0x00, 0x00, 0x00, 0x00, 0x00, 0x00, 0x00, 0x00, 0x00, 0x00, 0x00, 
0x00, 0x00, 0x00, 0x00, 0x00, 0x00, 0x00, 0x00, 0x00, 0x00, 0x00, 0x00, 0x00, 0x00, 0x00, 0x00, 
0x00, 0x00, 0x00, 0x00, 0x00, 0x00, 0x00, 0x00, 0x00, 0x00, 0x00, 0x00, 0x00, 0x00, 0x00, 0x00, 
0x00, 0x00, 0x00, 0x00, 0x00, 0x00, 0x00, 0x00, 0x00, 0x00, 0x00, 0x00, 0x00, 0x00, 0x00, 0x00, 
0x00, 0x00, 0x00, 0x00, 0x00, 0x00, 0x00, 0x00, 0x00, 0x00, 0x00, 0x00, 0x00, 0x00, 0x00, 0x00, 
0x00, 0x00, 0x00, 0x00, 0x00, 0x00, 0x00, 0x00, 0x00, 0x00, 0x00, 0x00, 0x00, 0x00, 0x00, 0x00, 
0x00, 0x00, 0x00, 0x00, 0x00, 0x00, 0x00, 0x00, 0x00, 0x00, 0x00, 0x00, 0x00, 0x00, 0x00, 0x00, 
0x00, 0x00, 0x00, 0x00, 0x00, 0x00, 0x00, 0x00, 0x00, 0x00, 0x00, 0x00, 0x00, 0x00, 0x00, 0x00, 
0x00, 0x00, 0x00, 0x00, 0x00, 0x00, 0x00, 0x00, 0x00, 0x00, 0x00, 0x00, 0x00, 0x00, 0x00, 0x00, 
0x00, 0x00, 0x00, 0x00, 0x00, 0x00, 0x00, 0x00, 0x00, 0x00, 0x00, 0x00, 0x00, 0x00, 0x00, 0x00, 
0x00, 0x00, 0x00, 0x00, 0x00, 0x00, 0x00, 0x00, 0x00, 0x00, 0x00, 0x00, 0x00, 0x00, 0x00, 0x00, 
0x00, 0x00, 0x00, 0x00, 0x00, 0x00, 0x00, 0x00, 0x00, 0x00, 0x00, 0x00, 0x00, 0x00, 0x00, 0x00, 
0x00, 0x00, 0x00, 0x00, 0x00, 0x00, 0x00, 0x00, 0x00, 0x00, 0x00, 0x00, 0x00, 0x00, 0x00, 0x00, 
0x00, 0x00, 0x00, 0x00, 0x00, 0x00, 0x00, 0x00, 0x00, 0x00, 0x00, 0x00, 0x00, 0x00, 0x00, 0x00, 
0x00, 0x00, 0x00, 0x00, 0x00, 0x00, 0x00, 0x00, 0x00, 0x00, 0x00, 0x00, 0x00, 0x00, 0x00, 0x00, 
0x00, 0x00, 0x00, 0x00, 0x00, 0x00, 0x00, 0x00, 0x00, 0x00, 0x00, 0x00, 0x00, 0x00, 0x00, 0x00, 
0x00, 0x00, 0x00, 0x00, 0x00, 0x00, 0x00, 0x00, 0x00, 0x00, 0x00, 0x00, 0x00, 0x00, 0x00, 0x00, 
0x00, 0x00, 0x00, 0x00, 0x00, 0x00, 0x00, 0x00, 0x00, 0x00, 0x00, 0x00, 0x00, 0x00, 0x00, 0x00, 
0x00, 0x00, 0x00, 0x00, 0x00, 0x00, 0x00, 0x00, 0x00, 0x00, 0x00, 0x00, 0x00, 0x00, 0x00, 0x00, 
0x00, 0x00, 0x00, 0x00, 0x00, 0x00, 0x00, 0x00, 0x00, 0x00, 0x00, 0x00, 0x00, 0x00, 0x00, 0x00, 
0x00, 0x00, 0x00, 0x00, 0x00, 0x00, 0x00, 0x00, 0x00, 0x00, 0x00, 0x00, 0x00, 0x00, 0x00, 0x00, 
0x00, 0x00, 0x00, 0x00, 0x00, 0x00, 0x00, 0x00, 0x00, 0x00, 0x00, 0x00, 0x00, 0x00, 0x00, 0x00, 
0x00, 0x00, 0x00, 0x00, 0x00, 0x00, 0x00, 0x00, 0x00, 0x00, 0x00, 0x00, 0x00, 0x00, 0x00, 0x00, 
0x00, 0x00, 0x00, 0x00, 0x00, 0x00, 0x00, 0x00, 0x00, 0x00, 0x00, 0x00, 0x00, 0x00, 0x00, 0x00, 
0x00, 0x10, 0x00, 0x00, 0x17, 0x10, 0x00, 0x00, 0x00, 0x80, 0x00, 0x00, 0x17, 0x10, 0x00, 0x00, 
0x30, 0x10, 0x00, 0x00, 0x08, 0x80, 0x00, 0x00, 0x30, 0x10, 0x00, 0x00, 0x5f, 0x10, 0x00, 0x00, 
0x14, 0x80, 0x00, 0x00, 0x5f, 0x10, 0x00, 0x00, 0x8e, 0x10, 0x00, 0x00, 0x38, 0x80, 0x00, 0x00, 
0x8e, 0x10, 0x00, 0x00, 0xec, 0x13, 0x00, 0x00, 0x5c, 0x80, 0x00, 0x00, 0xec, 0x13, 0x00, 0x00, 
0xf0, 0x14, 0x00, 0x00, 0x68, 0x80, 0x00, 0x00, 0xf0, 0x14, 0x00, 0x00, 0x32, 0x16, 0x00, 0x00, 
0x74, 0x80, 0x00, 0x00, 0x32, 0x16, 0x00, 0x00, 0x50, 0x16, 0x00, 0x00, 0x80, 0x80, 0x00, 0x00, 
0x50, 0x16, 0x00, 0x00, 0x51, 0x16, 0x00, 0x00, 0x8c, 0x80, 0x00, 0x00, 0x60, 0x16, 0x00, 0x00, 
0x63, 0x16, 0x00, 0x00, 0x90, 0x80, 0x00, 0x00, 0x70, 0x16, 0x00, 0x00, 0x17, 0x17, 0x00, 0x00, 
0x94, 0x80, 0x00, 0x00, 0x20, 0x17, 0x00, 0x00, 0x5e, 0x17, 0x00, 0x00, 0xa0, 0x80, 0x00, 0x00, 
0x60, 0x17, 0x00, 0x00, 0xb3, 0x17, 0x00, 0x00, 0xac, 0x80, 0x00, 0x00, 0xc0, 0x17, 0x00, 0x00, 
0x97, 0x1a, 0x00, 0x00, 0xb8, 0x80, 0x00, 0x00, 0xa0, 0x1a, 0x00, 0x00, 0xdf, 0x1a, 0x00, 0x00, 
0xcc, 0x80, 0x00, 0x00, 0xdf, 0x1a, 0x00, 0x00, 0x57, 0x1b, 0x00, 0x00, 0xd8, 0x80, 0x00, 0x00, 
0x57, 0x1b, 0x00, 0x00, 0x7f, 0x1b, 0x00, 0x00, 0xe4, 0x80, 0x00, 0x00, 0x80, 0x1b, 0x00, 0x00, 
0x1c, 0x1c, 0x00, 0x00, 0xf0, 0x80, 0x00, 0x00, 0x1c, 0x1c, 0x00, 0x00, 0x39, 0x1c, 0x00, 0x00, 
0xfc, 0x80, 0x00, 0x00, 0x39, 0x1c, 0x00, 0x00, 0x77, 0x1c, 0x00, 0x00, 0x04, 0x81, 0x00, 0x00, 
0x80, 0x1c, 0x00, 0x00, 0xac, 0x1d, 0x00, 0x00, 0x10, 0x81, 0x00, 0x00, 0xb0, 0x1d, 0x00, 0x00, 
0xbb, 0x1d, 0x00, 0x00, 0x2c, 0x81, 0x00, 0x00, 0xc0, 0x1d, 0x00, 0x00, 0x25, 0x1e, 0x00, 0x00, 
0x34, 0x81, 0x00, 0x00, 0x25, 0x1e, 0x00, 0x00, 0x03, 0x21, 0x00, 0x00, 0x40, 0x81, 0x00, 0x00, 
0x03, 0x21, 0x00, 0x00, 0xdb, 0x21, 0x00, 0x00, 0x4c, 0x81, 0x00, 0x00, 0xdb, 0x21, 0x00, 0x00, 
0x22, 0x22, 0x00, 0x00, 0x58, 0x81, 0x00, 0x00, 0x22, 0x22, 0x00, 0x00, 0xa0, 0x25, 0x00, 0x00, 
0x64, 0x81, 0x00, 0x00, 0xa0, 0x25, 0x00, 0x00, 0x44, 0x26, 0x00, 0x00, 0x70, 0x81, 0x00, 0x00, 
0x50, 0x26, 0x00, 0x00, 0xba, 0x26, 0x00, 0x00, 0x7c, 0x81, 0x00, 0x00, 0xba, 0x26, 0x00, 0x00, 
0xe4, 0x26, 0x00, 0x00, 0x88, 0x81, 0x00, 0x00, 0xf0, 0x26, 0x00, 0x00, 0x4a, 0x29, 0x00, 0x00, 
0x94, 0x81, 0x00, 0x00, 0x4a, 0x29, 0x00, 0x00, 0xae, 0x2b, 0x00, 0x00, 0xa0, 0x81, 0x00, 0x00, 
0xb0, 0x2b, 0x00, 0x00, 0x51, 0x2c, 0x00, 0x00, 0xac, 0x81, 0x00, 0x00, 0x51, 0x2c, 0x00, 0x00, 
0x12, 0x2d, 0x00, 0x00, 0xb8, 0x81, 0x00, 0x00, 0x12, 0x2d, 0x00, 0x00, 0xb1, 0x2d, 0x00, 0x00, 
0xc4, 0x81, 0x00, 0x00, 0xb1, 0x2d, 0x00, 0x00, 0xad, 0x2e, 0x00, 0x00, 0xd0, 0x81, 0x00, 0x00, 
0xb0, 0x2e, 0x00, 0x00, 0xb9, 0x2e, 0x00, 0x00, 0xdc, 0x81, 0x00, 0x00, 0xc0, 0x2e, 0x00, 0x00, 
0x3c, 0x2f, 0x00, 0x00, 0xe4, 0x81, 0x00, 0x00, 0x3c, 0x2f, 0x00, 0x00, 0xd5, 0x2f, 0x00, 0x00, 
0xf0, 0x81, 0x00, 0x00, 0xd5, 0x2f, 0x00, 0x00, 0x9b, 0x30, 0x00, 0x00, 0xfc, 0x81, 0x00, 0x00, 
0x9b, 0x30, 0x00, 0x00, 0xeb, 0x30, 0x00, 0x00, 0x08, 0x82, 0x00, 0x00, 0xeb, 0x30, 0x00, 0x00, 
0x3b, 0x31, 0x00, 0x00, 0x14, 0x82, 0x00, 0x00, 0x3b, 0x31, 0x00, 0x00, 0xe7, 0x31, 0x00, 0x00, 
0x20, 0x82, 0x00, 0x00, 0xe7, 0x31, 0x00, 0x00, 0x1b, 0x32, 0x00, 0x00, 0x2c, 0x82, 0x00, 0x00, 
0x1b, 0x32, 0x00, 0x00, 0x8c, 0x32, 0x00, 0x00, 0x38, 0x82, 0x00, 0x00, 0x8c, 0x32, 0x00, 0x00, 
0x6d, 0x33, 0x00, 0x00, 0x44, 0x82, 0x00, 0x00, 0xb0, 0x33, 0x00, 0x00, 0xf1, 0x33, 0x00, 0x00, 
0x50, 0x82, 0x00, 0x00, 0x00, 0x34, 0x00, 0x00, 0x5a, 0x34, 0x00, 0x00, 0x5c, 0x82, 0x00, 0x00, 
0x60, 0x34, 0x00, 0x00, 0x6d, 0x34, 0x00, 0x00, 0x68, 0x82, 0x00, 0x00, 0x70, 0x34, 0x00, 0x00, 
0x80, 0x34, 0x00, 0x00, 0x70, 0x82, 0x00, 0x00, 0x80, 0x34, 0x00, 0x00, 0xb8, 0x34, 0x00, 0x00, 
0x78, 0x82, 0x00, 0x00, 0xc0, 0x34, 0x00, 0x00, 0x39, 0x35, 0x00, 0x00, 0x84, 0x82, 0x00, 0x00, 
0x10, 0x37, 0x00, 0x00, 0x15, 0x37, 0x00, 0x00, 0x90, 0x82, 0x00, 0x00, 0x00, 0x00, 0x00, 0x00, 
0x00, 0x00, 0x00, 0x00, 0x00, 0x00, 0x00, 0x00, 0x00, 0x00, 0x00, 0x00, 0x00, 0x00, 0x00, 0x00, 
0x00, 0x00, 0x00, 0x00, 0x00, 0x00, 0x00, 0x00, 0x00, 0x00, 0x00, 0x00, 0x00, 0x00, 0x00, 0x00, 
0x00, 0x00, 0x00, 0x00, 0x00, 0x00, 0x00, 0x00, 0x00, 0x00, 0x00, 0x00, 0x00, 0x00, 0x00, 0x00, 
0x00, 0x00, 0x00, 0x00, 0x00, 0x00, 0x00, 0x00, 0x00, 0x00, 0x00, 0x00, 0x00, 0x00, 0x00, 0x00, 
0x00, 0x00, 0x00, 0x00, 0x00, 0x00, 0x00, 0x00, 0x00, 0x00, 0x00, 0x00, 0x00, 0x00, 0x00, 0x00, 
0x00, 0x00, 0x00, 0x00, 0x00, 0x00, 0x00, 0x00, 0x00, 0x00, 0x00, 0x00, 0x00, 0x00, 0x00, 0x00, 
0x00, 0x00, 0x00, 0x00, 0x00, 0x00, 0x00, 0x00, 0x00, 0x00, 0x00, 0x00, 0x00, 0x00, 0x00, 0x00, 
0x00, 0x00, 0x00, 0x00, 0x00, 0x00, 0x00, 0x00, 0x00, 0x00, 0x00, 0x00, 0x00, 0x00, 0x00, 0x00, 
0x00, 0x00, 0x00, 0x00, 0x00, 0x00, 0x00, 0x00, 0x00, 0x00, 0x00, 0x00, 0x00, 0x00, 0x00, 0x00, 
0x00, 0x00, 0x00, 0x00, 0x00, 0x00, 0x00, 0x00, 0x00, 0x00, 0x00, 0x00, 0x00, 0x00, 0x00, 0x00, 
0x00, 0x00, 0x00, 0x00, 0x00, 0x00, 0x00, 0x00, 0x00, 0x00, 0x00, 0x00, 0x00, 0x00, 0x00, 0x00, 
0x00, 0x00, 0x00, 0x00, 0x00, 0x00, 0x00, 0x00, 0x00, 0x00, 0x00, 0x00, 0x00, 0x00, 0x00, 0x00, 
0x00, 0x00, 0x00, 0x00, 0x00, 0x00, 0x00, 0x00, 0x00, 0x00, 0x00, 0x00, 0x00, 0x00, 0x00, 0x00, 
0x00, 0x00, 0x00, 0x00, 0x00, 0x00, 0x00, 0x00, 0x00, 0x00, 0x00, 0x00, 0x00, 0x00, 0x00, 0x00, 
0x00, 0x00, 0x00, 0x00, 0x00, 0x00, 0x00, 0x00, 0x00, 0x00, 0x00, 0x00, 0x00, 0x00, 0x00, 0x00, 
0x00, 0x00, 0x00, 0x00, 0x00, 0x00, 0x00, 0x00, 0x00, 0x00, 0x00, 0x00, 0x00, 0x00, 0x00, 0x00, 
0x00, 0x00, 0x00, 0x00, 0x00, 0x00, 0x00, 0x00, 0x00, 0x00, 0x00, 0x00, 0x00, 0x00, 0x00, 0x00, 
0x00, 0x00, 0x00, 0x00, 0x00, 0x00, 0x00, 0x00, 0x00, 0x00, 0x00, 0x00, 0x00, 0x00, 0x00, 0x00, 
0x00, 0x00, 0x00, 0x00, 0x00, 0x00, 0x00, 0x00, 0x00, 0x00, 0x00, 0x00, 0x00, 0x00, 0x00, 0x00, 
0x00, 0x00, 0x00, 0x00, 0x00, 0x00, 0x00, 0x00, 0x00, 0x00, 0x00, 0x00, 0x00, 0x00, 0x00, 0x00, 
0x00, 0x00, 0x00, 0x00, 0x00, 0x00, 0x00, 0x00, 0x00, 0x00, 0x00, 0x00, 0x00, 0x00, 0x00, 0x00, 
0x00, 0x00, 0x00, 0x00, 0x00, 0x00, 0x00, 0x00, 0x00, 0x00, 0x00, 0x00, 0x00, 0x00, 0x00, 0x00, 
0x00, 0x00, 0x00, 0x00, 0x00, 0x00, 0x00, 0x00, 0x00, 0x00, 0x00, 0x00, 0x00, 0x00, 0x00, 0x00, 
0x00, 0x00, 0x00, 0x00, 0x00, 0x00, 0x00, 0x00, 0x00, 0x00, 0x00, 0x00, 0x00, 0x00, 0x00, 0x00, 
0x01, 0x04, 0x02, 0x05, 0x04, 0x03, 0x01, 0x50, 0x01, 0x08, 0x03, 0x05, 0x08, 0x32, 0x04, 0x03, 
0x01, 0x50, 0x00, 0x00, 0x09, 0x08, 0x03, 0x05, 0x08, 0x52, 0x04, 0x03, 0x01, 0x50, 0x00, 0x00, 
0x10, 0x36, 0x00, 0x00, 0x01, 0x00, 0x00, 0x00, 0x3f, 0x10, 0x00, 0x00, 0x55, 0x10, 0x00, 0x00, 
0x4a, 0x29, 0x00, 0x00, 0x55, 0x10, 0x00, 0x00, 0x09, 0x08, 0x03, 0x05, 0x08, 0x52, 0x04, 0x03, 
0x01, 0x50, 0x00, 0x00, 0x10, 0x36, 0x00, 0x00, 0x01, 0x00, 0x00, 0x00, 0x6e, 0x10, 0x00, 0x00, 
0x84, 0x10, 0x00, 0x00, 0x4a, 0x29, 0x00, 0x00, 0x84, 0x10, 0x00, 0x00, 0x01, 0x0b, 0x04, 0x05, 
0x0b, 0x01, 0x12, 0x00, 0x04, 0x03, 0x01, 0x50, 0x01, 0x08, 0x03, 0x05, 0x08, 0x32, 0x04, 0x03, 
0x01, 0x50, 0x00, 0x00, 0x01, 0x0b, 0x04, 0x45, 0x0b, 0x03, 0x06, 0x82, 0x02, 0x30, 0x01, 0x50, 
0x01, 0x08, 0x03, 0x05, 0x08, 0x32, 0x04, 0x03, 0x01, 0x50, 0x00, 0x00, 0x01, 0x00, 0x00, 0x00, 
0x01, 0x00, 0x00, 0x00, 0x01, 0x0b, 0x04, 0x35, 0x0b, 0x03, 0x06, 0x62, 0x02, 0x30, 0x01, 0x50, 
0x01, 0x08, 0x03, 0x05, 0x08, 0x32, 0x04, 0x03, 0x01, 0x50, 0x00, 0x00, 0x01, 0x06, 0x03, 0x00, 
0x06, 0xa2, 0x02, 0x30, 0x01, 0x60, 0x00, 0x00, 0x01, 0x0d, 0x07, 0x00, 0x0d, 0x01, 0x86, 0x01, 
0x06, 0x30, 0x05, 0x60, 0x04, 0x70, 0x03, 0x50, 0x02, 0xc0, 0x00, 0x00, 0x01, 0x08, 0x03, 0x05, 
0x08, 0x32, 0x04, 0x03, 0x01, 0x50, 0x00, 0x00, 0x01, 0x08, 0x03, 0x05, 0x08, 0x52, 0x04, 0x03, 
0x01, 0x50, 0x00, 0x00, 0x01, 0x08, 0x03, 0x05, 0x08, 0x32, 0x04, 0x03, 0x01, 0x50, 0x00, 0x00, 
0x01, 0x08, 0x03, 0x05, 0x08, 0x52, 0x04, 0x03, 0x01, 0x50, 0x00, 0x00, 0x01, 0x04, 0x02, 0x05, 
0x04, 0x03, 0x01, 0x50, 0x01, 0x08, 0x03, 0x05, 0x08, 0x32, 0x04, 0x03, 0x01, 0x50, 0x00, 0x00, 
0x01, 0x1b, 0x0b, 0x55, 0x1b, 0x88, 0x07, 0x00, 0x16, 0x78, 0x06, 0x00, 0x12, 0x68, 0x05, 0x00, 
0x0e, 0x03, 0x09, 0x01, 0x11, 0x00, 0x02, 0x30, 0x01, 0x50, 0x00, 0x00, 0x01, 0x04, 0x02, 0x05, 
0x04, 0x03, 0x01, 0x50, 0x01, 0x0b, 0x04, 0x35, 0x0b, 0x03, 0x06, 0x62, 0x02, 0x30, 0x01, 0x50, 
0x01, 0x08, 0x03, 0x05, 0x08, 0xb2, 0x04, 0x03, 0x01, 0x50, 0x00, 0x00, 0x01, 0x08, 0x03, 0x05, 
0x08, 0x52, 0x04, 0x03, 0x01, 0x50, 0x00, 0x00, 0x01, 0x08, 0x03, 0x05, 0x08, 0x32, 0x04, 0x03, 
0x01, 0x50, 0x00, 0x00, 0x01, 0x08, 0x03, 0x05, 0x08, 0xf2, 0x04, 0x03, 0x01, 0x50, 0x00, 0x00, 
0x01, 0x08, 0x03, 0x05, 0x08, 0x52, 0x04, 0x03, 0x01, 0x50, 0x00, 0x00, 0x01, 0x08, 0x03, 0x05, 
0x08, 0x92, 0x04, 0x03, 0x01, 0x50, 0x00, 0x00, 0x01, 0x08, 0x03, 0x05, 0x08, 0x32, 0x04, 0x03, 
0x01, 0x50, 0x00, 0x00, 0x01, 0x08, 0x03, 0x05, 0x08, 0x52, 0x04, 0x03, 0x01, 0x50, 0x00, 0x00, 
0x01, 0x08, 0x03, 0x05, 0x08, 0x52, 0x04, 0x03, 0x01, 0x50, 0x00, 0x00, 0x01, 0x08, 0x03, 0x05, 
0x08, 0x52, 0x04, 0x03, 0x01, 0x50, 0x00, 0x00, 0x01, 0x08, 0x03, 0x05, 0x08, 0x52, 0x04, 0x03, 
0x01, 0x50, 0x00, 0x00, 0x01, 0x08, 0x03, 0x05, 0x08, 0x52, 0x04, 0x03, 0x01, 0x50, 0x00, 0x00, 
0x01, 0x08, 0x03, 0x05, 0x08, 0x52, 0x04, 0x03, 0x01, 0x50, 0x00, 0x00, 0x01, 0x04, 0x02, 0x05, 
0x04, 0x03, 0x01, 0x50, 0x01, 0x08, 0x03, 0x05, 0x08, 0x32, 0x04, 0x03, 0x01, 0x50, 0x00, 0x00, 
0x01, 0x08, 0x03, 0x05, 0x08, 0x32, 0x04, 0x03, 0x01, 0x50, 0x00, 0x00, 0x01, 0x08, 0x03, 0x05, 
0x08, 0x72, 0x04, 0x03, 0x01, 0x50, 0x00, 0x00, 0x01, 0x08, 0x03, 0x05, 0x08, 0x52, 0x04, 0x03, 
0x01, 0x50, 0x00, 0x00, 0x01, 0x08, 0x03, 0x05, 0x08, 0x52, 0x04, 0x03, 0x01, 0x50, 0x00, 0x00, 
0x01, 0x08, 0x03, 0x05, 0x08, 0x72, 0x04, 0x03, 0x01, 0x50, 0x00, 0x00, 0x01, 0x08, 0x03, 0x05, 
0x08, 0x52, 0x04, 0x03, 0x01, 0x50, 0x00, 0x00, 0x01, 0x08, 0x03, 0x05, 0x08, 0x72, 0x04, 0x03, 
0x01, 0x50, 0x00, 0x00, 0x01, 0x08, 0x03, 0x05, 0x08, 0x92, 0x04, 0x03, 0x01, 0x50, 0x00, 0x00, 
0x01, 0x08, 0x03, 0x05, 0x08, 0x52, 0x04, 0x03, 0x01, 0x50, 0x00, 0x00, 0x01, 0x0b, 0x04, 0x45, 
0x0b, 0x03, 0x06, 0x82, 0x02, 0x30, 0x01, 0x50, 0x01, 0x04, 0x02, 0x05, 0x04, 0x03, 0x01, 0x50, 
0x01, 0x04, 0x02, 0x05, 0x04, 0x03, 0x01, 0x50, 0x01, 0x08, 0x03, 0x05, 0x08, 0x32, 0x04, 0x03, 
0x01, 0x50, 0x00, 0x00, 0x01, 0x08, 0x03, 0x05, 0x08, 0x32, 0x04, 0x03, 0x01, 0x50, 0x00, 0x00, 
0x01, 0x00, 0x00, 0x00, 0x00, 0x00, 0x00, 0x00, 0x00, 0x00, 0x00, 0x00, 0x00, 0x00, 0x00, 0x00, 
0x00, 0x00, 0x00, 0x00, 0x00, 0x00, 0x00, 0x00, 0x00, 0x00, 0x00, 0x00, 0x00, 0x00, 0x00, 0x00, 
0x00, 0x00, 0x00, 0x00, 0x00, 0x00, 0x00, 0x00, 0x00, 0x00, 0x00, 0x00, 0x00, 0x00, 0x00, 0x00, 
0x00, 0x00, 0x00, 0x00, 0x00, 0x00, 0x00, 0x00, 0x00, 0x00, 0x00, 0x00, 0x00, 0x00, 0x00, 0x00, 
0x00, 0x00, 0x00, 0x00, 0x00, 0x00, 0x00, 0x00, 0x00, 0x00, 0x00, 0x00, 0x00, 0x00, 0x00, 0x00, 
0x00, 0x00, 0x00, 0x00, 0x00, 0x00, 0x00, 0x00, 0x00, 0x00, 0x00, 0x00, 0x00, 0x00, 0x00, 0x00, 
0x00, 0x00, 0x00, 0x00, 0x00, 0x00, 0x00, 0x00, 0x00, 0x00, 0x00, 0x00, 0x00, 0x00, 0x00, 0x00, 
0x00, 0x00, 0x00, 0x00, 0x00, 0x00, 0x00, 0x00, 0x00, 0x00, 0x00, 0x00, 0x00, 0x00, 0x00, 0x00, 
0x00, 0x00, 0x00, 0x00, 0x00, 0x00, 0x00, 0x00, 0x00, 0x00, 0x00, 0x00, 0x00, 0x00, 0x00, 0x00, 
0x00, 0x00, 0x00, 0x00, 0x00, 0x00, 0x00, 0x00, 0x00, 0x00, 0x00, 0x00, 0x00, 0x00, 0x00, 0x00, 
0x00, 0x00, 0x00, 0x00, 0x00, 0x00, 0x00, 0x00, 0x00, 0x00, 0x00, 0x00, 0x00, 0x00, 0x00, 0x00, 
0x00, 0x00, 0x00, 0x00, 0x00, 0x00, 0x00, 0x00, 0x00, 0x00, 0x00, 0x00, 0x00, 0x00, 0x00, 0x00, 
0x00, 0x00, 0x00, 0x00, 0x00, 0x00, 0x00, 0x00, 0x00, 0x00, 0x00, 0x00, 0x00, 0x00, 0x00, 0x00, 
0x00, 0x00, 0x00, 0x00, 0x00, 0x00, 0x00, 0x00, 0x00, 0x00, 0x00, 0x00, 0x00, 0x00, 0x00, 0x00, 
0x00, 0x00, 0x00, 0x00, 0x00, 0x00, 0x00, 0x00, 0x00, 0x00, 0x00, 0x00, 0x00, 0x00, 0x00, 0x00, 
0x00, 0x00, 0x00, 0x00, 0x00, 0x00, 0x00, 0x00, 0x00, 0x00, 0x00, 0x00, 0x00, 0x00, 0x00, 0x00, 
0x00, 0x00, 0x00, 0x00, 0x00, 0x00, 0x00, 0x00, 0x00, 0x00, 0x00, 0x00, 0x00, 0x00, 0x00, 0x00, 
0x00, 0x00, 0x00, 0x00, 0x00, 0x00, 0x00, 0x00, 0x00, 0x00, 0x00, 0x00, 0x00, 0x00, 0x00, 0x00, 
0x00, 0x00, 0x00, 0x00, 0x00, 0x00, 0x00, 0x00, 0x00, 0x00, 0x00, 0x00, 0x00, 0x00, 0x00, 0x00, 
0x00, 0x00, 0x00, 0x00, 0x00, 0x00, 0x00, 0x00, 0x00, 0x00, 0x00, 0x00, 0x00, 0x00, 0x00, 0x00, 
0x00, 0x00, 0x00, 0x00, 0x00, 0x00, 0x00, 0x00, 0x00, 0x00, 0x00, 0x00, 0x00, 0x00, 0x00, 0x00, 
0x00, 0x00, 0x00, 0x00, 0x00, 0x00, 0x00, 0x00, 0x00, 0x00, 0x00, 0x00, 0x00, 0x00, 0x00, 0x00, 
0x00, 0x00, 0x00, 0x00, 0x00, 0x00, 0x00, 0x00, 0x00, 0x00, 0x00, 0x00, 0x00, 0x00, 0x00, 0x00, 
0xe0, 0xa0, 0x00, 0x00, 0x00, 0x00, 0x00, 0x00, 0x00, 0x00, 0x00, 0x00, 0x60, 0xa8, 0x00, 0x00, 
0xd0, 0xa2, 0x00, 0x00, 0x70, 0xa1, 0x00, 0x00, 0x00, 0x00, 0x00, 0x00, 0x00, 0x00, 0x00, 0x00, 
0x74, 0xa8, 0x00, 0x00, 0x60, 0xa3, 0x00, 0x00, 0x80, 0xa1, 0x00, 0x00, 0x00, 0x00, 0x00, 0x00, 
0x00, 0x00, 0x00, 0x00, 0xac, 0xa8, 0x00, 0x00, 0x70, 0xa3, 0x00, 0x00, 0xa8, 0xa1, 0x00, 0x00, 
0x00, 0x00, 0x00, 0x00, 0x00, 0x00, 0x00, 0x00, 0xd0, 0xa8, 0x00, 0x00, 0x98, 0xa3, 0x00, 0x00, 
0xb8, 0xa1, 0x00, 0x00, 0x00, 0x00, 0x00, 0x00, 0x00, 0x00, 0x00, 0x00, 0xf8, 0xa8, 0x00, 0x00, 
0xa8, 0xa3, 0x00, 0x00, 0xc8, 0xa1, 0x00, 0x00, 0x00, 0x00, 0x00, 0x00, 0x00, 0x00, 0x00, 0x00, 
0x20, 0xa9, 0x00, 0x00, 0xb8, 0xa3, 0x00, 0x00, 0xe0, 0xa1, 0x00, 0x00, 0x00, 0x00, 0x00, 0x00, 
0x00, 0x00, 0x00, 0x00, 0x7c, 0xa9, 0x00, 0x00, 0xd0, 0xa3, 0x00, 0x00, 0x58, 0xa2, 0x00, 0x00, 
0x00, 0x00, 0x00, 0x00, 0x00, 0x00, 0x00, 0x00, 0xbc, 0xa9, 0x00, 0x00, 0x48, 0xa4, 0x00, 0x00, 
0x98, 0xa2, 0x00, 0x00, 0x00, 0x00, 0x00, 0x00, 0x00, 0x00, 0x00, 0x00, 0xec, 0xa9, 0x00, 0x00, 
0x88, 0xa4, 0x00, 0x00, 0xc0, 0xa2, 0x00, 0x00, 0x00, 0x00, 0x00, 0x00, 0x00, 0x00, 0x00, 0x00, 
0x14, 0xaa, 0x00, 0x00, 0xb0, 0xa4, 0x00, 0x00, 0x00, 0x00, 0x00, 0x00, 0x00, 0x00, 0x00, 0x00, 
0x00, 0x00, 0x00, 0x00, 0x00, 0x00, 0x00, 0x00, 0x00, 0x00, 0x00, 0x00, 0x00, 0x00, 0x00, 0x00, 
0xc0, 0xa4, 0x00, 0x00, 0x00, 0x00, 0x00, 0x00, 0xce, 0xa4, 0x00, 0x00, 0x00, 0x00, 0x00, 0x00, 
0xe0, 0xa4, 0x00, 0x00, 0x00, 0x00, 0x00, 0x00, 0xf8, 0xa4, 0x00, 0x00, 0x00, 0x00, 0x00, 0x00, 
0x10, 0xa5, 0x00, 0x00, 0x00, 0x00, 0x00, 0x00, 0x1e, 0xa5, 0x00, 0x00, 0x00, 0x00, 0x00, 0x00, 
0x36, 0xa5, 0x00, 0x00, 0x00, 0x00, 0x00, 0x00, 0x46, 0xa5, 0x00, 0x00, 0x00, 0x00, 0x00, 0x00, 
0x5a, 0xa5, 0x00, 0x00, 0x00, 0x00, 0x00, 0x00, 0x6c, 0xa5, 0x00, 0x00, 0x00, 0x00, 0x00, 0x00, 
0x88, 0xa5, 0x00, 0x00, 0x00, 0x00, 0x00, 0x00, 0xa0, 0xa5, 0x00, 0x00, 0x00, 0x00, 0x00, 0x00, 
0xb0, 0xa5, 0x00, 0x00, 0x00, 0x00, 0x00, 0x00, 0xce, 0xa5, 0x00, 0x00, 0x00, 0x00, 0x00, 0x00, 
0xd6, 0xa5, 0x00, 0x00, 0x00, 0x00, 0x00, 0x00, 0xe4, 0xa5, 0x00, 0x00, 0x00, 0x00, 0x00, 0x00, 
0xf6, 0xa5, 0x00, 0x00, 0x00, 0x00, 0x00, 0x00, 0x00, 0x00, 0x00, 0x00, 0x00, 0x00, 0x00, 0x00, 
0x06, 0xa6, 0x00, 0x00, 0x00, 0x00, 0x00, 0x00, 0x00, 0x00, 0x00, 0x00, 0x00, 0x00, 0x00, 0x00, 
0x16, 0xa6, 0x00, 0x00, 0x00, 0x00, 0x00, 0x00, 0x26, 0xa6, 0x00, 0x00, 0x00, 0x00, 0x00, 0x00, 
0x30, 0xa6, 0x00, 0x00, 0x00, 0x00, 0x00, 0x00, 0x38, 0xa6, 0x00, 0x00, 0x00, 0x00, 0x00, 0x00, 
0x00, 0x00, 0x00, 0x00, 0x00, 0x00, 0x00, 0x00, 0x42, 0xa6, 0x00, 0x00, 0x00, 0x00, 0x00, 0x00, 
0x00, 0x00, 0x00, 0x00, 0x00, 0x00, 0x00, 0x00, 0x58, 0xa6, 0x00, 0x00, 0x00, 0x00, 0x00, 0x00, 
0x00, 0x00, 0x00, 0x00, 0x00, 0x00, 0x00, 0x00, 0x6c, 0xa6, 0x00, 0x00, 0x00, 0x00, 0x00, 0x00, 
0x84, 0xa6, 0x00, 0x00, 0x00, 0x00, 0x00, 0x00, 0x00, 0x00, 0x00, 0x00, 0x00, 0x00, 0x00, 0x00, 
0x8e, 0xa6, 0x00, 0x00, 0x00, 0x00, 0x00, 0x00, 0x9c, 0xa6, 0x00, 0x00, 0x00, 0x00, 0x00, 0x00, 
0xaa, 0xa6, 0x00, 0x00, 0x00, 0x00, 0x00, 0x00, 0xb4, 0xa6, 0x00, 0x00, 0x00, 0x00, 0x00, 0x00, 
0xcc, 0xa6, 0x00, 0x00, 0x00, 0x00, 0x00, 0x00, 0xda, 0xa6, 0x00, 0x00, 0x00, 0x00, 0x00, 0x00, 
0xe2, 0xa6, 0x00, 0x00, 0x00, 0x00, 0x00, 0x00, 0xf2, 0xa6, 0x00, 0x00, 0x00, 0x00, 0x00, 0x00, 
0x12, 0xa7, 0x00, 0x00, 0x00, 0x00, 0x00, 0x00, 0x1e, 0xa7, 0x00, 0x00, 0x00, 0x00, 0x00, 0x00, 
0x2c, 0xa7, 0x00, 0x00, 0x00, 0x00, 0x00, 0x00, 0x4e, 0xa7, 0x00, 0x00, 0x00, 0x00, 0x00, 0x00, 
0x56, 0xa7, 0x00, 0x00, 0x00, 0x00, 0x00, 0x00, 0x5e, 0xa7, 0x00, 0x00, 0x00, 0x00, 0x00, 0x00, 
0x00, 0x00, 0x00, 0x00, 0x00, 0x00, 0x00, 0x00, 0x68, 0xa7, 0x00, 0x00, 0x00, 0x00, 0x00, 0x00, 
0x7a, 0xa7, 0x00, 0x00, 0x00, 0x00, 0x00, 0x00, 0x8a, 0xa7, 0x00, 0x00, 0x00, 0x00, 0x00, 0x00, 
0x98, 0xa7, 0x00, 0x00, 0x00, 0x00, 0x00, 0x00, 0xb2, 0xa7, 0x00, 0x00, 0x00, 0x00, 0x00, 0x00, 
0xd0, 0xa7, 0x00, 0x00, 0x00, 0x00, 0x00, 0x00, 0xda, 0xa7, 0x00, 0x00, 0x00, 0x00, 0x00, 0x00, 
0x00, 0x00, 0x00, 0x00, 0x00, 0x00, 0x00, 0x00, 0xe4, 0xa7, 0x00, 0x00, 0x00, 0x00, 0x00, 0x00, 
0xee, 0xa7, 0x00, 0x00, 0x00, 0x00, 0x00, 0x00, 0xf8, 0xa7, 0x00, 0x00, 0x00, 0x00, 0x00, 0x00, 
0x04, 0xa8, 0x00, 0x00, 0x00, 0x00, 0x00, 0x00, 0x00, 0x00, 0x00, 0x00, 0x00, 0x00, 0x00, 0x00, 
0x0e, 0xa8, 0x00, 0x00, 0x00, 0x00, 0x00, 0x00, 0x00, 0x00, 0x00, 0x00, 0x00, 0x00, 0x00, 0x00, 
0xc0, 0xa4, 0x00, 0x00, 0x00, 0x00, 0x00, 0x00, 0xce, 0xa4, 0x00, 0x00, 0x00, 0x00, 0x00, 0x00, 
0xe0, 0xa4, 0x00, 0x00, 0x00, 0x00, 0x00, 0x00, 0xf8, 0xa4, 0x00, 0x00, 0x00, 0x00, 0x00, 0x00, 
0x10, 0xa5, 0x00, 0x00, 0x00, 0x00, 0x00, 0x00, 0x1e, 0xa5, 0x00, 0x00, 0x00, 0x00, 0x00, 0x00, 
0x36, 0xa5, 0x00, 0x00, 0x00, 0x00, 0x00, 0x00, 0x46, 0xa5, 0x00, 0x00, 0x00, 0x00, 0x00, 0x00, 
0x5a, 0xa5, 0x00, 0x00, 0x00, 0x00, 0x00, 0x00, 0x6c, 0xa5, 0x00, 0x00, 0x00, 0x00, 0x00, 0x00, 
0x88, 0xa5, 0x00, 0x00, 0x00, 0x00, 0x00, 0x00, 0xa0, 0xa5, 0x00, 0x00, 0x00, 0x00, 0x00, 0x00, 
0xb0, 0xa5, 0x00, 0x00, 0x00, 0x00, 0x00, 0x00, 0xce, 0xa5, 0x00, 0x00, 0x00, 0x00, 0x00, 0x00, 
0xd6, 0xa5, 0x00, 0x00, 0x00, 0x00, 0x00, 0x00, 0xe4, 0xa5, 0x00, 0x00, 0x00, 0x00, 0x00, 0x00, 
0xf6, 0xa5, 0x00, 0x00, 0x00, 0x00, 0x00, 0x00, 0x00, 0x00, 0x00, 0x00, 0x00, 0x00, 0x00, 0x00, 
0x06, 0xa6, 0x00, 0x00, 0x00, 0x00, 0x00, 0x00, 0x00, 0x00, 0x00, 0x00, 0x00, 0x00, 0x00, 0x00, 
0x16, 0xa6, 0x00, 0x00, 0x00, 0x00, 0x00, 0x00, 0x26, 0xa6, 0x00, 0x00, 0x00, 0x00, 0x00, 0x00, 
0x30, 0xa6, 0x00, 0x00, 0x00, 0x00, 0x00, 0x00, 0x38, 0xa6, 0x00, 0x00, 0x00, 0x00, 0x00, 0x00, 
0x00, 0x00, 0x00, 0x00, 0x00, 0x00, 0x00, 0x00, 0x42, 0xa6, 0x00, 0x00, 0x00, 0x00, 0x00, 0x00, 
0x00, 0x00, 0x00, 0x00, 0x00, 0x00, 0x00, 0x00, 0x58, 0xa6, 0x00, 0x00, 0x00, 0x00, 0x00, 0x00, 
0x00, 0x00, 0x00, 0x00, 0x00, 0x00, 0x00, 0x00, 0x6c, 0xa6, 0x00, 0x00, 0x00, 0x00, 0x00, 0x00, 
0x84, 0xa6, 0x00, 0x00, 0x00, 0x00, 0x00, 0x00, 0x00, 0x00, 0x00, 0x00, 0x00, 0x00, 0x00, 0x00, 
0x8e, 0xa6, 0x00, 0x00, 0x00, 0x00, 0x00, 0x00, 0x9c, 0xa6, 0x00, 0x00, 0x00, 0x00, 0x00, 0x00, 
0xaa, 0xa6, 0x00, 0x00, 0x00, 0x00, 0x00, 0x00, 0xb4, 0xa6, 0x00, 0x00, 0x00, 0x00, 0x00, 0x00, 
0xcc, 0xa6, 0x00, 0x00, 0x00, 0x00, 0x00, 0x00, 0xda, 0xa6, 0x00, 0x00, 0x00, 0x00, 0x00, 0x00, 
0xe2, 0xa6, 0x00, 0x00, 0x00, 0x00, 0x00, 0x00, 0xf2, 0xa6, 0x00, 0x00, 0x00, 0x00, 0x00, 0x00, 
0x12, 0xa7, 0x00, 0x00, 0x00, 0x00, 0x00, 0x00, 0x1e, 0xa7, 0x00, 0x00, 0x00, 0x00, 0x00, 0x00, 
0x2c, 0xa7, 0x00, 0x00, 0x00, 0x00, 0x00, 0x00, 0x4e, 0xa7, 0x00, 0x00, 0x00, 0x00, 0x00, 0x00, 
0x56, 0xa7, 0x00, 0x00, 0x00, 0x00, 0x00, 0x00, 0x5e, 0xa7, 0x00, 0x00, 0x00, 0x00, 0x00, 0x00, 
0x00, 0x00, 0x00, 0x00, 0x00, 0x00, 0x00, 0x00, 0x68, 0xa7, 0x00, 0x00, 0x00, 0x00, 0x00, 0x00, 
0x7a, 0xa7, 0x00, 0x00, 0x00, 0x00, 0x00, 0x00, 0x8a, 0xa7, 0x00, 0x00, 0x00, 0x00, 0x00, 0x00, 
0x98, 0xa7, 0x00, 0x00, 0x00, 0x00, 0x00, 0x00, 0xb2, 0xa7, 0x00, 0x00, 0x00, 0x00, 0x00, 0x00, 
0xd0, 0xa7, 0x00, 0x00, 0x00, 0x00, 0x00, 0x00, 0xda, 0xa7, 0x00, 0x00, 0x00, 0x00, 0x00, 0x00, 
0x00, 0x00, 0x00, 0x00, 0x00, 0x00, 0x00, 0x00, 0xe4, 0xa7, 0x00, 0x00, 0x00, 0x00, 0x00, 0x00, 
0xee, 0xa7, 0x00, 0x00, 0x00, 0x00, 0x00, 0x00, 0xf8, 0xa7, 0x00, 0x00, 0x00, 0x00, 0x00, 0x00, 
0x04, 0xa8, 0x00, 0x00, 0x00, 0x00, 0x00, 0x00, 0x00, 0x00, 0x00, 0x00, 0x00, 0x00, 0x00, 0x00, 
0x0e, 0xa8, 0x00, 0x00, 0x00, 0x00, 0x00, 0x00, 0x00, 0x00, 0x00, 0x00, 0x00, 0x00, 0x00, 0x00, 
0x97, 0x00, 0x43, 0x6c, 0x6f, 0x73, 0x65, 0x48, 0x61, 0x6e, 0x64, 0x6c, 0x65, 0x00, 0xfa, 0x00, 
0x43, 0x72, 0x65, 0x61, 0x74, 0x65, 0x50, 0x72, 0x6f, 0x63, 0x65, 0x73, 0x73, 0x57, 0x00, 0x00, 
0x27, 0x01, 0x44, 0x65, 0x6c, 0x65, 0x74, 0x65, 0x43, 0x72, 0x69, 0x74, 0x69, 0x63, 0x61, 0x6c, 
0x53, 0x65, 0x63, 0x74, 0x69, 0x6f, 0x6e, 0x00, 0x4d, 0x01, 0x45, 0x6e, 0x74, 0x65, 0x72, 0x43, 
0x72, 0x69, 0x74, 0x69, 0x63, 0x61, 0x6c, 0x53, 0x65, 0x63, 0x74, 0x69, 0x6f, 0x6e, 0x00, 0x00, 
0xca, 0x01, 0x46, 0x72, 0x65, 0x65, 0x4c, 0x69, 0x62, 0x72, 0x61, 0x72, 0x79, 0x00, 0x31, 0x02, 
0x47, 0x65, 0x74, 0x43, 0x75, 0x72, 0x72, 0x65, 0x6e, 0x74, 0x44, 0x69, 0x72, 0x65, 0x63, 0x74, 
0x6f, 0x72, 0x79, 0x57, 0x00, 0x00, 0x88, 0x02, 0x47, 0x65, 0x74, 0x4c, 0x61, 0x73, 0x74, 0x45, 
0x72, 0x72, 0x6f, 0x72, 0x00, 0x00, 0x9e, 0x02, 0x47, 0x65, 0x74, 0x4d, 0x6f, 0x64, 0x75, 0x6c, 
0x65, 0x48, 0x61, 0x6e, 0x64, 0x6c, 0x65, 0x41, 0x00, 0x00, 0xda, 0x02, 0x47, 0x65, 0x74, 0x50, 
0x72, 0x6f, 0x63, 0x41, 0x64, 0x64, 0x72, 0x65, 0x73, 0x73, 0x00, 0x00, 0x96, 0x03, 0x49, 0x6e, 
0x69, 0x74, 0x69, 0x61, 0x6c, 0x69, 0x7a, 0x65, 0x43, 0x72, 0x69, 0x74, 0x69, 0x63, 0x61, 0x6c, 
0x53, 0x65, 0x63, 0x74, 0x69, 0x6f, 0x6e, 0x00, 0xf4, 0x03, 0x4c, 0x65, 0x61, 0x76, 0x65, 0x43, 
0x72, 0x69, 0x74, 0x69, 0x63, 0x61, 0x6c, 0x53, 0x65, 0x63, 0x74, 0x69, 0x6f, 0x6e, 0x00, 0x00, 
0xf8, 0x03, 0x4c, 0x6f, 0x61, 0x64, 0x4c, 0x69, 0x62, 0x72, 0x61, 0x72, 0x79, 0x41, 0x00, 0x00, 
0x99, 0x05, 0x53, 0x65, 0x74, 0x55, 0x6e, 0x68, 0x61, 0x6e, 0x64, 0x6c, 0x65, 0x64, 0x45, 0x78, 
0x63, 0x65, 0x70, 0x74, 0x69, 0x6f, 0x6e, 0x46, 0x69, 0x6c, 0x74, 0x65, 0x72, 0x00, 0xa9, 0x05, 
0x53, 0x6c, 0x65, 0x65, 0x70, 0x00, 0xcd, 0x05, 0x54, 0x6c, 0x73, 0x47, 0x65, 0x74, 0x56, 0x61, 
0x6c, 0x75, 0x65, 0x00, 0xfd, 0x05, 0x56, 0x69, 0x72, 0x74, 0x75, 0x61, 0x6c, 0x50, 0x72, 0x6f, 
0x74, 0x65, 0x63, 0x74, 0x00, 0x00, 0xff, 0x05, 0x56, 0x69, 0x72, 0x74, 0x75, 0x61, 0x6c, 0x51, 
0x75, 0x65, 0x72, 0x79, 0x00, 0x00, 0x01, 0x00, 0x5f, 0x5f, 0x70, 0x5f, 0x5f, 0x77, 0x65, 0x6e, 
0x76, 0x69, 0x72, 0x6f, 0x6e, 0x00, 0x17, 0x00, 0x5f, 0x73, 0x65, 0x74, 0x5f, 0x6e, 0x65, 0x77, 
0x5f, 0x6d, 0x6f, 0x64, 0x65, 0x00, 0x18, 0x00, 0x63, 0x61, 0x6c, 0x6c, 0x6f, 0x63, 0x00, 0x00, 
0x19, 0x00, 0x66, 0x72, 0x65, 0x65, 0x00, 0x00, 0x1a, 0x00, 0x6d, 0x61, 0x6c, 0x6c, 0x6f, 0x63, 
0x00, 0x00, 0x09, 0x00, 0x5f, 0x63, 0x6f, 0x6e, 0x66, 0x69, 0x67, 0x74, 0x68, 0x72, 0x65, 0x61, 
0x64, 0x6c, 0x6f, 0x63, 0x61, 0x6c, 0x65, 0x00, 0x09, 0x00, 0x5f, 0x5f, 0x73, 0x65, 0x74, 0x75, 
0x73, 0x65, 0x72, 0x6d, 0x61, 0x74, 0x68, 0x65, 0x72, 0x72, 0x00, 0x00, 0x0c, 0x00, 0x5f, 0x5f, 
0x43, 0x5f, 0x73, 0x70, 0x65, 0x63, 0x69, 0x66, 0x69, 0x63, 0x5f, 0x68, 0x61, 0x6e, 0x64, 0x6c, 
0x65, 0x72, 0x00, 0x00, 0x40, 0x04, 0x6d, 0x65, 0x6d, 0x63, 0x70, 0x79, 0x00, 0x00, 0x04, 0x00, 
0x5f, 0x5f, 0x70, 0x5f, 0x5f, 0x5f, 0x61, 0x72, 0x67, 0x63, 0x00, 0x00, 0x06, 0x00, 0x5f, 0x5f, 
0x70, 0x5f, 0x5f, 0x5f, 0x77, 0x61, 0x72, 0x67, 0x76, 0x00, 0x16, 0x00, 0x5f, 0x63, 0x65, 0x78, 
0x69, 0x74, 0x00, 0x00, 0x19, 0x00, 0x5f, 0x63, 0x6f, 0x6e, 0x66, 0x69, 0x67, 0x75, 0x72, 0x65, 
0x5f, 0x77, 0x69, 0x64, 0x65, 0x5f, 0x61, 0x72, 0x67, 0x76, 0x00, 0x00, 0x1e, 0x00, 0x5f, 0x63, 
0x72, 0x74, 0x5f, 0x61, 0x74, 0x65, 0x78, 0x69, 0x74, 0x00, 0x23, 0x00, 0x5f, 0x65, 0x78, 0x69, 
0x74, 0x00, 0x36, 0x00, 0x5f, 0x73, 0x65, 0x74, 0x5f, 0x61, 0x70, 0x70, 0x5f, 0x74, 0x79, 0x70, 
0x65, 0x00, 0x37, 0x00, 0x5f, 0x69, 0x6e, 0x69, 0x74, 0x69, 0x61, 0x6c, 0x69, 0x7a, 0x65, 0x5f, 
0x77, 0x69, 0x64, 0x65, 0x5f, 0x65, 0x6e, 0x76, 0x69, 0x72, 0x6f, 0x6e, 0x6d, 0x65, 0x6e, 0x74, 
0x00, 0x00, 0x38, 0x00, 0x5f, 0x69, 0x6e, 0x69, 0x74, 0x74, 0x65, 0x72, 0x6d, 0x00, 0x39, 0x00, 
0x5f, 0x69, 0x6e, 0x69, 0x74, 0x74, 0x65, 0x72, 0x6d, 0x5f, 0x65, 0x00, 0x49, 0x00, 0x5f, 0x73, 
0x65, 0x74, 0x5f, 0x69, 0x6e, 0x76, 0x61, 0x6c, 0x69, 0x64, 0x5f, 0x70, 0x61, 0x72, 0x61, 0x6d, 
0x65, 0x74, 0x65, 0x72, 0x5f, 0x68, 0x61, 0x6e, 0x64, 0x6c, 0x65, 0x72, 0x00, 0x00, 0x56, 0x00, 
0x61, 0x62, 0x6f, 0x72, 0x74, 0x00, 0x57, 0x00, 0x65, 0x78, 0x69, 0x74, 0x00, 0x00, 0x65, 0x00, 
0x73, 0x69, 0x67, 0x6e, 0x61, 0x6c, 0x00, 0x00, 0x00, 0x00, 0x5f, 0x5f, 0x61, 0x63, 0x72, 0x74, 
0x5f, 0x69, 0x6f, 0x62, 0x5f, 0x66, 0x75, 0x6e, 0x63, 0x00, 0x01, 0x00, 0x5f, 0x5f, 0x70, 0x5f, 
0x5f, 0x63, 0x6f, 0x6d, 0x6d, 0x6f, 0x64, 0x65, 0x00, 0x00, 0x02, 0x00, 0x5f, 0x5f, 0x70, 0x5f, 
0x5f, 0x66, 0x6d, 0x6f, 0x64, 0x65, 0x00, 0x00, 0x03, 0x00, 0x5f, 0x5f, 0x73, 0x74, 0x64, 0x69, 
0x6f, 0x5f, 0x63, 0x6f, 0x6d, 0x6d, 0x6f, 0x6e, 0x5f, 0x76, 0x66, 0x70, 0x72, 0x69, 0x6e, 0x74, 
0x66, 0x00, 0x0c, 0x00, 0x5f, 0x5f, 0x73, 0x74, 0x64, 0x69, 0x6f, 0x5f, 0x63, 0x6f, 0x6d, 0x6d, 
0x6f, 0x6e, 0x5f, 0x76, 0x73, 0x6e, 0x77, 0x70, 0x72, 0x69, 0x6e, 0x74, 0x66, 0x5f, 0x73, 0x00, 
0x9c, 0x00, 0x66, 0x66, 0x6c, 0x75, 0x73, 0x68, 0x00, 0x00, 0xc3, 0x00, 0x73, 0x65, 0x74, 0x76, 
0x62, 0x75, 0x66, 0x00, 0xa8, 0x00, 0x73, 0x74, 0x72, 0x6c, 0x65, 0x6e, 0x00, 0x00, 0xab, 0x00, 
0x73, 0x74, 0x72, 0x6e, 0x63, 0x6d, 0x70, 0x00, 0xb9, 0x00, 0x77, 0x63, 0x73, 0x63, 0x61, 0x74, 
0x5f, 0x73, 0x00, 0x00, 0xbf, 0x00, 0x77, 0x63, 0x73, 0x6c, 0x65, 0x6e, 0x00, 0x00, 0x76, 0x02, 
0x4d, 0x65, 0x73, 0x73, 0x61, 0x67, 0x65, 0x42, 0x6f, 0x78, 0x57, 0x00, 0x00, 0xa0, 0x00, 0x00, 
0x00, 0xa0, 0x00, 0x00, 0x00, 0xa0, 0x00, 0x00, 0x00, 0xa0, 0x00, 0x00, 0x00, 0xa0, 0x00, 0x00, 
0x00, 0xa0, 0x00, 0x00, 0x00, 0xa0, 0x00, 0x00, 0x00, 0xa0, 0x00, 0x00, 0x00, 0xa0, 0x00, 0x00, 
0x00, 0xa0, 0x00, 0x00, 0x00, 0xa0, 0x00, 0x00, 0x00, 0xa0, 0x00, 0x00, 0x00, 0xa0, 0x00, 0x00, 
0x00, 0xa0, 0x00, 0x00, 0x00, 0xa0, 0x00, 0x00, 0x00, 0xa0, 0x00, 0x00, 0x00, 0xa0, 0x00, 0x00, 
0x4b, 0x45, 0x52, 0x4e, 0x45, 0x4c, 0x33, 0x32, 0x2e, 0x64, 0x6c, 0x6c, 0x00, 0x00, 0x00, 0x00, 
0x14, 0xa0, 0x00, 0x00, 0x61, 0x70, 0x69, 0x2d, 0x6d, 0x73, 0x2d, 0x77, 0x69, 0x6e, 0x2d, 0x63, 
0x72, 0x74, 0x2d, 0x65, 0x6e, 0x76, 0x69, 0x72, 0x6f, 0x6e, 0x6d, 0x65, 0x6e, 0x74, 0x2d, 0x6c, 
0x31, 0x2d, 0x31, 0x2d, 0x30, 0x2e, 0x64, 0x6c, 0x6c, 0x00, 0x00, 0x00, 0x28, 0xa0, 0x00, 0x00, 
0x28, 0xa0, 0x00, 0x00, 0x28, 0xa0, 0x00, 0x00, 0x28, 0xa0, 0x00, 0x00, 0x61, 0x70, 0x69, 0x2d, 
0x6d, 0x73, 0x2d, 0x77, 0x69, 0x6e, 0x2d, 0x63, 0x72, 0x74, 0x2d, 0x68, 0x65, 0x61, 0x70, 0x2d, 
0x6c, 0x31, 0x2d, 0x31, 0x2d, 0x30, 0x2e, 0x64, 0x6c, 0x6c, 0x00, 0x00, 0x3c, 0xa0, 0x00, 0x00, 
0x61, 0x70, 0x69, 0x2d, 0x6d, 0x73, 0x2d, 0x77, 0x69, 0x6e, 0x2d, 0x63, 0x72, 0x74, 0x2d, 0x6c, 
0x6f, 0x63, 0x61, 0x6c, 0x65, 0x2d, 0x6c, 0x31, 0x2d, 0x31, 0x2d, 0x30, 0x2e, 0x64, 0x6c, 0x6c, 
0x00, 0x00, 0x00, 0x00, 0x50, 0xa0, 0x00, 0x00, 0x61, 0x70, 0x69, 0x2d, 0x6d, 0x73, 0x2d, 0x77, 
0x69, 0x6e, 0x2d, 0x63, 0x72, 0x74, 0x2d, 0x6d, 0x61, 0x74, 0x68, 0x2d, 0x6c, 0x31, 0x2d, 0x31, 
0x2d, 0x30, 0x2e, 0x64, 0x6c, 0x6c, 0x00, 0x00, 0x64, 0xa0, 0x00, 0x00, 0x64, 0xa0, 0x00, 0x00, 
0x61, 0x70, 0x69, 0x2d, 0x6d, 0x73, 0x2d, 0x77, 0x69, 0x6e, 0x2d, 0x63, 0x72, 0x74, 0x2d, 0x70, 
0x72, 0x69, 0x76, 0x61, 0x74, 0x65, 0x2d, 0x6c, 0x31, 0x2d, 0x31, 0x2d, 0x30, 0x2e, 0x64, 0x6c, 
0x6c, 0x00, 0x00, 0x00, 0x78, 0xa0, 0x00, 0x00, 0x78, 0xa0, 0x00, 0x00, 0x78, 0xa0, 0x00, 0x00, 
0x78, 0xa0, 0x00, 0x00, 0x78, 0xa0, 0x00, 0x00, 0x78, 0xa0, 0x00, 0x00, 0x78, 0xa0, 0x00, 0x00, 
0x78, 0xa0, 0x00, 0x00, 0x78, 0xa0, 0x00, 0x00, 0x78, 0xa0, 0x00, 0x00, 0x78, 0xa0, 0x00, 0x00, 
0x78, 0xa0, 0x00, 0x00, 0x78, 0xa0, 0x00, 0x00, 0x78, 0xa0, 0x00, 0x00, 0x61, 0x70, 0x69, 0x2d, 
0x6d, 0x73, 0x2d, 0x77, 0x69, 0x6e, 0x2d, 0x63, 0x72, 0x74, 0x2d, 0x72, 0x75, 0x6e, 0x74, 0x69, 
0x6d, 0x65, 0x2d, 0x6c, 0x31, 0x2d, 0x31, 0x2d, 0x30, 0x2e, 0x64, 0x6c, 0x6c, 0x00, 0x00, 0x00, 
0x8c, 0xa0, 0x00, 0x00, 0x8c, 0xa0, 0x00, 0x00, 0x8c, 0xa0, 0x00, 0x00, 0x8c, 0xa0, 0x00, 0x00, 
0x8c, 0xa0, 0x00, 0x00, 0x8c, 0xa0, 0x00, 0x00, 0x8c, 0xa0, 0x00, 0x00, 0x61, 0x70, 0x69, 0x2d, 
0x6d, 0x73, 0x2d, 0x77, 0x69, 0x6e, 0x2d, 0x63, 0x72, 0x74, 0x2d, 0x73, 0x74, 0x64, 0x69, 0x6f, 
0x2d, 0x6c, 0x31, 0x2d, 0x31, 0x2d, 0x30, 0x2e, 0x64, 0x6c, 0x6c, 0x00, 0xa0, 0xa0, 0x00, 0x00, 
0xa0, 0xa0, 0x00, 0x00, 0xa0, 0xa0, 0x00, 0x00, 0xa0, 0xa0, 0x00, 0x00, 0x61, 0x70, 0x69, 0x2d, 
0x6d, 0x73, 0x2d, 0x77, 0x69, 0x6e, 0x2d, 0x63, 0x72, 0x74, 0x2d, 0x73, 0x74, 0x72, 0x69, 0x6e, 
0x67, 0x2d, 0x6c, 0x31, 0x2d, 0x31, 0x2d, 0x30, 0x2e, 0x64, 0x6c, 0x6c, 0x00, 0x00, 0x00, 0x00, 
0xb4, 0xa0, 0x00, 0x00, 0x55, 0x53, 0x45, 0x52, 0x33, 0x32, 0x2e, 0x64, 0x6c, 0x6c, 0x00, 0x00, 
0x00, 0x00, 0x00, 0x00, 0x00, 0x00, 0x00, 0x00, 0x00, 0x00, 0x00, 0x00, 0x00, 0x00, 0x00, 0x00, 
0x00, 0x00, 0x00, 0x00, 0x00, 0x00, 0x00, 0x00, 0x00, 0x00, 0x00, 0x00, 0x00, 0x00, 0x00, 0x00, 
0x00, 0x00, 0x00, 0x00, 0x00, 0x00, 0x00, 0x00, 0x00, 0x00, 0x00, 0x00, 0x00, 0x00, 0x00, 0x00, 
0x00, 0x00, 0x00, 0x00, 0x00, 0x00, 0x00, 0x00, 0x00, 0x00, 0x00, 0x00, 0x00, 0x00, 0x00, 0x00, 
0x00, 0x00, 0x00, 0x00, 0x00, 0x00, 0x00, 0x00, 0x00, 0x00, 0x00, 0x00, 0x00, 0x00, 0x00, 0x00, 
0x00, 0x00, 0x00, 0x00, 0x00, 0x00, 0x00, 0x00, 0x00, 0x00, 0x00, 0x00, 0x00, 0x00, 0x00, 0x00, 
0x00, 0x00, 0x00, 0x00, 0x00, 0x00, 0x00, 0x00, 0x00, 0x00, 0x00, 0x00, 0x00, 0x00, 0x00, 0x00, 
0x00, 0x00, 0x00, 0x00, 0x00, 0x00, 0x00, 0x00, 0x00, 0x00, 0x00, 0x00, 0x00, 0x00, 0x00, 0x00, 
0x00, 0x00, 0x00, 0x00, 0x00, 0x00, 0x00, 0x00, 0x00, 0x00, 0x00, 0x00, 0x00, 0x00, 0x00, 0x00, 
0x00, 0x00, 0x00, 0x00, 0x00, 0x00, 0x00, 0x00, 0x00, 0x00, 0x00, 0x00, 0x00, 0x00, 0x00, 0x00, 
0x00, 0x00, 0x00, 0x00, 0x00, 0x00, 0x00, 0x00, 0x00, 0x00, 0x00, 0x00, 0x00, 0x00, 0x00, 0x00, 
0x00, 0x00, 0x00, 0x00, 0x00, 0x00, 0x00, 0x00, 0x00, 0x00, 0x00, 0x00, 0x00, 0x00, 0x00, 0x00, 
0x00, 0x00, 0x00, 0x00, 0x00, 0x00, 0x00, 0x00, 0x00, 0x00, 0x00, 0x00, 0x00, 0x00, 0x00, 0x00, 
0x00, 0x00, 0x00, 0x00, 0x00, 0x00, 0x00, 0x00, 0x00, 0x00, 0x00, 0x00, 0x00, 0x00, 0x00, 0x00, 
0x00, 0x00, 0x00, 0x00, 0x00, 0x00, 0x00, 0x00, 0x00, 0x00, 0x00, 0x00, 0x00, 0x00, 0x00, 0x00, 
0x00, 0x00, 0x00, 0x00, 0x00, 0x00, 0x00, 0x00, 0x00, 0x00, 0x00, 0x00, 0x00, 0x00, 0x00, 0x00, 
0x00, 0x00, 0x00, 0x00, 0x00, 0x00, 0x00, 0x00, 0x00, 0x00, 0x00, 0x00, 0x00, 0x00, 0x00, 0x00, 
0x00, 0x00, 0x00, 0x00, 0x00, 0x00, 0x00, 0x00, 0x00, 0x00, 0x00, 0x00, 0x00, 0x00, 0x00, 0x00, 
0x00, 0x00, 0x00, 0x00, 0x00, 0x00, 0x00, 0x00, 0x00, 0x00, 0x00, 0x00, 0x00, 0x00, 0x00, 0x00, 
0x00, 0x00, 0x00, 0x00, 0x00, 0x00, 0x00, 0x00, 0x00, 0x00, 0x00, 0x00, 0x00, 0x00, 0x00, 0x00, 
0x00, 0x00, 0x00, 0x00, 0x00, 0x00, 0x00, 0x00, 0x00, 0x00, 0x00, 0x00, 0x00, 0x00, 0x00, 0x00, 
0x00, 0x00, 0x00, 0x00, 0x00, 0x00, 0x00, 0x00, 0x00, 0x00, 0x00, 0x00, 0x00, 0x00, 0x00, 0x00, 
0x00, 0x00, 0x00, 0x00, 0x00, 0x00, 0x00, 0x00, 0x00, 0x00, 0x00, 0x00, 0x00, 0x00, 0x00, 0x00, 
0x00, 0x00, 0x00, 0x00, 0x00, 0x00, 0x00, 0x00, 0x00, 0x00, 0x00, 0x00, 0x00, 0x00, 0x00, 0x00, 
0x00, 0x00, 0x00, 0x00, 0x00, 0x00, 0x00, 0x00, 0x00, 0x00, 0x00, 0x00, 0x00, 0x00, 0x00, 0x00, 
0x00, 0x00, 0x00, 0x00, 0x00, 0x00, 0x00, 0x00, 0x00, 0x00, 0x00, 0x00, 0x00, 0x00, 0x00, 0x00, 
0x00, 0x00, 0x00, 0x00, 0x00, 0x00, 0x00, 0x00, 0x00, 0x00, 0x00, 0x00, 0x00, 0x00, 0x00, 0x00, 
0x00, 0x00, 0x00, 0x00, 0x00, 0x00, 0x00, 0x00, 0x00, 0x00, 0x00, 0x00, 0x00, 0x00, 0x00, 0x00, 
0x00, 0x00, 0x00, 0x00, 0x00, 0x00, 0x00, 0x00, 0x00, 0x00, 0x00, 0x00, 0x00, 0x00, 0x00, 0x00, 
0x00, 0x00, 0x00, 0x00, 0x00, 0x00, 0x00, 0x00, 0x00, 0x00, 0x00, 0x00, 0x00, 0x00, 0x00, 0x00, 
0x00, 0x00, 0x00, 0x00, 0x00, 0x00, 0x00, 0x00, 0x00, 0x00, 0x00, 0x00, 0x00, 0x00, 0x00, 0x00, 
0x00, 0x00, 0x00, 0x00, 0x00, 0x00, 0x00, 0x00, 0x00, 0x00, 0x00, 0x00, 0x00, 0x00, 0x00, 0x00, 
0x00, 0x00, 0x00, 0x00, 0x00, 0x00, 0x00, 0x00, 0x00, 0x00, 0x00, 0x00, 0x00, 0x00, 0x00, 0x00, 
0x00, 0x00, 0x00, 0x00, 0x00, 0x00, 0x00, 0x00, 0x00, 0x00, 0x00, 0x00, 0x00, 0x00, 0x00, 0x00, 
0x00, 0x00, 0x00, 0x00, 0x00, 0x00, 0x00, 0x00, 0x00, 0x00, 0x00, 0x00, 0x00, 0x00, 0x00, 0x00, 
0x00, 0x00, 0x00, 0x00, 0x00, 0x00, 0x00, 0x00, 0x00, 0x00, 0x00, 0x00, 0x00, 0x00, 0x00, 0x00, 
0x00, 0x00, 0x00, 0x00, 0x00, 0x00, 0x00, 0x00, 0x00, 0x00, 0x00, 0x00, 0x00, 0x00, 0x00, 0x00, 
0x00, 0x00, 0x00, 0x00, 0x00, 0x00, 0x00, 0x00, 0x00, 0x00, 0x00, 0x00, 0x00, 0x00, 0x00, 0x00, 
0x00, 0x00, 0x00, 0x00, 0x00, 0x00, 0x00, 0x00, 0x00, 0x00, 0x00, 0x00, 0x00, 0x00, 0x00, 0x00, 
0x00, 0x00, 0x00, 0x00, 0x00, 0x00, 0x00, 0x00, 0x00, 0x00, 0x00, 0x00, 0x00, 0x00, 0x00, 0x00, 
0x00, 0x00, 0x00, 0x00, 0x00, 0x00, 0x00, 0x00, 0x00, 0x00, 0x00, 0x00, 0x00, 0x00, 0x00, 0x00, 
0x00, 0x00, 0x00, 0x00, 0x00, 0x00, 0x00, 0x00, 0x00, 0x00, 0x00, 0x00, 0x00, 0x00, 0x00, 0x00, 
0x00, 0x00, 0x00, 0x00, 0x00, 0x00, 0x00, 0x00, 0x00, 0x00, 0x00, 0x00, 0x00, 0x00, 0x00, 0x00, 
0x00, 0x00, 0x00, 0x00, 0x00, 0x00, 0x00, 0x00, 0x00, 0x00, 0x00, 0x00, 0x00, 0x00, 0x00, 0x00, 
0x00, 0x00, 0x00, 0x00, 0x00, 0x00, 0x00, 0x00, 0x00, 0x00, 0x00, 0x00, 0x00, 0x00, 0x00, 0x00, 
0x00, 0x00, 0x00, 0x00, 0x00, 0x00, 0x00, 0x00, 0x00, 0x00, 0x00, 0x00, 0x00, 0x00, 0x00, 0x00, 
0x00, 0x00, 0x00, 0x00, 0x00, 0x00, 0x00, 0x00, 0x00, 0x00, 0x00, 0x00, 0x00, 0x00, 0x00, 0x00, 
0x00, 0x00, 0x00, 0x00, 0x00, 0x00, 0x00, 0x00, 0x00, 0x00, 0x00, 0x00, 0x00, 0x00, 0x00, 0x00, 
0x00, 0x00, 0x00, 0x00, 0x00, 0x00, 0x00, 0x00, 0x00, 0x00, 0x00, 0x00, 0x00, 0x00, 0x00, 0x00, 
0x00, 0x00, 0x00, 0x00, 0x00, 0x00, 0x00, 0x00, 0x00, 0x00, 0x00, 0x00, 0x00, 0x00, 0x00, 0x00, 
0x00, 0x00, 0x00, 0x00, 0x00, 0x00, 0x00, 0x00, 0x00, 0x00, 0x00, 0x00, 0x00, 0x00, 0x00, 0x00, 
0x00, 0x00, 0x00, 0x00, 0x00, 0x00, 0x00, 0x00, 0x00, 0x00, 0x00, 0x00, 0x00, 0x00, 0x00, 0x00, 
0x00, 0x00, 0x00, 0x00, 0x00, 0x00, 0x00, 0x00, 0x00, 0x00, 0x00, 0x00, 0x00, 0x00, 0x00, 0x00, 
0x00, 0x00, 0x00, 0x00, 0x00, 0x00, 0x00, 0x00, 0x00, 0x00, 0x00, 0x00, 0x00, 0x00, 0x00, 0x00, 
0x00, 0x00, 0x00, 0x00, 0x00, 0x00, 0x00, 0x00, 0x00, 0x00, 0x00, 0x00, 0x00, 0x00, 0x00, 0x00, 
0x00, 0x00, 0x00, 0x00, 0x00, 0x00, 0x00, 0x00, 0x00, 0x00, 0x00, 0x00, 0x00, 0x00, 0x00, 0x00, 
0x00, 0x00, 0x00, 0x00, 0x00, 0x00, 0x00, 0x00, 0x00, 0x00, 0x00, 0x00, 0x00, 0x00, 0x00, 0x00, 
0x00, 0x00, 0x00, 0x00, 0x00, 0x00, 0x00, 0x00, 0x00, 0x00, 0x00, 0x00, 0x00, 0x00, 0x00, 0x00, 
0x00, 0x00, 0x00, 0x00, 0x00, 0x00, 0x00, 0x00, 0x00, 0x00, 0x00, 0x00, 0x00, 0x00, 0x00, 0x00, 
0x00, 0x00, 0x00, 0x00, 0x00, 0x00, 0x00, 0x00, 0x00, 0x00, 0x00, 0x00, 0x00, 0x00, 0x00, 0x00, 
0x00, 0x00, 0x00, 0x00, 0x00, 0x00, 0x00, 0x00, 0x00, 0x00, 0x00, 0x00, 0x00, 0x00, 0x00, 0x00, 
0x00, 0x00, 0x00, 0x00, 0x00, 0x00, 0x00, 0x00, 0x00, 0x00, 0x00, 0x00, 0x00, 0x00, 0x00, 0x00, 
0x00, 0x40, 0x00, 0x00, 0x14, 0x00, 0x00, 0x00, 0x20, 0xa8, 0x90, 0xa8, 0xa0, 0xa8, 0xb0, 0xa8, 
0xc0, 0xa8, 0x00, 0x00, 0x00, 0x50, 0x00, 0x00, 0x4c, 0x00, 0x00, 0x00, 0xc0, 0xa0, 0xc8, 0xa0, 
0xd0, 0xa0, 0xd8, 0xa0, 0xe8, 0xa0, 0xb0, 0xa3, 0xc0, 0xa3, 0xd0, 0xa3, 0xe0, 0xa3, 0xf0, 0xa3, 
0x00, 0xa4, 0x10, 0xa4, 0x20, 0xa4, 0x30, 0xa4, 0x40, 0xa4, 0x50, 0xa4, 0x60, 0xa4, 0x70, 0xa4, 
0x80, 0xa4, 0x90, 0xa4, 0xa0, 0xa4, 0xb0, 0xa4, 0xc0, 0xa4, 0xd0, 0xa4, 0xe0, 0xa4, 0xf0, 0xa4, 
0x00, 0xa5, 0x10, 0xa5, 0x20, 0xa5, 0x30, 0xa5, 0x40, 0xa5, 0x98, 0xa6, 0xe0, 0xa6, 0xe8, 0xa6, 
0x00, 0x00, 0x00, 0x00, 0x00, 0x00, 0x00, 0x00, 0x00, 0x00, 0x00, 0x00, 0x00, 0x00, 0x00, 0x00, 
0x00, 0x00, 0x00, 0x00, 0x00, 0x00, 0x00, 0x00, 0x00, 0x00, 0x00, 0x00, 0x00, 0x00, 0x00, 0x00, 
0x00, 0x00, 0x00, 0x00, 0x00, 0x00, 0x00, 0x00, 0x00, 0x00, 0x00, 0x00, 0x00, 0x00, 0x00, 0x00, 
0x00, 0x00, 0x00, 0x00, 0x00, 0x00, 0x00, 0x00, 0x00, 0x00, 0x00, 0x00, 0x00, 0x00, 0x00, 0x00, 
0x00, 0x00, 0x00, 0x00, 0x00, 0x00, 0x00, 0x00, 0x00, 0x00, 0x00, 0x00, 0x00, 0x00, 0x00, 0x00, 
0x00, 0x00, 0x00, 0x00, 0x00, 0x00, 0x00, 0x00, 0x00, 0x00, 0x00, 0x00, 0x00, 0x00, 0x00, 0x00, 
0x00, 0x00, 0x00, 0x00, 0x00, 0x00, 0x00, 0x00, 0x00, 0x00, 0x00, 0x00, 0x00, 0x00, 0x00, 0x00, 
0x00, 0x00, 0x00, 0x00, 0x00, 0x00, 0x00, 0x00, 0x00, 0x00, 0x00, 0x00, 0x00, 0x00, 0x00, 0x00, 
0x00, 0x00, 0x00, 0x00, 0x00, 0x00, 0x00, 0x00, 0x00, 0x00, 0x00, 0x00, 0x00, 0x00, 0x00, 0x00, 
0x00, 0x00, 0x00, 0x00, 0x00, 0x00, 0x00, 0x00, 0x00, 0x00, 0x00, 0x00, 0x00, 0x00, 0x00, 0x00, 
0x00, 0x00, 0x00, 0x00, 0x00, 0x00, 0x00, 0x00, 0x00, 0x00, 0x00, 0x00, 0x00, 0x00, 0x00, 0x00, 
0x00, 0x00, 0x00, 0x00, 0x00, 0x00, 0x00, 0x00, 0x00, 0x00, 0x00, 0x00, 0x00, 0x00, 0x00, 0x00, 
0x00, 0x00, 0x00, 0x00, 0x00, 0x00, 0x00, 0x00, 0x00, 0x00, 0x00, 0x00, 0x00, 0x00, 0x00, 0x00, 
0x00, 0x00, 0x00, 0x00, 0x00, 0x00, 0x00, 0x00, 0x00, 0x00, 0x00, 0x00, 0x00, 0x00, 0x00, 0x00, 
0x00, 0x00, 0x00, 0x00, 0x00, 0x00, 0x00, 0x00, 0x00, 0x00, 0x00, 0x00, 0x00, 0x00, 0x00, 0x00, 
0x00, 0x00, 0x00, 0x00, 0x00, 0x00, 0x00, 0x00, 0x00, 0x00, 0x00, 0x00, 0x00, 0x00, 0x00, 0x00, 
0x00, 0x00, 0x00, 0x00, 0x00, 0x00, 0x00, 0x00, 0x00, 0x00, 0x00, 0x00, 0x00, 0x00, 0x00, 0x00, 
0x00, 0x00, 0x00, 0x00, 0x00, 0x00, 0x00, 0x00, 0x00, 0x00, 0x00, 0x00, 0x00, 0x00, 0x00, 0x00, 
0x00, 0x00, 0x00, 0x00, 0x00, 0x00, 0x00, 0x00, 0x00, 0x00, 0x00, 0x00, 0x00, 0x00, 0x00, 0x00, 
0x00, 0x00, 0x00, 0x00, 0x00, 0x00, 0x00, 0x00, 0x00, 0x00, 0x00, 0x00, 0x00, 0x00, 0x00, 0x00, 
0x00, 0x00, 0x00, 0x00, 0x00, 0x00, 0x00, 0x00, 0x00, 0x00, 0x00, 0x00, 0x00, 0x00, 0x00, 0x00, 
0x00, 0x00, 0x00, 0x00, 0x00, 0x00, 0x00, 0x00, 0x00, 0x00, 0x00, 0x00, 0x00, 0x00, 0x00, 0x00, 
0x00, 0x00, 0x00, 0x00, 0x00, 0x00, 0x00, 0x00, 0x00, 0x00, 0x00, 0x00, 0x00, 0x00, 0x00, 0x00, 
0x00, 0x00, 0x00, 0x00, 0x00, 0x00, 0x00, 0x00, 0x00, 0x00, 0x00, 0x00, 0x00, 0x00, 0x00, 0x00, 
0x00, 0x00, 0x00, 0x00, 0x00, 0x00, 0x00, 0x00, 0x00, 0x00, 0x00, 0x00, 0x00, 0x00, 0x00, 0x00, 
0x00, 0x00, 0x00, 0x00, 0x00, 0x00, 0x00, 0x00, 0x00, 0x00, 0x00, 0x00, 0x00, 0x00, 0x00, 0x00

};
static const size_t g_launcher_gui_exe_len = 22528;

/* Automatically generated from scratch/launcher_cli.exe (22528 bytes) */
static const unsigned char g_launcher_cli_exe[] = {
0x4d, 0x5a, 0x90, 0x00, 0x03, 0x00, 0x00, 0x00, 0x04, 0x00, 0x00, 0x00, 0xff, 0xff, 0x00, 0x00, 
0xb8, 0x00, 0x00, 0x00, 0x00, 0x00, 0x00, 0x00, 0x40, 0x00, 0x00, 0x00, 0x00, 0x00, 0x00, 0x00, 
0x00, 0x00, 0x00, 0x00, 0x00, 0x00, 0x00, 0x00, 0x00, 0x00, 0x00, 0x00, 0x00, 0x00, 0x00, 0x00, 
0x00, 0x00, 0x00, 0x00, 0x00, 0x00, 0x00, 0x00, 0x00, 0x00, 0x00, 0x00, 0x80, 0x00, 0x00, 0x00, 
0x0e, 0x1f, 0xba, 0x0e, 0x00, 0xb4, 0x09, 0xcd, 0x21, 0xb8, 0x01, 0x4c, 0xcd, 0x21, 0x54, 0x68, 
0x69, 0x73, 0x20, 0x70, 0x72, 0x6f, 0x67, 0x72, 0x61, 0x6d, 0x20, 0x63, 0x61, 0x6e, 0x6e, 0x6f, 
0x74, 0x20, 0x62, 0x65, 0x20, 0x72, 0x75, 0x6e, 0x20, 0x69, 0x6e, 0x20, 0x44, 0x4f, 0x53, 0x20, 
0x6d, 0x6f, 0x64, 0x65, 0x2e, 0x0d, 0x0d, 0x0a, 0x24, 0x00, 0x00, 0x00, 0x00, 0x00, 0x00, 0x00, 
0x50, 0x45, 0x00, 0x00, 0x64, 0x86, 0x0a, 0x00, 0xa3, 0x29, 0x7c, 0x6a, 0x00, 0x00, 0x00, 0x00, 
0x00, 0x00, 0x00, 0x00, 0xf0, 0x00, 0x2e, 0x02, 0x0b, 0x02, 0x02, 0x2e, 0x00, 0x28, 0x00, 0x00, 
0x00, 0x2c, 0x00, 0x00, 0x00, 0x02, 0x00, 0x00, 0x5f, 0x10, 0x00, 0x00, 0x00, 0x10, 0x00, 0x00, 
0x00, 0x00, 0x00, 0x40, 0x01, 0x00, 0x00, 0x00, 0x00, 0x10, 0x00, 0x00, 0x00, 0x02, 0x00, 0x00, 
0x04, 0x00, 0x00, 0x00, 0x00, 0x00, 0x00, 0x00, 0x05, 0x00, 0x02, 0x00, 0x00, 0x00, 0x00, 0x00, 
0x00, 0xd0, 0x00, 0x00, 0x00, 0x04, 0x00, 0x00, 0x1e, 0x98, 0x00, 0x00, 0x03, 0x00, 0x60, 0x01, 
0x00, 0x00, 0x20, 0x00, 0x00, 0x00, 0x00, 0x00, 0x00, 0x10, 0x00, 0x00, 0x00, 0x00, 0x00, 0x00, 
0x00, 0x00, 0x10, 0x00, 0x00, 0x00, 0x00, 0x00, 0x00, 0x10, 0x00, 0x00, 0x00, 0x00, 0x00, 0x00, 
0x00, 0x00, 0x00, 0x00, 0x10, 0x00, 0x00, 0x00, 0x00, 0x00, 0x00, 0x00, 0x00, 0x00, 0x00, 0x00, 
0x00, 0xa0, 0x00, 0x00, 0x34, 0x0a, 0x00, 0x00, 0x00, 0x00, 0x00, 0x00, 0x00, 0x00, 0x00, 0x00, 
0x00, 0x70, 0x00, 0x00, 0x7c, 0x02, 0x00, 0x00, 0x00, 0x00, 0x00, 0x00, 0x00, 0x00, 0x00, 0x00, 
0x00, 0xc0, 0x00, 0x00, 0x60, 0x00, 0x00, 0x00, 0x00, 0x00, 0x00, 0x00, 0x00, 0x00, 0x00, 0x00, 
0x00, 0x00, 0x00, 0x00, 0x00, 0x00, 0x00, 0x00, 0x00, 0x00, 0x00, 0x00, 0x00, 0x00, 0x00, 0x00, 
0xe0, 0x50, 0x00, 0x00, 0x28, 0x00, 0x00, 0x00, 0x00, 0x00, 0x00, 0x00, 0x00, 0x00, 0x00, 0x00, 
0x00, 0x00, 0x00, 0x00, 0x00, 0x00, 0x00, 0x00, 0xd8, 0xa2, 0x00, 0x00, 0xf8, 0x01, 0x00, 0x00, 
0x00, 0x00, 0x00, 0x00, 0x00, 0x00, 0x00, 0x00, 0x00, 0x00, 0x00, 0x00, 0x00, 0x00, 0x00, 0x00, 
0x00, 0x00, 0x00, 0x00, 0x00, 0x00, 0x00, 0x00, 0x2e, 0x74, 0x65, 0x78, 0x74, 0x00, 0x00, 0x00, 
0x40, 0x27, 0x00, 0x00, 0x00, 0x10, 0x00, 0x00, 0x00, 0x28, 0x00, 0x00, 0x00, 0x04, 0x00, 0x00, 
0x00, 0x00, 0x00, 0x00, 0x00, 0x00, 0x00, 0x00, 0x00, 0x00, 0x00, 0x00, 0x20, 0x00, 0x00, 0x60, 
0x2e, 0x64, 0x61, 0x74, 0x61, 0x00, 0x00, 0x00, 0xd0, 0x08, 0x00, 0x00, 0x00, 0x40, 0x00, 0x00, 
0x00, 0x0a, 0x00, 0x00, 0x00, 0x2c, 0x00, 0x00, 0x00, 0x00, 0x00, 0x00, 0x00, 0x00, 0x00, 0x00, 
0x00, 0x00, 0x00, 0x00, 0x40, 0x00, 0x00, 0xc0, 0x2e, 0x72, 0x64, 0x61, 0x74, 0x61, 0x00, 0x00, 
0x28, 0x07, 0x00, 0x00, 0x00, 0x50, 0x00, 0x00, 0x00, 0x08, 0x00, 0x00, 0x00, 0x36, 0x00, 0x00, 
0x00, 0x00, 0x00, 0x00, 0x00, 0x00, 0x00, 0x00, 0x00, 0x00, 0x00, 0x00, 0x40, 0x00, 0x00, 0x40, 
0x2e, 0x65, 0x68, 0x5f, 0x66, 0x72, 0x61, 0x6d, 0x04, 0x00, 0x00, 0x00, 0x00, 0x60, 0x00, 0x00, 
0x00, 0x02, 0x00, 0x00, 0x00, 0x3e, 0x00, 0x00, 0x00, 0x00, 0x00, 0x00, 0x00, 0x00, 0x00, 0x00, 
0x00, 0x00, 0x00, 0x00, 0x40, 0x00, 0x00, 0xc0, 0x2e, 0x70, 0x64, 0x61, 0x74, 0x61, 0x00, 0x00, 
0x7c, 0x02, 0x00, 0x00, 0x00, 0x70, 0x00, 0x00, 0x00, 0x04, 0x00, 0x00, 0x00, 0x40, 0x00, 0x00, 
0x00, 0x00, 0x00, 0x00, 0x00, 0x00, 0x00, 0x00, 0x00, 0x00, 0x00, 0x00, 0x40, 0x00, 0x00, 0x40, 
0x2e, 0x78, 0x64, 0x61, 0x74, 0x61, 0x00, 0x00, 0x94, 0x02, 0x00, 0x00, 0x00, 0x80, 0x00, 0x00, 
0x00, 0x04, 0x00, 0x00, 0x00, 0x44, 0x00, 0x00, 0x00, 0x00, 0x00, 0x00, 0x00, 0x00, 0x00, 0x00, 
0x00, 0x00, 0x00, 0x00, 0x40, 0x00, 0x00, 0x40, 0x2e, 0x62, 0x73, 0x73, 0x00, 0x00, 0x00, 0x00, 
0xa0, 0x01, 0x00, 0x00, 0x00, 0x90, 0x00, 0x00, 0x00, 0x00, 0x00, 0x00, 0x00, 0x00, 0x00, 0x00, 
0x00, 0x00, 0x00, 0x00, 0x00, 0x00, 0x00, 0x00, 0x00, 0x00, 0x00, 0x00, 0x80, 0x00, 0x00, 0xc0, 
0x2e, 0x69, 0x64, 0x61, 0x74, 0x61, 0x00, 0x00, 0x34, 0x0a, 0x00, 0x00, 0x00, 0xa0, 0x00, 0x00, 
0x00, 0x0c, 0x00, 0x00, 0x00, 0x48, 0x00, 0x00, 0x00, 0x00, 0x00, 0x00, 0x00, 0x00, 0x00, 0x00, 
0x00, 0x00, 0x00, 0x00, 0x40, 0x00, 0x00, 0x40, 0x2e, 0x74, 0x6c, 0x73, 0x00, 0x00, 0x00, 0x00, 
0x10, 0x00, 0x00, 0x00, 0x00, 0xb0, 0x00, 0x00, 0x00, 0x02, 0x00, 0x00, 0x00, 0x54, 0x00, 0x00, 
0x00, 0x00, 0x00, 0x00, 0x00, 0x00, 0x00, 0x00, 0x00, 0x00, 0x00, 0x00, 0x40, 0x00, 0x00, 0xc0, 
0x2e, 0x72, 0x65, 0x6c, 0x6f, 0x63, 0x00, 0x00, 0x60, 0x00, 0x00, 0x00, 0x00, 0xc0, 0x00, 0x00, 
0x00, 0x02, 0x00, 0x00, 0x00, 0x56, 0x00, 0x00, 0x00, 0x00, 0x00, 0x00, 0x00, 0x00, 0x00, 0x00, 
0x00, 0x00, 0x00, 0x00, 0x40, 0x00, 0x00, 0x42, 0x00, 0x00, 0x00, 0x00, 0x00, 0x00, 0x00, 0x00, 
0x00, 0x00, 0x00, 0x00, 0x00, 0x00, 0x00, 0x00, 0x00, 0x00, 0x00, 0x00, 0x00, 0x00, 0x00, 0x00, 
0x00, 0x00, 0x00, 0x00, 0x00, 0x00, 0x00, 0x00, 0x00, 0x00, 0x00, 0x00, 0x00, 0x00, 0x00, 0x00, 
0x00, 0x00, 0x00, 0x00, 0x00, 0x00, 0x00, 0x00, 0x00, 0x00, 0x00, 0x00, 0x00, 0x00, 0x00, 0x00, 
0x00, 0x00, 0x00, 0x00, 0x00, 0x00, 0x00, 0x00, 0x00, 0x00, 0x00, 0x00, 0x00, 0x00, 0x00, 0x00, 
0x00, 0x00, 0x00, 0x00, 0x00, 0x00, 0x00, 0x00, 0x00, 0x00, 0x00, 0x00, 0x00, 0x00, 0x00, 0x00, 
0x00, 0x00, 0x00, 0x00, 0x00, 0x00, 0x00, 0x00, 0x00, 0x00, 0x00, 0x00, 0x00, 0x00, 0x00, 0x00, 
0x00, 0x00, 0x00, 0x00, 0x00, 0x00, 0x00, 0x00, 0x00, 0x00, 0x00, 0x00, 0x00, 0x00, 0x00, 0x00, 
0x00, 0x00, 0x00, 0x00, 0x00, 0x00, 0x00, 0x00, 0x00, 0x00, 0x00, 0x00, 0x00, 0x00, 0x00, 0x00, 
0x00, 0x00, 0x00, 0x00, 0x00, 0x00, 0x00, 0x00, 0x00, 0x00, 0x00, 0x00, 0x00, 0x00, 0x00, 0x00, 
0x00, 0x00, 0x00, 0x00, 0x00, 0x00, 0x00, 0x00, 0x00, 0x00, 0x00, 0x00, 0x00, 0x00, 0x00, 0x00, 
0x00, 0x00, 0x00, 0x00, 0x00, 0x00, 0x00, 0x00, 0x00, 0x00, 0x00, 0x00, 0x00, 0x00, 0x00, 0x00, 
0x00, 0x00, 0x00, 0x00, 0x00, 0x00, 0x00, 0x00, 0x00, 0x00, 0x00, 0x00, 0x00, 0x00, 0x00, 0x00, 
0x00, 0x00, 0x00, 0x00, 0x00, 0x00, 0x00, 0x00, 0x00, 0x00, 0x00, 0x00, 0x00, 0x00, 0x00, 0x00, 
0x00, 0x00, 0x00, 0x00, 0x00, 0x00, 0x00, 0x00, 0x00, 0x00, 0x00, 0x00, 0x00, 0x00, 0x00, 0x00, 
0x55, 0x48, 0x89, 0xe5, 0x48, 0x89, 0x4d, 0x10, 0x48, 0x89, 0x55, 0x18, 0x4c, 0x89, 0x45, 0x20, 
0x44, 0x89, 0x4d, 0x28, 0x90, 0x5d, 0xc3, 0x55, 0x48, 0x89, 0xe5, 0x48, 0x83, 0xec, 0x20, 0xb9, 
0x00, 0x00, 0x00, 0x00, 0xe8, 0x7f, 0x25, 0x00, 0x00, 0x90, 0x48, 0x83, 0xc4, 0x20, 0x5d, 0xc3, 
0x55, 0x48, 0x89, 0xe5, 0x48, 0x83, 0xec, 0x30, 0xc7, 0x45, 0xfc, 0xff, 0x00, 0x00, 0x00, 0x48, 
0x8b, 0x05, 0x1a, 0x44, 0x00, 0x00, 0xc7, 0x00, 0x01, 0x00, 0x00, 0x00, 0xe8, 0x3d, 0x00, 0x00, 
0x00, 0x89, 0x45, 0xfc, 0x90, 0x90, 0x8b, 0x45, 0xfc, 0x48, 0x83, 0xc4, 0x30, 0x5d, 0xc3, 0x55, 
0x48, 0x89, 0xe5, 0x48, 0x83, 0xec, 0x30, 0xc7, 0x45, 0xfc, 0xff, 0x00, 0x00, 0x00, 0x48, 0x8b, 
0x05, 0xeb, 0x43, 0x00, 0x00, 0xc7, 0x00, 0x00, 0x00, 0x00, 0x00, 0xe8, 0x0e, 0x00, 0x00, 0x00, 
0x89, 0x45, 0xfc, 0x90, 0x90, 0x8b, 0x45, 0xfc, 0x48, 0x83, 0xc4, 0x30, 0x5d, 0xc3, 0x55, 0x48, 
0x89, 0xe5, 0x48, 0x81, 0xec, 0x90, 0x00, 0x00, 0x00, 0x48, 0xc7, 0x45, 0xf0, 0x00, 0x00, 0x00, 
0x00, 0xc7, 0x45, 0xe0, 0x30, 0x00, 0x00, 0x00, 0x8b, 0x45, 0xe0, 0x65, 0x67, 0x48, 0x8b, 0x00, 
0x48, 0x89, 0x45, 0xd8, 0x48, 0x8b, 0x45, 0xd8, 0x48, 0x8b, 0x40, 0x08, 0x48, 0x89, 0x45, 0xe8, 
0xc7, 0x45, 0xfc, 0x00, 0x00, 0x00, 0x00, 0xc7, 0x45, 0xe4, 0x00, 0x00, 0x00, 0x00, 0xeb, 0x21, 
0x48, 0x8b, 0x45, 0xf0, 0x48, 0x3b, 0x45, 0xe8, 0x75, 0x09, 0xc7, 0x45, 0xfc, 0x01, 0x00, 0x00, 
0x00, 0xeb, 0x45, 0xb9, 0xe8, 0x03, 0x00, 0x00, 0x48, 0x8b, 0x05, 0x49, 0x92, 0x00, 0x00, 0xff, 
0xd0, 0x48, 0x8b, 0x05, 0xb8, 0x43, 0x00, 0x00, 0x48, 0x89, 0x45, 0xd0, 0x48, 0x8b, 0x45, 0xe8, 
0x48, 0x89, 0x45, 0xc8, 0x48, 0xc7, 0x45, 0xc0, 0x00, 0x00, 0x00, 0x00, 0x48, 0x8b, 0x4d, 0xc8, 
0x48, 0x8b, 0x45, 0xc0, 0x48, 0x8b, 0x55, 0xd0, 0xf0, 0x48, 0x0f, 0xb1, 0x0a, 0x48, 0x89, 0x45, 
0xf0, 0x48, 0x83, 0x7d, 0xf0, 0x00, 0x75, 0xa8, 0x48, 0x8b, 0x05, 0x91, 0x43, 0x00, 0x00, 0x8b, 
0x00, 0x83, 0xf8, 0x01, 0x75, 0x0a, 0xb9, 0x1f, 0x00, 0x00, 0x00, 0xe8, 0x50, 0x23, 0x00, 0x00, 
0x48, 0x8b, 0x05, 0x79, 0x43, 0x00, 0x00, 0x8b, 0x00, 0x85, 0xc0, 0x0f, 0x85, 0xe3, 0x01, 0x00, 
0x00, 0x48, 0x8b, 0x05, 0x68, 0x43, 0x00, 0x00, 0xc7, 0x00, 0x01, 0x00, 0x00, 0x00, 0xb9, 0x02, 
0x00, 0x00, 0x00, 0xe8, 0x18, 0x24, 0x00, 0x00, 0x41, 0xb9, 0x00, 0x00, 0x00, 0x00, 0x41, 0xb8, 
0x04, 0x00, 0x00, 0x00, 0xba, 0x00, 0x00, 0x00, 0x00, 0x48, 0x89, 0xc1, 0xe8, 0x2f, 0x24, 0x00, 
0x00, 0x48, 0x8d, 0x05, 0x8f, 0xfe, 0xff, 0xff, 0x48, 0x89, 0xc1, 0xe8, 0xa2, 0x04, 0x00, 0x00, 
0x85, 0xc0, 0x74, 0x05, 0xe8, 0x7f, 0x24, 0x00, 0x00, 0xe8, 0x12, 0x14, 0x00, 0x00, 0x48, 0x8b, 
0x05, 0x9b, 0x43, 0x00, 0x00, 0x48, 0x89, 0xc1, 0x48, 0x8b, 0x05, 0x81, 0x91, 0x00, 0x00, 0xff, 
0xd0, 0x48, 0x8b, 0x15, 0xe8, 0x42, 0x00, 0x00, 0x48, 0x89, 0x02, 0x48, 0x8d, 0x05, 0x3e, 0xfe, 
0xff, 0xff, 0x48, 0x89, 0xc1, 0xe8, 0x46, 0x24, 0x00, 0x00, 0xe8, 0xf1, 0x1c, 0x00, 0x00, 0xe8, 
0x18, 0x02, 0x00, 0x00, 0x89, 0x05, 0x3e, 0x7e, 0x00, 0x00, 0x48, 0x8b, 0x05, 0x7f, 0x42, 0x00, 
0x00, 0x8b, 0x00, 0x85, 0xc0, 0x74, 0x0c, 0xb9, 0x02, 0x00, 0x00, 0x00, 0xe8, 0xff, 0x23, 0x00, 
0x00, 0xeb, 0x0a, 0xb9, 0x01, 0x00, 0x00, 0x00, 0xe8, 0xf3, 0x23, 0x00, 0x00, 0xe8, 0x8e, 0x23, 
0x00, 0x00, 0x48, 0x8b, 0x15, 0x27, 0x43, 0x00, 0x00, 0x8b, 0x12, 0x89, 0x10, 0xe8, 0x76, 0x23, 
0x00, 0x00, 0x48, 0x8b, 0x15, 0xf7, 0x42, 0x00, 0x00, 0x8b, 0x12, 0x89, 0x10, 0xe8, 0x9e, 0x0b, 
0x00, 0x00, 0x89, 0x45, 0xe4, 0x83, 0x7d, 0xe4, 0x00, 0x79, 0x0a, 0xb9, 0x08, 0x00, 0x00, 0x00, 
0xe8, 0x5b, 0x22, 0x00, 0x00, 0x48, 0x8b, 0x05, 0xa4, 0x41, 0x00, 0x00, 0x8b, 0x00, 0x83, 0xf8, 
0x01, 0x75, 0x0f, 0x48, 0x8b, 0x05, 0x06, 0x43, 0x00, 0x00, 0x48, 0x89, 0xc1, 0xe8, 0x78, 0x14, 
0x00, 0x00, 0x48, 0x8b, 0x05, 0xe7, 0x41, 0x00, 0x00, 0x8b, 0x00, 0x83, 0xf8, 0xff, 0x75, 0x0a, 
0xb9, 0xff, 0xff, 0xff, 0xff, 0xe8, 0xf6, 0x23, 0x00, 0x00, 0x48, 0x8b, 0x15, 0x8f, 0x42, 0x00, 
0x00, 0x48, 0x8b, 0x05, 0x78, 0x42, 0x00, 0x00, 0x48, 0x89, 0xc1, 0xe8, 0x88, 0x23, 0x00, 0x00, 
0x85, 0xc0, 0x74, 0x0a, 0xb9, 0x0a, 0x00, 0x00, 0x00, 0xe8, 0x02, 0x22, 0x00, 0x00, 0x48, 0x8b, 
0x05, 0xcb, 0x42, 0x00, 0x00, 0x8b, 0x00, 0x89, 0x45, 0xac, 0x48, 0x8b, 0x05, 0x7f, 0x42, 0x00, 
0x00, 0x44, 0x8b, 0x00, 0x4c, 0x8d, 0x15, 0x65, 0x7d, 0x00, 0x00, 0x48, 0x8d, 0x15, 0x56, 0x7d, 
0x00, 0x00, 0x48, 0x8d, 0x05, 0x4b, 0x7d, 0x00, 0x00, 0x48, 0x8d, 0x4d, 0xac, 0x48, 0x89, 0x4c, 
0x24, 0x20, 0x45, 0x89, 0xc1, 0x4d, 0x89, 0xd0, 0x48, 0x89, 0xc1, 0xe8, 0x00, 0x22, 0x00, 0x00, 
0x89, 0x45, 0xe4, 0x83, 0x7d, 0xe4, 0x00, 0x79, 0x0a, 0xb9, 0x08, 0x00, 0x00, 0x00, 0xe8, 0xad, 
0x21, 0x00, 0x00, 0x8b, 0x05, 0x1b, 0x7d, 0x00, 0x00, 0x48, 0x8d, 0x15, 0x18, 0x7d, 0x00, 0x00, 
0x89, 0xc1, 0xe8, 0xf9, 0x01, 0x00, 0x00, 0x89, 0x45, 0xe4, 0x83, 0x7d, 0xe4, 0x00, 0x74, 0x0a, 
0xb9, 0x08, 0x00, 0x00, 0x00, 0xe8, 0x86, 0x21, 0x00, 0x00, 0x48, 0x8b, 0x15, 0xcf, 0x41, 0x00, 
0x00, 0x48, 0x8b, 0x05, 0xb8, 0x41, 0x00, 0x00, 0x48, 0x89, 0xc1, 0xe8, 0xe0, 0x22, 0x00, 0x00, 
0xe8, 0x42, 0x08, 0x00, 0x00, 0x48, 0x8b, 0x05, 0x94, 0x41, 0x00, 0x00, 0xc7, 0x00, 0x02, 0x00, 
0x00, 0x00, 0xeb, 0x0a, 0xc7, 0x05, 0xde, 0x7c, 0x00, 0x00, 0x01, 0x00, 0x00, 0x00, 0x83, 0x7d, 
0xfc, 0x00, 0x75, 0x1e, 0x48, 0x8b, 0x05, 0x65, 0x41, 0x00, 0x00, 0x48, 0x89, 0x45, 0xb8, 0x48, 
0xc7, 0x45, 0xb0, 0x00, 0x00, 0x00, 0x00, 0x48, 0x8b, 0x55, 0xb0, 0x48, 0x8b, 0x45, 0xb8, 0x48, 
0x87, 0x10, 0x48, 0x8b, 0x05, 0xc7, 0x40, 0x00, 0x00, 0x48, 0x8b, 0x00, 0x48, 0x85, 0xc0, 0x74, 
0x1c, 0x48, 0x8b, 0x05, 0xb8, 0x40, 0x00, 0x00, 0x48, 0x8b, 0x00, 0x41, 0xb8, 0x00, 0x00, 0x00, 
0x00, 0xba, 0x02, 0x00, 0x00, 0x00, 0xb9, 0x00, 0x00, 0x00, 0x00, 0xff, 0xd0, 0xe8, 0xee, 0x20, 
0x00, 0x00, 0x48, 0x8b, 0x15, 0x77, 0x7c, 0x00, 0x00, 0x48, 0x89, 0x10, 0x48, 0x8b, 0x0d, 0x6d, 
0x7c, 0x00, 0x00, 0x48, 0x8b, 0x15, 0x5e, 0x7c, 0x00, 0x00, 0x8b, 0x05, 0x54, 0x7c, 0x00, 0x00, 
0x49, 0x89, 0xc8, 0x89, 0xc1, 0xe8, 0x06, 0x04, 0x00, 0x00, 0x89, 0x45, 0xe4, 0x8b, 0x05, 0x55, 
0x7c, 0x00, 0x00, 0x85, 0xc0, 0x75, 0x0a, 0x8b, 0x45, 0xe4, 0x89, 0xc1, 0xe8, 0x4f, 0x22, 0x00, 
0x00, 0x8b, 0x05, 0x45, 0x7c, 0x00, 0x00, 0x85, 0xc0, 0x75, 0x05, 0xe8, 0xf0, 0x21, 0x00, 0x00, 
0x8b, 0x45, 0xe4, 0x48, 0x81, 0xc4, 0x90, 0x00, 0x00, 0x00, 0x5d, 0xc3, 0x55, 0x48, 0x89, 0xe5, 
0x48, 0x83, 0xec, 0x20, 0x48, 0x8b, 0x05, 0x75, 0x40, 0x00, 0x00, 0xc7, 0x00, 0x01, 0x00, 0x00, 
0x00, 0x48, 0x8b, 0x05, 0x78, 0x40, 0x00, 0x00, 0xc7, 0x00, 0x01, 0x00, 0x00, 0x00, 0x48, 0x8b, 
0x05, 0x7b, 0x40, 0x00, 0x00, 0xc7, 0x00, 0x01, 0x00, 0x00, 0x00, 0x48, 0x8b, 0x05, 0xde, 0x3f, 
0x00, 0x00, 0x48, 0x89, 0x45, 0xf8, 0x48, 0x8b, 0x45, 0xf8, 0x0f, 0xb7, 0x00, 0x66, 0x3d, 0x4d, 
0x5a, 0x74, 0x0a, 0xb8, 0x00, 0x00, 0x00, 0x00, 0xe9, 0xad, 0x00, 0x00, 0x00, 0x48, 0x8b, 0x45, 
0xf8, 0x8b, 0x40, 0x3c, 0x48, 0x63, 0xd0, 0x48, 0x8b, 0x45, 0xf8, 0x48, 0x01, 0xd0, 0x48, 0x89, 
0x45, 0xf0, 0x48, 0x8b, 0x45, 0xf0, 0x8b, 0x00, 0x3d, 0x50, 0x45, 0x00, 0x00, 0x74, 0x0a, 0xb8, 
0x00, 0x00, 0x00, 0x00, 0xe9, 0x81, 0x00, 0x00, 0x00, 0x48, 0x8b, 0x45, 0xf0, 0x48, 0x83, 0xc0, 
0x18, 0x48, 0x89, 0x45, 0xe8, 0x48, 0x8b, 0x45, 0xe8, 0x0f, 0xb7, 0x00, 0x0f, 0xb7, 0xc0, 0x3d, 
0x0b, 0x01, 0x00, 0x00, 0x74, 0x09, 0x3d, 0x0b, 0x02, 0x00, 0x00, 0x74, 0x29, 0xeb, 0x56, 0x48, 
0x8b, 0x45, 0xe8, 0x8b, 0x40, 0x5c, 0x83, 0xf8, 0x0e, 0x77, 0x07, 0xb8, 0x00, 0x00, 0x00, 0x00, 
0xeb, 0x48, 0x48, 0x8b, 0x45, 0xe8, 0x8b, 0x80, 0xd0, 0x00, 0x00, 0x00, 0x85, 0xc0, 0x0f, 0x95, 
0xc0, 0x0f, 0xb6, 0xc0, 0xeb, 0x34, 0x48, 0x8b, 0x45, 0xe8, 0x48, 0x89, 0x45, 0xe0, 0x48, 0x8b, 
0x45, 0xe0, 0x8b, 0x40, 0x6c, 0x83, 0xf8, 0x0e, 0x77, 0x07, 0xb8, 0x00, 0x00, 0x00, 0x00, 0xeb, 
0x19, 0x48, 0x8b, 0x45, 0xe0, 0x8b, 0x80, 0xe0, 0x00, 0x00, 0x00, 0x85, 0xc0, 0x0f, 0x95, 0xc0, 
0x0f, 0xb6, 0xc0, 0xeb, 0x05, 0xb8, 0x00, 0x00, 0x00, 0x00, 0x48, 0x83, 0xc4, 0x20, 0x5d, 0xc3, 
0x55, 0x53, 0x48, 0x83, 0xec, 0x48, 0x48, 0x8d, 0x6c, 0x24, 0x40, 0x89, 0x4d, 0x20, 0x48, 0x89, 
0x55, 0x28, 0x8b, 0x45, 0x20, 0x83, 0xc0, 0x01, 0x48, 0x98, 0x48, 0xc1, 0xe0, 0x03, 0x48, 0x89, 
0xc1, 0xe8, 0x72, 0x21, 0x00, 0x00, 0x48, 0x89, 0x45, 0xf0, 0x48, 0x83, 0x7d, 0xf0, 0x00, 0x75, 
0x0a, 0xb8, 0x01, 0x00, 0x00, 0x00, 0xe9, 0x00, 0x01, 0x00, 0x00, 0x48, 0x8b, 0x45, 0x28, 0x48, 
0x8b, 0x00, 0x48, 0x89, 0x45, 0xe8, 0xc7, 0x45, 0xfc, 0x00, 0x00, 0x00, 0x00, 0xe9, 0xb2, 0x00, 
0x00, 0x00, 0x8b, 0x45, 0xfc, 0x48, 0x98, 0x48, 0x8d, 0x14, 0xc5, 0x00, 0x00, 0x00, 0x00, 0x48, 
0x8b, 0x45, 0xe8, 0x48, 0x01, 0xd0, 0x48, 0x8b, 0x00, 0x48, 0x89, 0xc1, 0xe8, 0x0f, 0x20, 0x00, 
0x00, 0x48, 0x83, 0xc0, 0x01, 0x48, 0x01, 0xc0, 0x48, 0x89, 0x45, 0xe0, 0x8b, 0x45, 0xfc, 0x48, 
0x98, 0x48, 0x8d, 0x14, 0xc5, 0x00, 0x00, 0x00, 0x00, 0x48, 0x8b, 0x45, 0xf0, 0x48, 0x8d, 0x1c, 
0x02, 0x48, 0x8b, 0x45, 0xe0, 0x48, 0x89, 0xc1, 0xe8, 0xfb, 0x20, 0x00, 0x00, 0x48, 0x89, 0x03, 
0x8b, 0x45, 0xfc, 0x48, 0x98, 0x48, 0x8d, 0x14, 0xc5, 0x00, 0x00, 0x00, 0x00, 0x48, 0x8b, 0x45, 
0xf0, 0x48, 0x01, 0xd0, 0x48, 0x8b, 0x00, 0x48, 0x85, 0xc0, 0x75, 0x07, 0xb8, 0x01, 0x00, 0x00, 
0x00, 0xeb, 0x78, 0x8b, 0x45, 0xfc, 0x48, 0x98, 0x48, 0x8d, 0x14, 0xc5, 0x00, 0x00, 0x00, 0x00, 
0x48, 0x8b, 0x45, 0xe8, 0x48, 0x01, 0xd0, 0x48, 0x8b, 0x10, 0x8b, 0x45, 0xfc, 0x48, 0x98, 0x48, 
0x8d, 0x0c, 0xc5, 0x00, 0x00, 0x00, 0x00, 0x48, 0x8b, 0x45, 0xf0, 0x48, 0x01, 0xc8, 0x48, 0x8b, 
0x00, 0x48, 0x8b, 0x4d, 0xe0, 0x49, 0x89, 0xc8, 0x48, 0x89, 0xc1, 0xe8, 0x48, 0x20, 0x00, 0x00, 
0x83, 0x45, 0xfc, 0x01, 0x8b, 0x45, 0xfc, 0x3b, 0x45, 0x20, 0x0f, 0x8c, 0x42, 0xff, 0xff, 0xff, 
0x8b, 0x45, 0xfc, 0x48, 0x98, 0x48, 0x8d, 0x14, 0xc5, 0x00, 0x00, 0x00, 0x00, 0x48, 0x8b, 0x45, 
0xf0, 0x48, 0x01, 0xd0, 0x48, 0xc7, 0x00, 0x00, 0x00, 0x00, 0x00, 0x48, 0x8b, 0x45, 0x28, 0x48, 
0x8b, 0x55, 0xf0, 0x48, 0x89, 0x10, 0xb8, 0x00, 0x00, 0x00, 0x00, 0x48, 0x83, 0xc4, 0x48, 0x5b, 
0x5d, 0xc3, 0x55, 0x48, 0x89, 0xe5, 0x48, 0x83, 0xec, 0x20, 0x48, 0x89, 0x4d, 0x10, 0x48, 0x8b, 
0x45, 0x10, 0x48, 0x89, 0xc1, 0xe8, 0x96, 0x1f, 0x00, 0x00, 0x48, 0x83, 0xc4, 0x20, 0x5d, 0xc3, 
0xc3, 0x0f, 0x1f, 0x40, 0x00, 0x66, 0x66, 0x2e, 0x0f, 0x1f, 0x84, 0x00, 0x00, 0x00, 0x00, 0x00, 
0x31, 0xc0, 0xc3, 0x66, 0x90, 0x66, 0x66, 0x2e, 0x0f, 0x1f, 0x84, 0x00, 0x00, 0x00, 0x00, 0x00, 
0x55, 0x53, 0x48, 0x83, 0xec, 0x38, 0x48, 0x8d, 0x6c, 0x24, 0x30, 0x48, 0x8d, 0x0d, 0x7e, 0x39, 
0x00, 0x00, 0xff, 0x15, 0x80, 0x8c, 0x00, 0x00, 0x48, 0x89, 0xc3, 0x48, 0x85, 0xc0, 0x74, 0x70, 
0x48, 0x8d, 0x0d, 0x69, 0x39, 0x00, 0x00, 0xff, 0x15, 0x8b, 0x8c, 0x00, 0x00, 0x4c, 0x8b, 0x0d, 
0x6c, 0x8c, 0x00, 0x00, 0x48, 0x8d, 0x15, 0x68, 0x39, 0x00, 0x00, 0x48, 0x89, 0xd9, 0x48, 0x89, 
0x05, 0x6b, 0x79, 0x00, 0x00, 0x4c, 0x89, 0x4d, 0xf0, 0x41, 0xff, 0xd1, 0x48, 0x8d, 0x15, 0x66, 
0x39, 0x00, 0x00, 0x48, 0x89, 0xd9, 0x48, 0x89, 0x45, 0xf8, 0xff, 0x55, 0xf0, 0x4c, 0x8b, 0x45, 
0xf8, 0x48, 0x89, 0x05, 0x28, 0x29, 0x00, 0x00, 0x4d, 0x85, 0xc0, 0x74, 0x11, 0x48, 0x8d, 0x15, 
0x5c, 0x79, 0x00, 0x00, 0x48, 0x8d, 0x0d, 0x15, 0x49, 0x00, 0x00, 0x41, 0xff, 0xd0, 0x48, 0x8d, 
0x0d, 0x2b, 0x00, 0x00, 0x00, 0x48, 0x83, 0xc4, 0x38, 0x5b, 0x5d, 0xe9, 0x32, 0xff, 0xff, 0xff, 
0x48, 0x8d, 0x05, 0x59, 0xff, 0xff, 0xff, 0x4c, 0x8d, 0x05, 0x42, 0xff, 0xff, 0xff, 0x48, 0x89, 
0x05, 0xeb, 0x28, 0x00, 0x00, 0xeb, 0xc6, 0x66, 0x0f, 0x1f, 0x84, 0x00, 0x00, 0x00, 0x00, 0x00, 
0x55, 0x48, 0x89, 0xe5, 0x48, 0x83, 0xec, 0x20, 0x48, 0x8b, 0x05, 0xd1, 0x28, 0x00, 0x00, 0x48, 
0x85, 0xc0, 0x74, 0x09, 0x48, 0x8d, 0x0d, 0xc5, 0x48, 0x00, 0x00, 0xff, 0xd0, 0x48, 0x8b, 0x0d, 
0xdc, 0x78, 0x00, 0x00, 0x48, 0x85, 0xc9, 0x74, 0x0f, 0x48, 0x83, 0xc4, 0x20, 0x5d, 0x48, 0xff, 
0x25, 0xa3, 0x8b, 0x00, 0x00, 0x0f, 0x1f, 0x00, 0x48, 0x83, 0xc4, 0x20, 0x5d, 0xc3, 0x90, 0x90, 
0x56, 0x53, 0x48, 0x83, 0xec, 0x58, 0x48, 0x8d, 0xb4, 0x24, 0x90, 0x00, 0x00, 0x00, 0x48, 0x89, 
0xcb, 0x48, 0x89, 0x74, 0x24, 0x48, 0xe8, 0xf5, 0x1c, 0x00, 0x00, 0x41, 0xb9, 0x57, 0x02, 0x00, 
0x00, 0x41, 0xb8, 0x58, 0x02, 0x00, 0x00, 0x48, 0x89, 0xda, 0x48, 0x8b, 0x08, 0x48, 0x8d, 0x05, 
0xbc, 0x38, 0x00, 0x00, 0x48, 0x89, 0x74, 0x24, 0x30, 0x48, 0xc7, 0x44, 0x24, 0x28, 0x00, 0x00, 
0x00, 0x00, 0x48, 0x89, 0x44, 0x24, 0x20, 0xe8, 0xf4, 0x1d, 0x00, 0x00, 0x48, 0x83, 0xc4, 0x58, 
0x5b, 0x5e, 0xc3, 0x66, 0x90, 0x66, 0x66, 0x2e, 0x0f, 0x1f, 0x84, 0x00, 0x00, 0x00, 0x00, 0x00, 
0x41, 0x54, 0xb8, 0x90, 0x15, 0x00, 0x00, 0x55, 0x57, 0x56, 0x53, 0xe8, 0xb0, 0x1b, 0x00, 0x00, 
0x48, 0x29, 0xc4, 0x89, 0xcd, 0x49, 0x89, 0xd4, 0x48, 0x8d, 0x0d, 0x41, 0x28, 0x00, 0x00, 0xba, 
0x2e, 0x00, 0x00, 0x00, 0xe8, 0x57, 0x1e, 0x00, 0x00, 0x48, 0x89, 0xc3, 0x48, 0x85, 0xc0, 0x0f, 
0x84, 0x9f, 0x01, 0x00, 0x00, 0x48, 0x8b, 0x35, 0x94, 0x8c, 0x00, 0x00, 0x48, 0x8d, 0x15, 0x8d, 
0x38, 0x00, 0x00, 0x48, 0x89, 0xc1, 0xff, 0xd6, 0x85, 0xc0, 0x0f, 0x85, 0x70, 0x01, 0x00, 0x00, 
0x31, 0xd2, 0x48, 0x8d, 0x9c, 0x24, 0x90, 0x05, 0x00, 0x00, 0x48, 0x8b, 0x35, 0x87, 0x8c, 0x00, 
0x00, 0x4c, 0x8d, 0x05, 0x72, 0x38, 0x00, 0x00, 0x66, 0x89, 0x94, 0x24, 0x90, 0x05, 0x00, 0x00, 
0x48, 0x89, 0xd9, 0xba, 0x00, 0x08, 0x00, 0x00, 0xff, 0xd6, 0x4c, 0x8d, 0x05, 0xdf, 0x27, 0x00, 
0x00, 0xba, 0x00, 0x08, 0x00, 0x00, 0x48, 0x89, 0xd9, 0xff, 0xd6, 0x4c, 0x8d, 0x05, 0x64, 0x38, 
0x00, 0x00, 0xba, 0x00, 0x08, 0x00, 0x00, 0x48, 0x89, 0xd9, 0xff, 0xd6, 0x83, 0xfd, 0x01, 0x7e, 
0x48, 0x8d, 0x45, 0xfe, 0x49, 0x8d, 0x7c, 0x24, 0x08, 0x49, 0x8d, 0x6c, 0xc4, 0x10, 0x66, 0x90, 
0x4c, 0x8d, 0x05, 0x4d, 0x38, 0x00, 0x00, 0xba, 0x00, 0x08, 0x00, 0x00, 0x48, 0x89, 0xd9, 0x48, 
0x83, 0xc7, 0x08, 0xff, 0xd6, 0x4c, 0x8b, 0x47, 0xf8, 0xba, 0x00, 0x08, 0x00, 0x00, 0x48, 0x89, 
0xd9, 0xff, 0xd6, 0x4c, 0x8d, 0x05, 0x1c, 0x38, 0x00, 0x00, 0xba, 0x00, 0x08, 0x00, 0x00, 0x48, 
0x89, 0xd9, 0xff, 0xd6, 0x48, 0x39, 0xef, 0x75, 0xc7, 0x4c, 0x8d, 0x05, 0x06, 0x38, 0x00, 0x00, 
0xba, 0x00, 0x08, 0x00, 0x00, 0x48, 0x89, 0xd9, 0xff, 0xd6, 0x66, 0x0f, 0xef, 0xc0, 0x48, 0x8d, 
0x54, 0x24, 0x50, 0x48, 0x8d, 0x44, 0x24, 0x70, 0x31, 0xc9, 0x48, 0x89, 0x54, 0x24, 0x48, 0x45, 
0x31, 0xc9, 0x45, 0x31, 0xc0, 0x48, 0x89, 0xda, 0xc7, 0x84, 0x24, 0xd4, 0x00, 0x00, 0x00, 0x00, 
0x00, 0x00, 0x00, 0xc7, 0x44, 0x24, 0x70, 0x68, 0x00, 0x00, 0x00, 0x48, 0xc7, 0x44, 0x24, 0x60, 
0x00, 0x00, 0x00, 0x00, 0x48, 0x89, 0x44, 0x24, 0x40, 0x48, 0xc7, 0x44, 0x24, 0x38, 0x00, 0x00, 
0x00, 0x00, 0x48, 0xc7, 0x44, 0x24, 0x30, 0x00, 0x00, 0x00, 0x00, 0xc7, 0x44, 0x24, 0x28, 0x00, 
0x00, 0x00, 0x00, 0xc7, 0x44, 0x24, 0x20, 0x01, 0x00, 0x00, 0x00, 0x0f, 0x11, 0x44, 0x24, 0x74, 
0x0f, 0x11, 0x84, 0x24, 0x84, 0x00, 0x00, 0x00, 0x0f, 0x11, 0x84, 0x24, 0x94, 0x00, 0x00, 0x00, 
0x0f, 0x11, 0x84, 0x24, 0xa4, 0x00, 0x00, 0x00, 0x0f, 0x11, 0x84, 0x24, 0xb4, 0x00, 0x00, 0x00, 
0x0f, 0x11, 0x84, 0x24, 0xc4, 0x00, 0x00, 0x00, 0x0f, 0x29, 0x44, 0x24, 0x50, 0xff, 0x15, 0x8d, 
0x89, 0x00, 0x00, 0x85, 0xc0, 0x0f, 0x84, 0xe5, 0x00, 0x00, 0x00, 0x48, 0x8b, 0x4c, 0x24, 0x58, 
0x48, 0x8b, 0x1d, 0x71, 0x89, 0x00, 0x00, 0xff, 0xd3, 0x48, 0x8b, 0x4c, 0x24, 0x50, 0xff, 0xd3, 
0x31, 0xc0, 0x48, 0x81, 0xc4, 0x90, 0x15, 0x00, 0x00, 0x5b, 0x5e, 0x5f, 0x5d, 0x41, 0x5c, 0xc3, 
0x48, 0x8d, 0x15, 0x33, 0x37, 0x00, 0x00, 0x48, 0x89, 0xd9, 0xff, 0xd6, 0x85, 0xc0, 0x0f, 0x84, 
0x7c, 0xfe, 0xff, 0xff, 0x31, 0xc0, 0x48, 0x8d, 0x9c, 0x24, 0x90, 0x05, 0x00, 0x00, 0x48, 0x8b, 
0x35, 0x03, 0x8b, 0x00, 0x00, 0x4c, 0x8d, 0x05, 0x0a, 0x37, 0x00, 0x00, 0xba, 0x00, 0x08, 0x00, 
0x00, 0x48, 0x89, 0xd9, 0x66, 0x89, 0x84, 0x24, 0x90, 0x05, 0x00, 0x00, 0xff, 0xd6, 0x4c, 0x8d, 
0x05, 0x5b, 0x26, 0x00, 0x00, 0xba, 0x00, 0x08, 0x00, 0x00, 0x48, 0x89, 0xd9, 0xff, 0xd6, 0x4c, 
0x8d, 0x05, 0xe0, 0x36, 0x00, 0x00, 0xba, 0x00, 0x08, 0x00, 0x00, 0x48, 0x89, 0xd9, 0xff, 0xd6, 
0x83, 0xfd, 0x01, 0x0f, 0x8e, 0xd1, 0xfe, 0xff, 0xff, 0x8d, 0x45, 0xfe, 0x49, 0x8d, 0x7c, 0x24, 
0x08, 0x49, 0x8d, 0x6c, 0xc4, 0x10, 0x66, 0x2e, 0x0f, 0x1f, 0x84, 0x00, 0x00, 0x00, 0x00, 0x00, 
0x4c, 0x8d, 0x05, 0xbd, 0x36, 0x00, 0x00, 0xba, 0x00, 0x08, 0x00, 0x00, 0x48, 0x89, 0xd9, 0x48, 
0x83, 0xc7, 0x08, 0xff, 0xd6, 0x4c, 0x8b, 0x47, 0xf8, 0xba, 0x00, 0x08, 0x00, 0x00, 0x48, 0x89, 
0xd9, 0xff, 0xd6, 0x4c, 0x8d, 0x05, 0x8c, 0x36, 0x00, 0x00, 0xba, 0x00, 0x08, 0x00, 0x00, 0x48, 
0x89, 0xd9, 0xff, 0xd6, 0x48, 0x39, 0xef, 0x75, 0xc7, 0xe9, 0x7c, 0xfe, 0xff, 0xff, 0x66, 0x90, 
0xff, 0x15, 0xba, 0x88, 0x00, 0x00, 0x41, 0xb8, 0x57, 0x02, 0x00, 0x00, 0xba, 0x58, 0x02, 0x00, 
0x00, 0x48, 0x8d, 0x8c, 0x24, 0xe0, 0x00, 0x00, 0x00, 0x89, 0x44, 0x24, 0x28, 0x48, 0x8d, 0x05, 
0xbc, 0x25, 0x00, 0x00, 0x4c, 0x8d, 0x0d, 0xe5, 0x35, 0x00, 0x00, 0x48, 0x89, 0x44, 0x24, 0x20, 
0xe8, 0xeb, 0xfc, 0xff, 0xff, 0x41, 0xb9, 0x10, 0x00, 0x00, 0x00, 0x4c, 0x8d, 0x05, 0x48, 0x36, 
0x00, 0x00, 0x31, 0xc9, 0x48, 0x8d, 0x94, 0x24, 0xe0, 0x00, 0x00, 0x00, 0xff, 0x15, 0x2e, 0x8a, 
0x00, 0x00, 0xb8, 0x01, 0x00, 0x00, 0x00, 0x48, 0x81, 0xc4, 0x90, 0x15, 0x00, 0x00, 0x5b, 0x5e, 
0x5f, 0x5d, 0x41, 0x5c, 0xc3, 0x90, 0x90, 0x90, 0x90, 0x90, 0x90, 0x90, 0x90, 0x90, 0x90, 0x90, 
0x55, 0x48, 0x89, 0xe5, 0x48, 0x83, 0xec, 0x20, 0xeb, 0x1e, 0x48, 0x8b, 0x05, 0x5f, 0x2d, 0x00, 
0x00, 0x48, 0x8b, 0x00, 0xff, 0xd0, 0x48, 0x8b, 0x05, 0x53, 0x2d, 0x00, 0x00, 0x48, 0x83, 0xc0, 
0x08, 0x48, 0x89, 0x05, 0x48, 0x2d, 0x00, 0x00, 0x48, 0x8b, 0x05, 0x41, 0x2d, 0x00, 0x00, 0x48, 
0x8b, 0x00, 0x48, 0x85, 0xc0, 0x75, 0xd3, 0x90, 0x90, 0x48, 0x83, 0xc4, 0x20, 0x5d, 0xc3, 0x55, 
0x48, 0x89, 0xe5, 0x48, 0x83, 0xec, 0x30, 0x48, 0x8b, 0x05, 0xf2, 0x38, 0x00, 0x00, 0x48, 0x8b, 
0x00, 0x89, 0x45, 0xfc, 0x83, 0x7d, 0xfc, 0xff, 0x75, 0x25, 0xc7, 0x45, 0xfc, 0x00, 0x00, 0x00, 
0x00, 0xeb, 0x04, 0x83, 0x45, 0xfc, 0x01, 0x8b, 0x45, 0xfc, 0x8d, 0x50, 0x01, 0x48, 0x8b, 0x05, 
0xcc, 0x38, 0x00, 0x00, 0x89, 0xd2, 0x48, 0x8b, 0x04, 0xd0, 0x48, 0x85, 0xc0, 0x75, 0xe4, 0x8b, 
0x45, 0xfc, 0x89, 0x45, 0xf8, 0xeb, 0x14, 0x48, 0x8b, 0x05, 0xb2, 0x38, 0x00, 0x00, 0x8b, 0x55, 
0xf8, 0x48, 0x8b, 0x04, 0xd0, 0xff, 0xd0, 0x83, 0x6d, 0xf8, 0x01, 0x83, 0x7d, 0xf8, 0x00, 0x75, 
0xe6, 0x48, 0x8d, 0x05, 0x58, 0xff, 0xff, 0xff, 0x48, 0x89, 0xc1, 0xe8, 0xd2, 0xfa, 0xff, 0xff, 
0x90, 0x48, 0x83, 0xc4, 0x30, 0x5d, 0xc3, 0x55, 0x48, 0x89, 0xe5, 0x48, 0x83, 0xec, 0x20, 0x8b, 
0x05, 0x0b, 0x75, 0x00, 0x00, 0x85, 0xc0, 0x75, 0x0f, 0xc7, 0x05, 0xfd, 0x74, 0x00, 0x00, 0x01, 
0x00, 0x00, 0x00, 0xe8, 0x67, 0xff, 0xff, 0xff, 0x90, 0x48, 0x83, 0xc4, 0x20, 0x5d, 0xc3, 0x90, 
0x55, 0x48, 0x89, 0xe5, 0x48, 0x83, 0xec, 0x30, 0x48, 0x89, 0x4d, 0x10, 0x89, 0x55, 0x18, 0x4c, 
0x89, 0x45, 0x20, 0x48, 0x8b, 0x05, 0x26, 0x38, 0x00, 0x00, 0x8b, 0x00, 0x83, 0xf8, 0x02, 0x74, 
0x0d, 0x48, 0x8b, 0x05, 0x18, 0x38, 0x00, 0x00, 0xc7, 0x00, 0x02, 0x00, 0x00, 0x00, 0x83, 0x7d, 
0x18, 0x02, 0x74, 0x1e, 0x83, 0x7d, 0x18, 0x01, 0x75, 0x5b, 0x48, 0x8b, 0x4d, 0x20, 0x8b, 0x55, 
0x18, 0x48, 0x8b, 0x45, 0x10, 0x49, 0x89, 0xc8, 0x48, 0x89, 0xc1, 0xe8, 0xe1, 0x11, 0x00, 0x00, 
0xeb, 0x43, 0x48, 0x8d, 0x05, 0x2f, 0x3b, 0x00, 0x00, 0x48, 0x89, 0x45, 0xf8, 0x48, 0x83, 0x45, 
0xf8, 0x08, 0xeb, 0x22, 0x48, 0x8b, 0x45, 0xf8, 0x48, 0x89, 0x45, 0xf0, 0x48, 0x8b, 0x45, 0xf0, 
0x48, 0x8b, 0x00, 0x48, 0x85, 0xc0, 0x74, 0x09, 0x48, 0x8b, 0x45, 0xf0, 0x48, 0x8b, 0x00, 0xff, 
0xd0, 0x48, 0x83, 0x45, 0xf8, 0x08, 0x48, 0x8d, 0x05, 0x03, 0x3b, 0x00, 0x00, 0x48, 0x39, 0x45, 
0xf8, 0x75, 0xd1, 0xeb, 0x01, 0x90, 0x48, 0x83, 0xc4, 0x30, 0x5d, 0xc3, 0x55, 0x48, 0x89, 0xe5, 
0x48, 0x89, 0x4d, 0x10, 0x48, 0x83, 0x7d, 0x10, 0x00, 0x75, 0x07, 0xb8, 0x00, 0x00, 0x00, 0x00, 
0xeb, 0x05, 0xb8, 0x00, 0x00, 0x00, 0x00, 0x5d, 0xc3, 0x55, 0x48, 0x89, 0xe5, 0x48, 0x83, 0xec, 
0x20, 0x48, 0x89, 0x4d, 0x10, 0x89, 0x55, 0x18, 0x4c, 0x89, 0x45, 0x20, 0x83, 0x7d, 0x18, 0x03, 
0x74, 0x06, 0x83, 0x7d, 0x18, 0x00, 0x75, 0x18, 0x48, 0x8b, 0x4d, 0x20, 0x8b, 0x55, 0x18, 0x48, 
0x8b, 0x45, 0x10, 0x49, 0x89, 0xc8, 0x48, 0x89, 0xc1, 0xe8, 0x43, 0x11, 0x00, 0x00, 0xeb, 0x01, 
0x90, 0x48, 0x83, 0xc4, 0x20, 0x5d, 0xc3, 0x90, 0x90, 0x90, 0x90, 0x90, 0x90, 0x90, 0x90, 0x90, 
0x55, 0x53, 0x48, 0x81, 0xec, 0x88, 0x00, 0x00, 0x00, 0x48, 0x8d, 0x6c, 0x24, 0x50, 0x0f, 0x29, 
0x75, 0x00, 0x0f, 0x29, 0x7d, 0x10, 0x44, 0x0f, 0x29, 0x45, 0x20, 0x48, 0x89, 0x4d, 0x50, 0x48, 
0x8b, 0x45, 0x50, 0x8b, 0x00, 0x83, 0xf8, 0x06, 0x74, 0x56, 0x83, 0xf8, 0x06, 0x7f, 0x78, 0x83, 
0xf8, 0x05, 0x74, 0x59, 0x83, 0xf8, 0x05, 0x7f, 0x6e, 0x83, 0xf8, 0x04, 0x74, 0x5c, 0x83, 0xf8, 
0x04, 0x7f, 0x64, 0x83, 0xf8, 0x03, 0x74, 0x2b, 0x83, 0xf8, 0x03, 0x7f, 0x5a, 0x83, 0xf8, 0x01, 
0x74, 0x07, 0x83, 0xf8, 0x02, 0x74, 0x0f, 0xeb, 0x4e, 0x48, 0x8d, 0x05, 0x30, 0x34, 0x00, 0x00, 
0x48, 0x89, 0x45, 0xf8, 0xeb, 0x4d, 0x48, 0x8d, 0x05, 0x42, 0x34, 0x00, 0x00, 0x48, 0x89, 0x45, 
0xf8, 0xeb, 0x40, 0x48, 0x8d, 0x05, 0x56, 0x34, 0x00, 0x00, 0x48, 0x89, 0x45, 0xf8, 0xeb, 0x33, 
0x48, 0x8d, 0x05, 0x69, 0x34, 0x00, 0x00, 0x48, 0x89, 0x45, 0xf8, 0xeb, 0x26, 0x48, 0x8d, 0x05, 
0x84, 0x34, 0x00, 0x00, 0x48, 0x89, 0x45, 0xf8, 0xeb, 0x19, 0x48, 0x8d, 0x05, 0x9f, 0x34, 0x00, 
0x00, 0x48, 0x89, 0x45, 0xf8, 0xeb, 0x0c, 0x48, 0x8d, 0x05, 0xc8, 0x34, 0x00, 0x00, 0x48, 0x89, 
0x45, 0xf8, 0x90, 0x48, 0x8b, 0x45, 0x50, 0xf2, 0x44, 0x0f, 0x10, 0x40, 0x20, 0x48, 0x8b, 0x45, 
0x50, 0xf2, 0x0f, 0x10, 0x78, 0x18, 0x48, 0x8b, 0x45, 0x50, 0xf2, 0x0f, 0x10, 0x70, 0x10, 0x48, 
0x8b, 0x45, 0x50, 0x48, 0x8b, 0x58, 0x08, 0xb9, 0x02, 0x00, 0x00, 0x00, 0xe8, 0x0f, 0x18, 0x00, 
0x00, 0x48, 0x89, 0xc1, 0x48, 0x8b, 0x55, 0xf8, 0x48, 0x8d, 0x05, 0x99, 0x34, 0x00, 0x00, 0xf2, 
0x44, 0x0f, 0x11, 0x44, 0x24, 0x30, 0xf2, 0x0f, 0x11, 0x7c, 0x24, 0x28, 0xf2, 0x0f, 0x11, 0x74, 
0x24, 0x20, 0x49, 0x89, 0xd9, 0x49, 0x89, 0xd0, 0x48, 0x89, 0xc2, 0xe8, 0x70, 0x16, 0x00, 0x00, 
0xb8, 0x00, 0x00, 0x00, 0x00, 0x0f, 0x28, 0x75, 0x00, 0x0f, 0x28, 0x7d, 0x10, 0x44, 0x0f, 0x28, 
0x45, 0x20, 0x48, 0x81, 0xc4, 0x88, 0x00, 0x00, 0x00, 0x5b, 0x5d, 0xc3, 0x90, 0x90, 0x90, 0x90, 
0x55, 0x48, 0x89, 0xe5, 0xb8, 0x00, 0x00, 0x00, 0x00, 0x5d, 0xc3, 0x90, 0x90, 0x90, 0x90, 0x90, 
0x55, 0x53, 0x48, 0x83, 0xec, 0x38, 0x48, 0x8d, 0x6c, 0x24, 0x30, 0x48, 0x89, 0x4d, 0x20, 0x48, 
0x89, 0x55, 0x28, 0x4c, 0x89, 0x45, 0x30, 0x4c, 0x89, 0x4d, 0x38, 0x48, 0x8d, 0x45, 0x28, 0x48, 
0x89, 0x45, 0xf8, 0xb9, 0x02, 0x00, 0x00, 0x00, 0xe8, 0x83, 0x17, 0x00, 0x00, 0x48, 0x89, 0xc1, 
0x48, 0x8d, 0x05, 0x49, 0x34, 0x00, 0x00, 0x48, 0x89, 0xc2, 0xe8, 0x01, 0x16, 0x00, 0x00, 0x48, 
0x8b, 0x5d, 0xf8, 0xb9, 0x02, 0x00, 0x00, 0x00, 0xe8, 0x63, 0x17, 0x00, 0x00, 0x48, 0x89, 0xc1, 
0x48, 0x8b, 0x45, 0x20, 0x49, 0x89, 0xd8, 0x48, 0x89, 0xc2, 0xe8, 0x91, 0x15, 0x00, 0x00, 0xe8, 
0xe4, 0x17, 0x00, 0x00, 0x90, 0x55, 0x48, 0x89, 0xe5, 0x48, 0x83, 0xec, 0x60, 0x48, 0x89, 0x4d, 
0x10, 0xc7, 0x45, 0xfc, 0x00, 0x00, 0x00, 0x00, 0xe9, 0x82, 0x00, 0x00, 0x00, 0x48, 0x8b, 0x0d, 
0x8c, 0x72, 0x00, 0x00, 0x8b, 0x45, 0xfc, 0x48, 0x63, 0xd0, 0x48, 0x89, 0xd0, 0x48, 0xc1, 0xe0, 
0x02, 0x48, 0x01, 0xd0, 0x48, 0xc1, 0xe0, 0x03, 0x48, 0x01, 0xc8, 0x48, 0x8b, 0x40, 0x18, 0x48, 
0x39, 0x45, 0x10, 0x72, 0x56, 0x48, 0x8b, 0x0d, 0x64, 0x72, 0x00, 0x00, 0x8b, 0x45, 0xfc, 0x48, 
0x63, 0xd0, 0x48, 0x89, 0xd0, 0x48, 0xc1, 0xe0, 0x02, 0x48, 0x01, 0xd0, 0x48, 0xc1, 0xe0, 0x03, 
0x48, 0x01, 0xc8, 0x48, 0x8b, 0x48, 0x18, 0x4c, 0x8b, 0x05, 0x42, 0x72, 0x00, 0x00, 0x8b, 0x45, 
0xfc, 0x48, 0x63, 0xd0, 0x48, 0x89, 0xd0, 0x48, 0xc1, 0xe0, 0x02, 0x48, 0x01, 0xd0, 0x48, 0xc1, 
0xe0, 0x03, 0x4c, 0x01, 0xc0, 0x48, 0x8b, 0x40, 0x20, 0x8b, 0x40, 0x08, 0x89, 0xc0, 0x48, 0x01, 
0xc8, 0x48, 0x39, 0x45, 0x10, 0x0f, 0x82, 0x41, 0x02, 0x00, 0x00, 0x83, 0x45, 0xfc, 0x01, 0x8b, 
0x05, 0x13, 0x72, 0x00, 0x00, 0x39, 0x45, 0xfc, 0x0f, 0x8c, 0x6f, 0xff, 0xff, 0xff, 0x48, 0x8b, 
0x45, 0x10, 0x48, 0x89, 0xc1, 0xe8, 0xc1, 0x11, 0x00, 0x00, 0x48, 0x89, 0x45, 0xf0, 0x48, 0x83, 
0x7d, 0xf0, 0x00, 0x75, 0x13, 0x48, 0x8b, 0x45, 0x10, 0x48, 0x8d, 0x0d, 0x70, 0x33, 0x00, 0x00, 
0x48, 0x89, 0xc2, 0xe8, 0xc8, 0xfe, 0xff, 0xff, 0x48, 0x8b, 0x0d, 0xd1, 0x71, 0x00, 0x00, 0x8b, 
0x45, 0xfc, 0x48, 0x63, 0xd0, 0x48, 0x89, 0xd0, 0x48, 0xc1, 0xe0, 0x02, 0x48, 0x01, 0xd0, 0x48, 
0xc1, 0xe0, 0x03, 0x48, 0x8d, 0x14, 0x01, 0x48, 0x8b, 0x45, 0xf0, 0x48, 0x89, 0x42, 0x20, 0x48, 
0x8b, 0x0d, 0xaa, 0x71, 0x00, 0x00, 0x8b, 0x45, 0xfc, 0x48, 0x63, 0xd0, 0x48, 0x89, 0xd0, 0x48, 
0xc1, 0xe0, 0x02, 0x48, 0x01, 0xd0, 0x48, 0xc1, 0xe0, 0x03, 0x48, 0x01, 0xc8, 0xc7, 0x00, 0x00, 
0x00, 0x00, 0x00, 0xe8, 0x9f, 0x12, 0x00, 0x00, 0x48, 0x89, 0xc1, 0x48, 0x8b, 0x45, 0xf0, 0x8b, 
0x40, 0x0c, 0x41, 0x89, 0xc1, 0x4c, 0x8b, 0x05, 0x74, 0x71, 0x00, 0x00, 0x8b, 0x45, 0xfc, 0x48, 
0x63, 0xd0, 0x48, 0x89, 0xd0, 0x48, 0xc1, 0xe0, 0x02, 0x48, 0x01, 0xd0, 0x48, 0xc1, 0xe0, 0x03, 
0x4c, 0x01, 0xc0, 0x4a, 0x8d, 0x14, 0x09, 0x48, 0x89, 0x50, 0x18, 0x48, 0x8b, 0x0d, 0x4e, 0x71, 
0x00, 0x00, 0x8b, 0x45, 0xfc, 0x48, 0x63, 0xd0, 0x48, 0x89, 0xd0, 0x48, 0xc1, 0xe0, 0x02, 0x48, 
0x01, 0xd0, 0x48, 0xc1, 0xe0, 0x03, 0x48, 0x01, 0xc8, 0x48, 0x8b, 0x40, 0x18, 0x48, 0x8d, 0x55, 
0xc0, 0x41, 0xb8, 0x30, 0x00, 0x00, 0x00, 0x48, 0x89, 0xc1, 0x48, 0x8b, 0x05, 0x8f, 0x83, 0x00, 
0x00, 0xff, 0xd0, 0x48, 0x85, 0xc0, 0x75, 0x3f, 0x48, 0x8b, 0x0d, 0x11, 0x71, 0x00, 0x00, 0x8b, 
0x45, 0xfc, 0x48, 0x63, 0xd0, 0x48, 0x89, 0xd0, 0x48, 0xc1, 0xe0, 0x02, 0x48, 0x01, 0xd0, 0x48, 
0xc1, 0xe0, 0x03, 0x48, 0x01, 0xc8, 0x48, 0x8b, 0x50, 0x18, 0x48, 0x8b, 0x45, 0xf0, 0x8b, 0x40, 
0x08, 0x89, 0xc1, 0x48, 0x8d, 0x05, 0x96, 0x32, 0x00, 0x00, 0x49, 0x89, 0xd0, 0x89, 0xca, 0x48, 
0x89, 0xc1, 0xe8, 0xc9, 0xfd, 0xff, 0xff, 0x8b, 0x45, 0xe4, 0x83, 0xf8, 0x40, 0x0f, 0x84, 0xe8, 
0x00, 0x00, 0x00, 0x8b, 0x45, 0xe4, 0x83, 0xf8, 0x04, 0x0f, 0x84, 0xdc, 0x00, 0x00, 0x00, 0x8b, 
0x45, 0xe4, 0x3d, 0x80, 0x00, 0x00, 0x00, 0x0f, 0x84, 0xce, 0x00, 0x00, 0x00, 0x8b, 0x45, 0xe4, 
0x83, 0xf8, 0x08, 0x0f, 0x84, 0xc2, 0x00, 0x00, 0x00, 0x8b, 0x45, 0xe4, 0x83, 0xf8, 0x02, 0x75, 
0x09, 0xc7, 0x45, 0xf8, 0x04, 0x00, 0x00, 0x00, 0xeb, 0x07, 0xc7, 0x45, 0xf8, 0x40, 0x00, 0x00, 
0x00, 0x48, 0x8b, 0x0d, 0x88, 0x70, 0x00, 0x00, 0x8b, 0x45, 0xfc, 0x48, 0x63, 0xd0, 0x48, 0x89, 
0xd0, 0x48, 0xc1, 0xe0, 0x02, 0x48, 0x01, 0xd0, 0x48, 0xc1, 0xe0, 0x03, 0x48, 0x8d, 0x14, 0x01, 
0x48, 0x8b, 0x45, 0xc0, 0x48, 0x89, 0x42, 0x08, 0x48, 0x8b, 0x0d, 0x61, 0x70, 0x00, 0x00, 0x8b, 
0x45, 0xfc, 0x48, 0x63, 0xd0, 0x48, 0x89, 0xd0, 0x48, 0xc1, 0xe0, 0x02, 0x48, 0x01, 0xd0, 0x48, 
0xc1, 0xe0, 0x03, 0x48, 0x8d, 0x14, 0x01, 0x48, 0x8b, 0x45, 0xd8, 0x48, 0x89, 0x42, 0x10, 0x48, 
0x8b, 0x0d, 0x3a, 0x70, 0x00, 0x00, 0x8b, 0x45, 0xfc, 0x48, 0x63, 0xd0, 0x48, 0x89, 0xd0, 0x48, 
0xc1, 0xe0, 0x02, 0x48, 0x01, 0xd0, 0x48, 0xc1, 0xe0, 0x03, 0x48, 0x01, 0xc8, 0x49, 0x89, 0xc0, 
0x48, 0x8b, 0x55, 0xd8, 0x48, 0x8b, 0x45, 0xc0, 0x8b, 0x4d, 0xf8, 0x4d, 0x89, 0xc1, 0x41, 0x89, 
0xc8, 0x48, 0x89, 0xc1, 0x48, 0x8b, 0x05, 0x6d, 0x82, 0x00, 0x00, 0xff, 0xd0, 0x85, 0xc0, 0x75, 
0x1a, 0x48, 0x8b, 0x05, 0x18, 0x82, 0x00, 0x00, 0xff, 0xd0, 0x89, 0xc2, 0x48, 0x8d, 0x05, 0xd5, 
0x31, 0x00, 0x00, 0x48, 0x89, 0xc1, 0xe8, 0xd5, 0xfc, 0xff, 0xff, 0x8b, 0x05, 0xe7, 0x6f, 0x00, 
0x00, 0x83, 0xc0, 0x01, 0x89, 0x05, 0xde, 0x6f, 0x00, 0x00, 0xeb, 0x01, 0x90, 0x48, 0x83, 0xc4, 
0x60, 0x5d, 0xc3, 0x55, 0x48, 0x89, 0xe5, 0x48, 0x83, 0xec, 0x30, 0xc7, 0x45, 0xfc, 0x00, 0x00, 
0x00, 0x00, 0xe9, 0xad, 0x00, 0x00, 0x00, 0x48, 0x8b, 0x0d, 0xb2, 0x6f, 0x00, 0x00, 0x8b, 0x45, 
0xfc, 0x48, 0x63, 0xd0, 0x48, 0x89, 0xd0, 0x48, 0xc1, 0xe0, 0x02, 0x48, 0x01, 0xd0, 0x48, 0xc1, 
0xe0, 0x03, 0x48, 0x01, 0xc8, 0x8b, 0x00, 0x85, 0xc0, 0x0f, 0x84, 0x80, 0x00, 0x00, 0x00, 0x48, 
0x8b, 0x0d, 0x8a, 0x6f, 0x00, 0x00, 0x8b, 0x45, 0xfc, 0x48, 0x63, 0xd0, 0x48, 0x89, 0xd0, 0x48, 
0xc1, 0xe0, 0x02, 0x48, 0x01, 0xd0, 0x48, 0xc1, 0xe0, 0x03, 0x48, 0x01, 0xc8, 0x44, 0x8b, 0x10, 
0x48, 0x8b, 0x0d, 0x69, 0x6f, 0x00, 0x00, 0x8b, 0x45, 0xfc, 0x48, 0x63, 0xd0, 0x48, 0x89, 0xd0, 
0x48, 0xc1, 0xe0, 0x02, 0x48, 0x01, 0xd0, 0x48, 0xc1, 0xe0, 0x03, 0x48, 0x01, 0xc8, 0x48, 0x8b, 
0x48, 0x10, 0x4c, 0x8b, 0x05, 0x47, 0x6f, 0x00, 0x00, 0x8b, 0x45, 0xfc, 0x48, 0x63, 0xd0, 0x48, 
0x89, 0xd0, 0x48, 0xc1, 0xe0, 0x02, 0x48, 0x01, 0xd0, 0x48, 0xc1, 0xe0, 0x03, 0x4c, 0x01, 0xc0, 
0x48, 0x8b, 0x40, 0x08, 0x48, 0x8d, 0x55, 0xf8, 0x49, 0x89, 0xd1, 0x45, 0x89, 0xd0, 0x48, 0x89, 
0xca, 0x48, 0x89, 0xc1, 0x48, 0x8b, 0x05, 0x7d, 0x81, 0x00, 0x00, 0xff, 0xd0, 0xeb, 0x01, 0x90, 
0x83, 0x45, 0xfc, 0x01, 0x8b, 0x05, 0x0e, 0x6f, 0x00, 0x00, 0x39, 0x45, 0xfc, 0x0f, 0x8c, 0x44, 
0xff, 0xff, 0xff, 0x90, 0x90, 0x48, 0x83, 0xc4, 0x30, 0x5d, 0xc3, 0x55, 0x48, 0x89, 0xe5, 0x48, 
0x83, 0xec, 0x20, 0x48, 0x89, 0x4d, 0x10, 0x48, 0x89, 0x55, 0x18, 0x4c, 0x89, 0x45, 0x20, 0x48, 
0x83, 0x7d, 0x20, 0x00, 0x74, 0x25, 0x48, 0x8b, 0x45, 0x10, 0x48, 0x89, 0xc1, 0xe8, 0x23, 0xfc, 
0xff, 0xff, 0x48, 0x8b, 0x4d, 0x20, 0x48, 0x8b, 0x55, 0x18, 0x48, 0x8b, 0x45, 0x10, 0x49, 0x89, 
0xc8, 0x48, 0x89, 0xc1, 0xe8, 0x0f, 0x14, 0x00, 0x00, 0xeb, 0x01, 0x90, 0x48, 0x83, 0xc4, 0x20, 
0x5d, 0xc3, 0x55, 0x48, 0x89, 0xe5, 0x48, 0x83, 0xc4, 0x80, 0x48, 0x89, 0x4d, 0x10, 0x48, 0x89, 
0x55, 0x18, 0x4c, 0x89, 0x45, 0x20, 0x48, 0x8b, 0x45, 0x18, 0x48, 0x2b, 0x45, 0x10, 0x48, 0x89, 
0x45, 0xe0, 0x48, 0x8b, 0x45, 0x10, 0x48, 0x89, 0x45, 0xf8, 0x48, 0x83, 0x7d, 0xe0, 0x07, 0x0f, 
0x8e, 0x44, 0x03, 0x00, 0x00, 0x48, 0x83, 0x7d, 0xe0, 0x0b, 0x7e, 0x25, 0x48, 0x8b, 0x45, 0xf8, 
0x8b, 0x00, 0x85, 0xc0, 0x75, 0x1b, 0x48, 0x8b, 0x45, 0xf8, 0x8b, 0x40, 0x04, 0x85, 0xc0, 0x75, 
0x10, 0x48, 0x8b, 0x45, 0xf8, 0x8b, 0x40, 0x08, 0x85, 0xc0, 0x75, 0x05, 0x48, 0x83, 0x45, 0xf8, 
0x0c, 0x48, 0x8b, 0x45, 0xf8, 0x8b, 0x00, 0x85, 0xc0, 0x75, 0x0b, 0x48, 0x8b, 0x45, 0xf8, 0x8b, 
0x40, 0x04, 0x85, 0xc0, 0x74, 0x59, 0x48, 0x8b, 0x45, 0xf8, 0x48, 0x89, 0x45, 0xe8, 0xeb, 0x40, 
0x48, 0x8b, 0x45, 0xe8, 0x8b, 0x40, 0x04, 0x89, 0xc2, 0x48, 0x8b, 0x45, 0x20, 0x48, 0x01, 0xd0, 
0x48, 0x89, 0x45, 0xe0, 0x48, 0x8b, 0x45, 0xe0, 0x8b, 0x10, 0x48, 0x8b, 0x45, 0xe8, 0x8b, 0x00, 
0x01, 0xd0, 0x89, 0x45, 0xb4, 0x48, 0x8b, 0x45, 0xe0, 0x48, 0x8d, 0x55, 0xb4, 0x41, 0xb8, 0x04, 
0x00, 0x00, 0x00, 0x48, 0x89, 0xc1, 0xe8, 0x00, 0xff, 0xff, 0xff, 0x48, 0x83, 0x45, 0xe8, 0x08, 
0x48, 0x8b, 0x45, 0xe8, 0x48, 0x3b, 0x45, 0x18, 0x72, 0xb6, 0xe9, 0xab, 0x02, 0x00, 0x00, 0x48, 
0x8b, 0x45, 0xf8, 0x8b, 0x40, 0x08, 0x83, 0xf8, 0x01, 0x74, 0x18, 0x48, 0x8b, 0x45, 0xf8, 0x8b, 
0x40, 0x08, 0x89, 0xc2, 0x48, 0x8d, 0x05, 0xd5, 0x2f, 0x00, 0x00, 0x48, 0x89, 0xc1, 0xe8, 0xad, 
0xfa, 0xff, 0xff, 0x48, 0x8b, 0x45, 0xf8, 0x48, 0x83, 0xc0, 0x0c, 0x48, 0x89, 0x45, 0xf0, 0xe9, 
0x65, 0x02, 0x00, 0x00, 0x48, 0x8b, 0x45, 0xf0, 0x8b, 0x40, 0x04, 0x89, 0xc2, 0x48, 0x8b, 0x45, 
0x20, 0x48, 0x01, 0xd0, 0x48, 0x89, 0x45, 0xe0, 0x48, 0x8b, 0x45, 0xf0, 0x8b, 0x00, 0x89, 0xc2, 
0x48, 0x8b, 0x45, 0x20, 0x48, 0x01, 0xd0, 0x48, 0x89, 0x45, 0xd8, 0x48, 0x8b, 0x45, 0xd8, 0x48, 
0x8b, 0x00, 0x48, 0x89, 0x45, 0xd8, 0x48, 0x8b, 0x45, 0xf0, 0x8b, 0x40, 0x08, 0x0f, 0xb6, 0xc0, 
0x83, 0xf8, 0x40, 0x0f, 0x84, 0xb6, 0x00, 0x00, 0x00, 0x83, 0xf8, 0x40, 0x0f, 0x87, 0xba, 0x00, 
0x00, 0x00, 0x83, 0xf8, 0x20, 0x74, 0x77, 0x83, 0xf8, 0x20, 0x0f, 0x87, 0xac, 0x00, 0x00, 0x00, 
0x83, 0xf8, 0x08, 0x74, 0x0a, 0x83, 0xf8, 0x10, 0x74, 0x38, 0xe9, 0x9d, 0x00, 0x00, 0x00, 0x48, 
0x8b, 0x45, 0xe0, 0x0f, 0xb6, 0x00, 0x0f, 0xb6, 0xc0, 0x48, 0x89, 0x45, 0xb8, 0x48, 0x8b, 0x45, 
0xb8, 0x25, 0x80, 0x00, 0x00, 0x00, 0x48, 0x85, 0xc0, 0x0f, 0x84, 0x9d, 0x00, 0x00, 0x00, 0x48, 
0x8b, 0x45, 0xb8, 0x48, 0x0d, 0x00, 0xff, 0xff, 0xff, 0x48, 0x89, 0x45, 0xb8, 0xe9, 0x8a, 0x00, 
0x00, 0x00, 0x48, 0x8b, 0x45, 0xe0, 0x0f, 0xb7, 0x00, 0x0f, 0xb7, 0xc0, 0x48, 0x89, 0x45, 0xb8, 
0x48, 0x8b, 0x45, 0xb8, 0x25, 0x00, 0x80, 0x00, 0x00, 0x48, 0x85, 0xc0, 0x74, 0x71, 0x48, 0x8b, 
0x45, 0xb8, 0x48, 0x0d, 0x00, 0x00, 0xff, 0xff, 0x48, 0x89, 0x45, 0xb8, 0xeb, 0x61, 0x48, 0x8b, 
0x45, 0xe0, 0x8b, 0x00, 0x89, 0xc0, 0x48, 0x89, 0x45, 0xb8, 0x48, 0x8b, 0x45, 0xb8, 0x25, 0x00, 
0x00, 0x00, 0x80, 0x48, 0x85, 0xc0, 0x74, 0x4a, 0x48, 0x8b, 0x45, 0xb8, 0x48, 0xba, 0x00, 0x00, 
0x00, 0x00, 0xff, 0xff, 0xff, 0xff, 0x48, 0x09, 0xd0, 0x48, 0x89, 0x45, 0xb8, 0xeb, 0x33, 0x48, 
0x8b, 0x45, 0xe0, 0x48, 0x8b, 0x00, 0x48, 0x89, 0x45, 0xb8, 0xeb, 0x27, 0x48, 0xc7, 0x45, 0xb8, 
0x00, 0x00, 0x00, 0x00, 0x48, 0x8b, 0x45, 0xf0, 0x8b, 0x40, 0x08, 0x0f, 0xb6, 0xc0, 0x48, 0x8d, 
0x0d, 0xd3, 0x2e, 0x00, 0x00, 0x89, 0xc2, 0xe8, 0x74, 0xf9, 0xff, 0xff, 0x90, 0xeb, 0x04, 0x90, 
0xeb, 0x01, 0x90, 0x48, 0x8b, 0x4d, 0xb8, 0x48, 0x8b, 0x45, 0xf0, 0x8b, 0x00, 0x89, 0xc2, 0x48, 
0x8b, 0x45, 0x20, 0x48, 0x01, 0xc2, 0x48, 0x89, 0xc8, 0x48, 0x29, 0xd0, 0x48, 0x89, 0x45, 0xb8, 
0x48, 0x8b, 0x55, 0xb8, 0x48, 0x8b, 0x45, 0xd8, 0x48, 0x01, 0xd0, 0x48, 0x89, 0x45, 0xb8, 0x48, 
0x8b, 0x45, 0xf0, 0x8b, 0x40, 0x08, 0x25, 0xff, 0x00, 0x00, 0x00, 0x89, 0x45, 0xd4, 0x83, 0x7d, 
0xd4, 0x3f, 0x77, 0x67, 0x8b, 0x45, 0xd4, 0xba, 0x01, 0x00, 0x00, 0x00, 0x89, 0xc1, 0x48, 0xd3, 
0xe2, 0x48, 0x89, 0xd0, 0x48, 0x83, 0xe8, 0x01, 0x48, 0x89, 0x45, 0xc8, 0x8b, 0x45, 0xd4, 0x83, 
0xe8, 0x01, 0x48, 0xc7, 0xc2, 0xff, 0xff, 0xff, 0xff, 0x89, 0xc1, 0x48, 0xd3, 0xe2, 0x48, 0x89, 
0xd0, 0x48, 0x89, 0x45, 0xc0, 0x48, 0x8b, 0x45, 0xb8, 0x48, 0x39, 0x45, 0xc8, 0x7c, 0x0a, 0x48, 
0x8b, 0x45, 0xb8, 0x48, 0x39, 0x45, 0xc0, 0x7e, 0x22, 0x48, 0x8b, 0x55, 0xb8, 0x4c, 0x8b, 0x4d, 
0xd8, 0x4c, 0x8b, 0x45, 0xe0, 0x8b, 0x45, 0xd4, 0x48, 0x8d, 0x0d, 0x59, 0x2e, 0x00, 0x00, 0x48, 
0x89, 0x54, 0x24, 0x20, 0x89, 0xc2, 0xe8, 0xc5, 0xf8, 0xff, 0xff, 0x48, 0x8b, 0x45, 0xf0, 0x8b, 
0x40, 0x08, 0x0f, 0xb6, 0xc0, 0x83, 0xf8, 0x40, 0x74, 0x63, 0x83, 0xf8, 0x40, 0x77, 0x75, 0x83, 
0xf8, 0x20, 0x74, 0x41, 0x83, 0xf8, 0x20, 0x77, 0x6b, 0x83, 0xf8, 0x08, 0x74, 0x07, 0x83, 0xf8, 
0x10, 0x74, 0x1a, 0xeb, 0x5f, 0x48, 0x8b, 0x45, 0xe0, 0x48, 0x8d, 0x55, 0xb8, 0x41, 0xb8, 0x01, 
0x00, 0x00, 0x00, 0x48, 0x89, 0xc1, 0xe8, 0xa0, 0xfc, 0xff, 0xff, 0xeb, 0x47, 0x48, 0x8b, 0x45, 
0xe0, 0x48, 0x8d, 0x55, 0xb8, 0x41, 0xb8, 0x02, 0x00, 0x00, 0x00, 0x48, 0x89, 0xc1, 0xe8, 0x88, 
0xfc, 0xff, 0xff, 0xeb, 0x2f, 0x48, 0x8b, 0x45, 0xe0, 0x48, 0x8d, 0x55, 0xb8, 0x41, 0xb8, 0x04, 
0x00, 0x00, 0x00, 0x48, 0x89, 0xc1, 0xe8, 0x70, 0xfc, 0xff, 0xff, 0xeb, 0x17, 0x48, 0x8b, 0x45, 
0xe0, 0x48, 0x8d, 0x55, 0xb8, 0x41, 0xb8, 0x08, 0x00, 0x00, 0x00, 0x48, 0x89, 0xc1, 0xe8, 0x58, 
0xfc, 0xff, 0xff, 0x90, 0x48, 0x83, 0x45, 0xf0, 0x0c, 0x48, 0x8b, 0x45, 0xf0, 0x48, 0x3b, 0x45, 
0x18, 0x0f, 0x82, 0x8d, 0xfd, 0xff, 0xff, 0xeb, 0x01, 0x90, 0x48, 0x83, 0xec, 0x80, 0x5d, 0xc3, 
0x55, 0x48, 0x89, 0xe5, 0x48, 0x83, 0xec, 0x30, 0x8b, 0x05, 0x2e, 0x6b, 0x00, 0x00, 0x85, 0xc0, 
0x0f, 0x85, 0x88, 0x00, 0x00, 0x00, 0x8b, 0x05, 0x20, 0x6b, 0x00, 0x00, 0x83, 0xc0, 0x01, 0x89, 
0x05, 0x17, 0x6b, 0x00, 0x00, 0xe8, 0x21, 0x0b, 0x00, 0x00, 0x89, 0x45, 0xfc, 0x8b, 0x45, 0xfc, 
0x48, 0x63, 0xd0, 0x48, 0x89, 0xd0, 0x48, 0xc1, 0xe0, 0x02, 0x48, 0x01, 0xd0, 0x48, 0xc1, 0xe0, 
0x03, 0x48, 0x83, 0xc0, 0x0f, 0x48, 0xc1, 0xe8, 0x04, 0x48, 0xc1, 0xe0, 0x04, 0xe8, 0x7e, 0x0d, 
0x00, 0x00, 0x48, 0x29, 0xc4, 0x48, 0x8d, 0x44, 0x24, 0x20, 0x48, 0x83, 0xc0, 0x0f, 0x48, 0xc1, 
0xe8, 0x04, 0x48, 0xc1, 0xe0, 0x04, 0x48, 0x89, 0x05, 0xc3, 0x6a, 0x00, 0x00, 0xc7, 0x05, 0xc1, 
0x6a, 0x00, 0x00, 0x00, 0x00, 0x00, 0x00, 0x48, 0x8b, 0x0d, 0xd2, 0x2d, 0x00, 0x00, 0x48, 0x8b, 
0x15, 0xdb, 0x2d, 0x00, 0x00, 0x48, 0x8b, 0x05, 0xe4, 0x2d, 0x00, 0x00, 0x49, 0x89, 0xc8, 0x48, 
0x89, 0xc1, 0xe8, 0xeb, 0xfb, 0xff, 0xff, 0xe8, 0xc7, 0xfa, 0xff, 0xff, 0xeb, 0x01, 0x90, 0x48, 
0x89, 0xec, 0x5d, 0xc3, 0x90, 0x90, 0x90, 0x90, 0x90, 0x90, 0x90, 0x90, 0x90, 0x90, 0x90, 0x90, 
0x55, 0x48, 0x89, 0xe5, 0x48, 0x83, 0xec, 0x50, 0x89, 0x4d, 0x10, 0x48, 0x89, 0x55, 0x18, 0xf2, 
0x0f, 0x11, 0x55, 0x20, 0xf2, 0x0f, 0x11, 0x5d, 0x28, 0x48, 0x8b, 0x05, 0x70, 0x6a, 0x00, 0x00, 
0x48, 0x85, 0xc0, 0x74, 0x3e, 0x8b, 0x45, 0x10, 0x89, 0x45, 0xd0, 0x48, 0x8b, 0x45, 0x18, 0x48, 
0x89, 0x45, 0xd8, 0xf2, 0x0f, 0x10, 0x45, 0x20, 0xf2, 0x0f, 0x11, 0x45, 0xe0, 0xf2, 0x0f, 0x10, 
0x45, 0x28, 0xf2, 0x0f, 0x11, 0x45, 0xe8, 0xf2, 0x0f, 0x10, 0x45, 0x30, 0xf2, 0x0f, 0x11, 0x45, 
0xf0, 0x48, 0x8b, 0x15, 0x38, 0x6a, 0x00, 0x00, 0x48, 0x8d, 0x45, 0xd0, 0x48, 0x89, 0xc1, 0xff, 
0xd2, 0xeb, 0x01, 0x90, 0x48, 0x83, 0xc4, 0x50, 0x5d, 0xc3, 0x55, 0x48, 0x89, 0xe5, 0x48, 0x83, 
0xec, 0x20, 0x48, 0x89, 0x4d, 0x10, 0x48, 0x8b, 0x45, 0x10, 0x48, 0x89, 0x05, 0x0f, 0x6a, 0x00, 
0x00, 0x48, 0x8b, 0x45, 0x10, 0x48, 0x89, 0xc1, 0xe8, 0x63, 0x0f, 0x00, 0x00, 0x90, 0x48, 0x83, 
0xc4, 0x20, 0x5d, 0xc3, 0x90, 0x90, 0x90, 0x90, 0x90, 0x90, 0x90, 0x90, 0x90, 0x90, 0x90, 0x90, 
0x55, 0x48, 0x89, 0xe5, 0x48, 0x83, 0xec, 0x30, 0x48, 0x89, 0x4d, 0x10, 0x48, 0x89, 0x55, 0x18, 
0x4c, 0x89, 0x45, 0x20, 0x4c, 0x89, 0x4d, 0x28, 0xc7, 0x45, 0xfc, 0x01, 0x00, 0x00, 0x00, 0xc7, 
0x45, 0xf8, 0x00, 0x00, 0x00, 0x00, 0x48, 0x8b, 0x45, 0x10, 0x8b, 0x40, 0x04, 0x83, 0xe0, 0x02, 
0x85, 0xc0, 0x74, 0x0a, 0xb8, 0x01, 0x00, 0x00, 0x00, 0xe9, 0x16, 0x02, 0x00, 0x00, 0x48, 0x8b, 
0x45, 0x10, 0x8b, 0x00, 0x25, 0xff, 0xff, 0xff, 0x20, 0x3d, 0x43, 0x43, 0x47, 0x20, 0x75, 0x18, 
0x48, 0x8b, 0x45, 0x10, 0x8b, 0x40, 0x04, 0x83, 0xe0, 0x01, 0x85, 0xc0, 0x75, 0x0a, 0xb8, 0x00, 
0x00, 0x00, 0x00, 0xe9, 0xec, 0x01, 0x00, 0x00, 0x48, 0x8b, 0x45, 0x10, 0x8b, 0x00, 0x3d, 0x96, 
0x00, 0x00, 0xc0, 0x0f, 0x84, 0x12, 0x01, 0x00, 0x00, 0x3d, 0x96, 0x00, 0x00, 0xc0, 0x0f, 0x87, 
0xc3, 0x01, 0x00, 0x00, 0x3d, 0x95, 0x00, 0x00, 0xc0, 0x0f, 0x87, 0xb8, 0x01, 0x00, 0x00, 0x3d, 
0x94, 0x00, 0x00, 0xc0, 0x0f, 0x83, 0x4c, 0x01, 0x00, 0x00, 0x3d, 0x93, 0x00, 0x00, 0xc0, 0x0f, 
0x84, 0x3a, 0x01, 0x00, 0x00, 0x3d, 0x93, 0x00, 0x00, 0xc0, 0x0f, 0x87, 0x97, 0x01, 0x00, 0x00, 
0x3d, 0x92, 0x00, 0x00, 0xc0, 0x0f, 0x84, 0x83, 0x01, 0x00, 0x00, 0x3d, 0x92, 0x00, 0x00, 0xc0, 
0x0f, 0x87, 0x81, 0x01, 0x00, 0x00, 0x3d, 0x91, 0x00, 0x00, 0xc0, 0x0f, 0x87, 0x76, 0x01, 0x00, 
0x00, 0x3d, 0x8d, 0x00, 0x00, 0xc0, 0x0f, 0x83, 0x03, 0x01, 0x00, 0x00, 0x3d, 0x8c, 0x00, 0x00, 
0xc0, 0x0f, 0x84, 0x57, 0x01, 0x00, 0x00, 0x3d, 0x8c, 0x00, 0x00, 0xc0, 0x0f, 0x87, 0x55, 0x01, 
0x00, 0x00, 0x3d, 0x1d, 0x00, 0x00, 0xc0, 0x0f, 0x84, 0x8e, 0x00, 0x00, 0x00, 0x3d, 0x1d, 0x00, 
0x00, 0xc0, 0x0f, 0x87, 0x3f, 0x01, 0x00, 0x00, 0x3d, 0x08, 0x00, 0x00, 0xc0, 0x0f, 0x84, 0x2b, 
0x01, 0x00, 0x00, 0x3d, 0x08, 0x00, 0x00, 0xc0, 0x0f, 0x87, 0x29, 0x01, 0x00, 0x00, 0x3d, 0x02, 
0x00, 0x00, 0x80, 0x0f, 0x84, 0x15, 0x01, 0x00, 0x00, 0x3d, 0x05, 0x00, 0x00, 0xc0, 0x0f, 0x85, 
0x13, 0x01, 0x00, 0x00, 0xba, 0x00, 0x00, 0x00, 0x00, 0xb9, 0x0b, 0x00, 0x00, 0x00, 0xe8, 0xe5, 
0x0d, 0x00, 0x00, 0x48, 0x89, 0x45, 0xf0, 0x48, 0x83, 0x7d, 0xf0, 0x01, 0x75, 0x1b, 0xba, 0x01, 
0x00, 0x00, 0x00, 0xb9, 0x0b, 0x00, 0x00, 0x00, 0xe8, 0xcb, 0x0d, 0x00, 0x00, 0xc7, 0x45, 0xfc, 
0x00, 0x00, 0x00, 0x00, 0xe9, 0xe1, 0x00, 0x00, 0x00, 0x48, 0x83, 0x7d, 0xf0, 0x00, 0x0f, 0x84, 
0xd6, 0x00, 0x00, 0x00, 0x48, 0x8b, 0x45, 0xf0, 0xb9, 0x0b, 0x00, 0x00, 0x00, 0xff, 0xd0, 0xc7, 
0x45, 0xfc, 0x00, 0x00, 0x00, 0x00, 0xe9, 0xbf, 0x00, 0x00, 0x00, 0xba, 0x00, 0x00, 0x00, 0x00, 
0xb9, 0x04, 0x00, 0x00, 0x00, 0xe8, 0x8e, 0x0d, 0x00, 0x00, 0x48, 0x89, 0x45, 0xf0, 0x48, 0x83, 
0x7d, 0xf0, 0x01, 0x75, 0x1b, 0xba, 0x01, 0x00, 0x00, 0x00, 0xb9, 0x04, 0x00, 0x00, 0x00, 0xe8, 
0x74, 0x0d, 0x00, 0x00, 0xc7, 0x45, 0xfc, 0x00, 0x00, 0x00, 0x00, 0xe9, 0x8d, 0x00, 0x00, 0x00, 
0x48, 0x83, 0x7d, 0xf0, 0x00, 0x0f, 0x84, 0x82, 0x00, 0x00, 0x00, 0x48, 0x8b, 0x45, 0xf0, 0xb9, 
0x04, 0x00, 0x00, 0x00, 0xff, 0xd0, 0xc7, 0x45, 0xfc, 0x00, 0x00, 0x00, 0x00, 0xeb, 0x6e, 0xc7, 
0x45, 0xf8, 0x01, 0x00, 0x00, 0x00, 0xba, 0x00, 0x00, 0x00, 0x00, 0xb9, 0x08, 0x00, 0x00, 0x00, 
0xe8, 0x33, 0x0d, 0x00, 0x00, 0x48, 0x89, 0x45, 0xf0, 0x48, 0x83, 0x7d, 0xf0, 0x01, 0x75, 0x23, 
0xba, 0x01, 0x00, 0x00, 0x00, 0xb9, 0x08, 0x00, 0x00, 0x00, 0xe8, 0x19, 0x0d, 0x00, 0x00, 0x83, 
0x7d, 0xf8, 0x00, 0x74, 0x05, 0xe8, 0xa6, 0x05, 0x00, 0x00, 0xc7, 0x45, 0xfc, 0x00, 0x00, 0x00, 
0x00, 0xeb, 0x2d, 0x48, 0x83, 0x7d, 0xf0, 0x00, 0x74, 0x26, 0x48, 0x8b, 0x45, 0xf0, 0xb9, 0x08, 
0x00, 0x00, 0x00, 0xff, 0xd0, 0xc7, 0x45, 0xfc, 0x00, 0x00, 0x00, 0x00, 0xeb, 0x12, 0xc7, 0x45, 
0xfc, 0x00, 0x00, 0x00, 0x00, 0xeb, 0x0a, 0x90, 0xeb, 0x07, 0x90, 0xeb, 0x04, 0x90, 0xeb, 0x01, 
0x90, 0x8b, 0x45, 0xfc, 0x48, 0x83, 0xc4, 0x30, 0x5d, 0xc3, 0x55, 0x48, 0x89, 0xe5, 0x48, 0x83, 
0xec, 0x30, 0x48, 0x89, 0x4d, 0x10, 0xc7, 0x45, 0xfc, 0x00, 0x00, 0x00, 0x00, 0xc7, 0x45, 0xf8, 
0x00, 0x00, 0x00, 0x00, 0x48, 0x8b, 0x45, 0x10, 0x48, 0x8b, 0x00, 0x8b, 0x00, 0x25, 0xff, 0xff, 
0xff, 0x20, 0x3d, 0x43, 0x43, 0x47, 0x20, 0x75, 0x1b, 0x48, 0x8b, 0x45, 0x10, 0x48, 0x8b, 0x00, 
0x8b, 0x40, 0x04, 0x83, 0xe0, 0x01, 0x85, 0xc0, 0x75, 0x0a, 0xb8, 0xff, 0xff, 0xff, 0xff, 0xe9, 
0x14, 0x02, 0x00, 0x00, 0x48, 0x8b, 0x45, 0x10, 0x48, 0x8b, 0x00, 0x8b, 0x00, 0x3d, 0x96, 0x00, 
0x00, 0xc0, 0x0f, 0x84, 0x12, 0x01, 0x00, 0x00, 0x3d, 0x96, 0x00, 0x00, 0xc0, 0x0f, 0x87, 0xc3, 
0x01, 0x00, 0x00, 0x3d, 0x95, 0x00, 0x00, 0xc0, 0x0f, 0x87, 0xb8, 0x01, 0x00, 0x00, 0x3d, 0x94, 
0x00, 0x00, 0xc0, 0x0f, 0x83, 0x4c, 0x01, 0x00, 0x00, 0x3d, 0x93, 0x00, 0x00, 0xc0, 0x0f, 0x84, 
0x3a, 0x01, 0x00, 0x00, 0x3d, 0x93, 0x00, 0x00, 0xc0, 0x0f, 0x87, 0x97, 0x01, 0x00, 0x00, 0x3d, 
0x92, 0x00, 0x00, 0xc0, 0x0f, 0x84, 0x83, 0x01, 0x00, 0x00, 0x3d, 0x92, 0x00, 0x00, 0xc0, 0x0f, 
0x87, 0x81, 0x01, 0x00, 0x00, 0x3d, 0x91, 0x00, 0x00, 0xc0, 0x0f, 0x87, 0x76, 0x01, 0x00, 0x00, 
0x3d, 0x8d, 0x00, 0x00, 0xc0, 0x0f, 0x83, 0x03, 0x01, 0x00, 0x00, 0x3d, 0x8c, 0x00, 0x00, 0xc0, 
0x0f, 0x84, 0x57, 0x01, 0x00, 0x00, 0x3d, 0x8c, 0x00, 0x00, 0xc0, 0x0f, 0x87, 0x55, 0x01, 0x00, 
0x00, 0x3d, 0x1d, 0x00, 0x00, 0xc0, 0x0f, 0x84, 0x8e, 0x00, 0x00, 0x00, 0x3d, 0x1d, 0x00, 0x00, 
0xc0, 0x0f, 0x87, 0x3f, 0x01, 0x00, 0x00, 0x3d, 0x08, 0x00, 0x00, 0xc0, 0x0f, 0x84, 0x2b, 0x01, 
0x00, 0x00, 0x3d, 0x08, 0x00, 0x00, 0xc0, 0x0f, 0x87, 0x29, 0x01, 0x00, 0x00, 0x3d, 0x02, 0x00, 
0x00, 0x80, 0x0f, 0x84, 0x15, 0x01, 0x00, 0x00, 0x3d, 0x05, 0x00, 0x00, 0xc0, 0x0f, 0x85, 0x13, 
0x01, 0x00, 0x00, 0xba, 0x00, 0x00, 0x00, 0x00, 0xb9, 0x0b, 0x00, 0x00, 0x00, 0xe8, 0xa6, 0x0b, 
0x00, 0x00, 0x48, 0x89, 0x45, 0xf0, 0x48, 0x83, 0x7d, 0xf0, 0x01, 0x75, 0x1b, 0xba, 0x01, 0x00, 
0x00, 0x00, 0xb9, 0x0b, 0x00, 0x00, 0x00, 0xe8, 0x8c, 0x0b, 0x00, 0x00, 0xc7, 0x45, 0xfc, 0xff, 
0xff, 0xff, 0xff, 0xe9, 0xe1, 0x00, 0x00, 0x00, 0x48, 0x83, 0x7d, 0xf0, 0x00, 0x0f, 0x84, 0xd6, 
0x00, 0x00, 0x00, 0x48, 0x8b, 0x45, 0xf0, 0xb9, 0x0b, 0x00, 0x00, 0x00, 0xff, 0xd0, 0xc7, 0x45, 
0xfc, 0xff, 0xff, 0xff, 0xff, 0xe9, 0xbf, 0x00, 0x00, 0x00, 0xba, 0x00, 0x00, 0x00, 0x00, 0xb9, 
0x04, 0x00, 0x00, 0x00, 0xe8, 0x4f, 0x0b, 0x00, 0x00, 0x48, 0x89, 0x45, 0xf0, 0x48, 0x83, 0x7d, 
0xf0, 0x01, 0x75, 0x1b, 0xba, 0x01, 0x00, 0x00, 0x00, 0xb9, 0x04, 0x00, 0x00, 0x00, 0xe8, 0x35, 
0x0b, 0x00, 0x00, 0xc7, 0x45, 0xfc, 0xff, 0xff, 0xff, 0xff, 0xe9, 0x8d, 0x00, 0x00, 0x00, 0x48, 
0x83, 0x7d, 0xf0, 0x00, 0x0f, 0x84, 0x82, 0x00, 0x00, 0x00, 0x48, 0x8b, 0x45, 0xf0, 0xb9, 0x04, 
0x00, 0x00, 0x00, 0xff, 0xd0, 0xc7, 0x45, 0xfc, 0xff, 0xff, 0xff, 0xff, 0xeb, 0x6e, 0xc7, 0x45, 
0xf8, 0x01, 0x00, 0x00, 0x00, 0xba, 0x00, 0x00, 0x00, 0x00, 0xb9, 0x08, 0x00, 0x00, 0x00, 0xe8, 
0xf4, 0x0a, 0x00, 0x00, 0x48, 0x89, 0x45, 0xf0, 0x48, 0x83, 0x7d, 0xf0, 0x01, 0x75, 0x23, 0xba, 
0x01, 0x00, 0x00, 0x00, 0xb9, 0x08, 0x00, 0x00, 0x00, 0xe8, 0xda, 0x0a, 0x00, 0x00, 0x83, 0x7d, 
0xf8, 0x00, 0x74, 0x05, 0xe8, 0x67, 0x03, 0x00, 0x00, 0xc7, 0x45, 0xfc, 0xff, 0xff, 0xff, 0xff, 
0xeb, 0x2d, 0x48, 0x83, 0x7d, 0xf0, 0x00, 0x74, 0x26, 0x48, 0x8b, 0x45, 0xf0, 0xb9, 0x08, 0x00, 
0x00, 0x00, 0xff, 0xd0, 0xc7, 0x45, 0xfc, 0xff, 0xff, 0xff, 0xff, 0xeb, 0x12, 0xc7, 0x45, 0xfc, 
0xff, 0xff, 0xff, 0xff, 0xeb, 0x0a, 0x90, 0xeb, 0x07, 0x90, 0xeb, 0x04, 0x90, 0xeb, 0x01, 0x90, 
0x83, 0x7d, 0xfc, 0x00, 0x75, 0x1f, 0x48, 0x8b, 0x05, 0x73, 0x65, 0x00, 0x00, 0x48, 0x85, 0xc0, 
0x74, 0x13, 0x48, 0x8b, 0x15, 0x67, 0x65, 0x00, 0x00, 0x48, 0x8b, 0x45, 0x10, 0x48, 0x89, 0xc1, 
0xff, 0xd2, 0x89, 0x45, 0xfc, 0x8b, 0x45, 0xfc, 0x48, 0x83, 0xc4, 0x30, 0x5d, 0xc3, 0x90, 0x90, 
0x55, 0x48, 0x89, 0xe5, 0x48, 0x83, 0xec, 0x30, 0x89, 0x4d, 0x10, 0x48, 0x89, 0x55, 0x18, 0x8b, 
0x05, 0x73, 0x65, 0x00, 0x00, 0x85, 0xc0, 0x75, 0x07, 0xb8, 0x00, 0x00, 0x00, 0x00, 0xeb, 0x7b, 
0xba, 0x18, 0x00, 0x00, 0x00, 0xb9, 0x01, 0x00, 0x00, 0x00, 0xe8, 0x89, 0x0a, 0x00, 0x00, 0x48, 
0x89, 0x45, 0xf8, 0x48, 0x83, 0x7d, 0xf8, 0x00, 0x75, 0x07, 0xb8, 0xff, 0xff, 0xff, 0xff, 0xeb, 
0x5a, 0x48, 0x8b, 0x45, 0xf8, 0x8b, 0x55, 0x10, 0x89, 0x10, 0x48, 0x8b, 0x45, 0xf8, 0x48, 0x8b, 
0x55, 0x18, 0x48, 0x89, 0x50, 0x08, 0x48, 0x8d, 0x05, 0x03, 0x65, 0x00, 0x00, 0x48, 0x89, 0xc1, 
0x48, 0x8b, 0x05, 0xc9, 0x76, 0x00, 0x00, 0xff, 0xd0, 0x48, 0x8b, 0x15, 0x20, 0x65, 0x00, 0x00, 
0x48, 0x8b, 0x45, 0xf8, 0x48, 0x89, 0x50, 0x10, 0x48, 0x8b, 0x45, 0xf8, 0x48, 0x89, 0x05, 0x0d, 
0x65, 0x00, 0x00, 0x48, 0x8d, 0x05, 0xd6, 0x64, 0x00, 0x00, 0x48, 0x89, 0xc1, 0x48, 0x8b, 0x05, 
0xcc, 0x76, 0x00, 0x00, 0xff, 0xd0, 0xb8, 0x00, 0x00, 0x00, 0x00, 0x48, 0x83, 0xc4, 0x30, 0x5d, 
0xc3, 0x55, 0x48, 0x89, 0xe5, 0x48, 0x83, 0xec, 0x30, 0x89, 0x4d, 0x10, 0x8b, 0x05, 0xd6, 0x64, 
0x00, 0x00, 0x85, 0xc0, 0x75, 0x0a, 0xb8, 0x00, 0x00, 0x00, 0x00, 0xe9, 0x9c, 0x00, 0x00, 0x00, 
0x48, 0x8d, 0x05, 0x99, 0x64, 0x00, 0x00, 0x48, 0x89, 0xc1, 0x48, 0x8b, 0x05, 0x5f, 0x76, 0x00, 
0x00, 0xff, 0xd0, 0x48, 0xc7, 0x45, 0xf8, 0x00, 0x00, 0x00, 0x00, 0x48, 0x8b, 0x05, 0xae, 0x64, 
0x00, 0x00, 0x48, 0x89, 0x45, 0xf0, 0xeb, 0x55, 0x48, 0x8b, 0x45, 0xf0, 0x8b, 0x00, 0x39, 0x45, 
0x10, 0x75, 0x36, 0x48, 0x83, 0x7d, 0xf8, 0x00, 0x75, 0x11, 0x48, 0x8b, 0x45, 0xf0, 0x48, 0x8b, 
0x40, 0x10, 0x48, 0x89, 0x05, 0x87, 0x64, 0x00, 0x00, 0xeb, 0x10, 0x48, 0x8b, 0x45, 0xf0, 0x48, 
0x8b, 0x50, 0x10, 0x48, 0x8b, 0x45, 0xf8, 0x48, 0x89, 0x50, 0x10, 0x48, 0x8b, 0x45, 0xf0, 0x48, 
0x89, 0xc1, 0xe8, 0x99, 0x09, 0x00, 0x00, 0xeb, 0x1b, 0x48, 0x8b, 0x45, 0xf0, 0x48, 0x89, 0x45, 
0xf8, 0x48, 0x8b, 0x45, 0xf0, 0x48, 0x8b, 0x40, 0x10, 0x48, 0x89, 0x45, 0xf0, 0x48, 0x83, 0x7d, 
0xf0, 0x00, 0x75, 0xa4, 0x48, 0x8d, 0x05, 0x15, 0x64, 0x00, 0x00, 0x48, 0x89, 0xc1, 0x48, 0x8b, 
0x05, 0x0b, 0x76, 0x00, 0x00, 0xff, 0xd0, 0xb8, 0x00, 0x00, 0x00, 0x00, 0x48, 0x83, 0xc4, 0x30, 
0x5d, 0xc3, 0x55, 0x48, 0x89, 0xe5, 0x48, 0x83, 0xec, 0x30, 0x8b, 0x05, 0x18, 0x64, 0x00, 0x00, 
0x85, 0xc0, 0x0f, 0x84, 0x82, 0x00, 0x00, 0x00, 0x48, 0x8d, 0x05, 0xe1, 0x63, 0x00, 0x00, 0x48, 
0x89, 0xc1, 0x48, 0x8b, 0x05, 0xa7, 0x75, 0x00, 0x00, 0xff, 0xd0, 0x48, 0x8b, 0x05, 0xfe, 0x63, 
0x00, 0x00, 0x48, 0x89, 0x45, 0xf8, 0xeb, 0x46, 0x48, 0x8b, 0x45, 0xf8, 0x8b, 0x00, 0x89, 0xc1, 
0x48, 0x8b, 0x05, 0xd9, 0x75, 0x00, 0x00, 0xff, 0xd0, 0x48, 0x89, 0x45, 0xf0, 0x48, 0x8b, 0x05, 
0x8c, 0x75, 0x00, 0x00, 0xff, 0xd0, 0x85, 0xc0, 0x75, 0x18, 0x48, 0x83, 0x7d, 0xf0, 0x00, 0x74, 
0x11, 0x48, 0x8b, 0x45, 0xf8, 0x48, 0x8b, 0x50, 0x08, 0x48, 0x8b, 0x45, 0xf0, 0x48, 0x89, 0xc1, 
0xff, 0xd2, 0x48, 0x8b, 0x45, 0xf8, 0x48, 0x8b, 0x40, 0x10, 0x48, 0x89, 0x45, 0xf8, 0x48, 0x83, 
0x7d, 0xf8, 0x00, 0x75, 0xb3, 0x48, 0x8d, 0x05, 0x74, 0x63, 0x00, 0x00, 0x48, 0x89, 0xc1, 0x48, 
0x8b, 0x05, 0x6a, 0x75, 0x00, 0x00, 0xff, 0xd0, 0xeb, 0x01, 0x90, 0x48, 0x83, 0xc4, 0x30, 0x5d, 
0xc3, 0x55, 0x48, 0x89, 0xe5, 0x48, 0x83, 0xec, 0x30, 0x48, 0x89, 0x4d, 0x10, 0x89, 0x55, 0x18, 
0x4c, 0x89, 0x45, 0x20, 0x83, 0x7d, 0x18, 0x03, 0x0f, 0x84, 0xcc, 0x00, 0x00, 0x00, 0x83, 0x7d, 
0x18, 0x03, 0x0f, 0x87, 0xca, 0x00, 0x00, 0x00, 0x83, 0x7d, 0x18, 0x02, 0x0f, 0x84, 0xb1, 0x00, 
0x00, 0x00, 0x83, 0x7d, 0x18, 0x02, 0x0f, 0x87, 0xb6, 0x00, 0x00, 0x00, 0x83, 0x7d, 0x18, 0x00, 
0x74, 0x33, 0x83, 0x7d, 0x18, 0x01, 0x0f, 0x85, 0xa6, 0x00, 0x00, 0x00, 0x8b, 0x05, 0x36, 0x63, 
0x00, 0x00, 0x85, 0xc0, 0x75, 0x13, 0x48, 0x8d, 0x05, 0x03, 0x63, 0x00, 0x00, 0x48, 0x89, 0xc1, 
0x48, 0x8b, 0x05, 0xf1, 0x74, 0x00, 0x00, 0xff, 0xd0, 0xc7, 0x05, 0x15, 0x63, 0x00, 0x00, 0x01, 
0x00, 0x00, 0x00, 0xeb, 0x7d, 0xe8, 0xe8, 0xfe, 0xff, 0xff, 0x8b, 0x05, 0x08, 0x63, 0x00, 0x00, 
0x83, 0xf8, 0x01, 0x75, 0x6c, 0x48, 0x8b, 0x05, 0x04, 0x63, 0x00, 0x00, 0x48, 0x89, 0x45, 0xf8, 
0xeb, 0x20, 0x48, 0x8b, 0x45, 0xf8, 0x48, 0x8b, 0x40, 0x10, 0x48, 0x89, 0x45, 0xf0, 0x48, 0x8b, 
0x45, 0xf8, 0x48, 0x89, 0xc1, 0xe8, 0x16, 0x08, 0x00, 0x00, 0x48, 0x8b, 0x45, 0xf0, 0x48, 0x89, 
0x45, 0xf8, 0x48, 0x83, 0x7d, 0xf8, 0x00, 0x75, 0xd9, 0x48, 0xc7, 0x05, 0xcc, 0x62, 0x00, 0x00, 
0x00, 0x00, 0x00, 0x00, 0xc7, 0x05, 0xba, 0x62, 0x00, 0x00, 0x00, 0x00, 0x00, 0x00, 0x48, 0x8d, 
0x05, 0x8b, 0x62, 0x00, 0x00, 0x48, 0x89, 0xc1, 0x48, 0x8b, 0x05, 0x49, 0x74, 0x00, 0x00, 0xff, 
0xd0, 0xeb, 0x0e, 0xe8, 0x18, 0x00, 0x00, 0x00, 0xeb, 0x08, 0xe8, 0x73, 0xfe, 0xff, 0xff, 0xeb, 
0x01, 0x90, 0xb8, 0x01, 0x00, 0x00, 0x00, 0x48, 0x83, 0xc4, 0x30, 0x5d, 0xc3, 0x90, 0x90, 0x90, 
0x55, 0x48, 0x89, 0xe5, 0xdb, 0xe3, 0x90, 0x5d, 0xc3, 0x90, 0x90, 0x90, 0x90, 0x90, 0x90, 0x90, 
0x55, 0x48, 0x89, 0xe5, 0x48, 0x83, 0xec, 0x20, 0x48, 0x89, 0x4d, 0x10, 0x48, 0x8b, 0x45, 0x10, 
0x48, 0x89, 0x45, 0xf8, 0x48, 0x8b, 0x45, 0xf8, 0x0f, 0xb7, 0x00, 0x66, 0x3d, 0x4d, 0x5a, 0x74, 
0x07, 0xb8, 0x00, 0x00, 0x00, 0x00, 0xeb, 0x4e, 0x48, 0x8b, 0x45, 0xf8, 0x8b, 0x40, 0x3c, 0x48, 
0x63, 0xd0, 0x48, 0x8b, 0x45, 0xf8, 0x48, 0x01, 0xd0, 0x48, 0x89, 0x45, 0xf0, 0x48, 0x8b, 0x45, 
0xf0, 0x8b, 0x00, 0x3d, 0x50, 0x45, 0x00, 0x00, 0x74, 0x07, 0xb8, 0x00, 0x00, 0x00, 0x00, 0xeb, 
0x25, 0x48, 0x8b, 0x45, 0xf0, 0x48, 0x83, 0xc0, 0x18, 0x48, 0x89, 0x45, 0xe8, 0x48, 0x8b, 0x45, 
0xe8, 0x0f, 0xb7, 0x00, 0x66, 0x3d, 0x0b, 0x02, 0x74, 0x07, 0xb8, 0x00, 0x00, 0x00, 0x00, 0xeb, 
0x05, 0xb8, 0x01, 0x00, 0x00, 0x00, 0x48, 0x83, 0xc4, 0x20, 0x5d, 0xc3, 0x55, 0x48, 0x89, 0xe5, 
0x48, 0x83, 0xec, 0x20, 0x48, 0x89, 0x4d, 0x10, 0x48, 0x89, 0x55, 0x18, 0x48, 0x8b, 0x45, 0x10, 
0x8b, 0x40, 0x3c, 0x48, 0x63, 0xd0, 0x48, 0x8b, 0x45, 0x10, 0x48, 0x01, 0xd0, 0x48, 0x89, 0x45, 
0xe8, 0xc7, 0x45, 0xf4, 0x00, 0x00, 0x00, 0x00, 0x48, 0x8b, 0x45, 0xe8, 0x0f, 0xb7, 0x40, 0x14, 
0x0f, 0xb7, 0xd0, 0x48, 0x8b, 0x45, 0xe8, 0x48, 0x01, 0xd0, 0x48, 0x83, 0xc0, 0x18, 0x48, 0x89, 
0x45, 0xf8, 0xeb, 0x36, 0x48, 0x8b, 0x45, 0xf8, 0x8b, 0x40, 0x0c, 0x89, 0xc0, 0x48, 0x39, 0x45, 
0x18, 0x72, 0x1e, 0x48, 0x8b, 0x45, 0xf8, 0x8b, 0x50, 0x0c, 0x48, 0x8b, 0x45, 0xf8, 0x8b, 0x40, 
0x08, 0x01, 0xd0, 0x89, 0xc0, 0x48, 0x39, 0x45, 0x18, 0x73, 0x06, 0x48, 0x8b, 0x45, 0xf8, 0xeb, 
0x1e, 0x83, 0x45, 0xf4, 0x01, 0x48, 0x83, 0x45, 0xf8, 0x28, 0x48, 0x8b, 0x45, 0xe8, 0x0f, 0xb7, 
0x40, 0x06, 0x0f, 0xb7, 0xc0, 0x39, 0x45, 0xf4, 0x72, 0xba, 0xb8, 0x00, 0x00, 0x00, 0x00, 0x48, 
0x83, 0xc4, 0x20, 0x5d, 0xc3, 0x55, 0x48, 0x89, 0xe5, 0x48, 0x83, 0xec, 0x40, 0x48, 0x89, 0x4d, 
0x10, 0x48, 0x8b, 0x45, 0x10, 0x48, 0x89, 0xc1, 0xe8, 0x5b, 0x05, 0x00, 0x00, 0x48, 0x83, 0xf8, 
0x08, 0x76, 0x0a, 0xb8, 0x00, 0x00, 0x00, 0x00, 0xe9, 0x98, 0x00, 0x00, 0x00, 0x48, 0x8b, 0x05, 
0xec, 0x23, 0x00, 0x00, 0x48, 0x89, 0x45, 0xe8, 0x48, 0x8b, 0x45, 0xe8, 0x48, 0x89, 0xc1, 0xe8, 
0xac, 0xfe, 0xff, 0xff, 0x85, 0xc0, 0x75, 0x07, 0xb8, 0x00, 0x00, 0x00, 0x00, 0xeb, 0x76, 0x48, 
0x8b, 0x45, 0xe8, 0x8b, 0x40, 0x3c, 0x48, 0x63, 0xd0, 0x48, 0x8b, 0x45, 0xe8, 0x48, 0x01, 0xd0, 
0x48, 0x89, 0x45, 0xe0, 0xc7, 0x45, 0xf4, 0x00, 0x00, 0x00, 0x00, 0x48, 0x8b, 0x45, 0xe0, 0x0f, 
0xb7, 0x40, 0x14, 0x0f, 0xb7, 0xd0, 0x48, 0x8b, 0x45, 0xe0, 0x48, 0x01, 0xd0, 0x48, 0x83, 0xc0, 
0x18, 0x48, 0x89, 0x45, 0xf8, 0xeb, 0x29, 0x48, 0x8b, 0x45, 0xf8, 0x48, 0x8b, 0x55, 0x10, 0x41, 
0xb8, 0x08, 0x00, 0x00, 0x00, 0x48, 0x89, 0xc1, 0xe8, 0xe3, 0x04, 0x00, 0x00, 0x85, 0xc0, 0x75, 
0x06, 0x48, 0x8b, 0x45, 0xf8, 0xeb, 0x1e, 0x83, 0x45, 0xf4, 0x01, 0x48, 0x83, 0x45, 0xf8, 0x28, 
0x48, 0x8b, 0x45, 0xe0, 0x0f, 0xb7, 0x40, 0x06, 0x0f, 0xb7, 0xc0, 0x39, 0x45, 0xf4, 0x72, 0xc7, 
0xb8, 0x00, 0x00, 0x00, 0x00, 0x48, 0x83, 0xc4, 0x40, 0x5d, 0xc3, 0x55, 0x48, 0x89, 0xe5, 0x48, 
0x83, 0xec, 0x30, 0x48, 0x89, 0x4d, 0x10, 0x48, 0x8b, 0x05, 0x42, 0x23, 0x00, 0x00, 0x48, 0x89, 
0x45, 0xf8, 0x48, 0x8b, 0x45, 0xf8, 0x48, 0x89, 0xc1, 0xe8, 0x02, 0xfe, 0xff, 0xff, 0x85, 0xc0, 
0x75, 0x07, 0xb8, 0x00, 0x00, 0x00, 0x00, 0xeb, 0x1c, 0x48, 0x8b, 0x45, 0x10, 0x48, 0x2b, 0x45, 
0xf8, 0x48, 0x89, 0x45, 0xf0, 0x48, 0x8b, 0x55, 0xf0, 0x48, 0x8b, 0x45, 0xf8, 0x48, 0x89, 0xc1, 
0xe8, 0x57, 0xfe, 0xff, 0xff, 0x48, 0x83, 0xc4, 0x30, 0x5d, 0xc3, 0x55, 0x48, 0x89, 0xe5, 0x48, 
0x83, 0xec, 0x30, 0x48, 0x8b, 0x05, 0xf6, 0x22, 0x00, 0x00, 0x48, 0x89, 0x45, 0xf8, 0x48, 0x8b, 
0x45, 0xf8, 0x48, 0x89, 0xc1, 0xe8, 0xb6, 0xfd, 0xff, 0xff, 0x85, 0xc0, 0x75, 0x07, 0xb8, 0x00, 
0x00, 0x00, 0x00, 0xeb, 0x20, 0x48, 0x8b, 0x45, 0xf8, 0x8b, 0x40, 0x3c, 0x48, 0x63, 0xd0, 0x48, 
0x8b, 0x45, 0xf8, 0x48, 0x01, 0xd0, 0x48, 0x89, 0x45, 0xf0, 0x48, 0x8b, 0x45, 0xf0, 0x0f, 0xb7, 
0x40, 0x06, 0x0f, 0xb7, 0xc0, 0x48, 0x83, 0xc4, 0x30, 0x5d, 0xc3, 0x55, 0x48, 0x89, 0xe5, 0x48, 
0x83, 0xec, 0x40, 0x48, 0x89, 0x4d, 0x10, 0x48, 0x8b, 0x05, 0xa2, 0x22, 0x00, 0x00, 0x48, 0x89, 
0x45, 0xe8, 0x48, 0x8b, 0x45, 0xe8, 0x48, 0x89, 0xc1, 0xe8, 0x62, 0xfd, 0xff, 0xff, 0x85, 0xc0, 
0x75, 0x07, 0xb8, 0x00, 0x00, 0x00, 0x00, 0xeb, 0x78, 0x48, 0x8b, 0x45, 0xe8, 0x8b, 0x40, 0x3c, 
0x48, 0x63, 0xd0, 0x48, 0x8b, 0x45, 0xe8, 0x48, 0x01, 0xd0, 0x48, 0x89, 0x45, 0xe0, 0xc7, 0x45, 
0xf4, 0x00, 0x00, 0x00, 0x00, 0x48, 0x8b, 0x45, 0xe0, 0x0f, 0xb7, 0x40, 0x14, 0x0f, 0xb7, 0xd0, 
0x48, 0x8b, 0x45, 0xe0, 0x48, 0x01, 0xd0, 0x48, 0x83, 0xc0, 0x18, 0x48, 0x89, 0x45, 0xf8, 0xeb, 
0x2b, 0x48, 0x8b, 0x45, 0xf8, 0x8b, 0x40, 0x24, 0x25, 0x00, 0x00, 0x00, 0x20, 0x85, 0xc0, 0x74, 
0x12, 0x48, 0x83, 0x7d, 0x10, 0x00, 0x75, 0x06, 0x48, 0x8b, 0x45, 0xf8, 0xeb, 0x23, 0x48, 0x83, 
0x6d, 0x10, 0x01, 0x83, 0x45, 0xf4, 0x01, 0x48, 0x83, 0x45, 0xf8, 0x28, 0x48, 0x8b, 0x45, 0xe0, 
0x0f, 0xb7, 0x40, 0x06, 0x0f, 0xb7, 0xc0, 0x39, 0x45, 0xf4, 0x72, 0xc5, 0xb8, 0x00, 0x00, 0x00, 
0x00, 0x48, 0x83, 0xc4, 0x40, 0x5d, 0xc3, 0x55, 0x48, 0x89, 0xe5, 0x48, 0x83, 0xec, 0x30, 0x48, 
0x8b, 0x05, 0xfa, 0x21, 0x00, 0x00, 0x48, 0x89, 0x45, 0xf8, 0x48, 0x8b, 0x45, 0xf8, 0x48, 0x89, 
0xc1, 0xe8, 0xba, 0xfc, 0xff, 0xff, 0x85, 0xc0, 0x75, 0x07, 0xb8, 0x00, 0x00, 0x00, 0x00, 0xeb, 
0x04, 0x48, 0x8b, 0x45, 0xf8, 0x48, 0x83, 0xc4, 0x30, 0x5d, 0xc3, 0x55, 0x48, 0x89, 0xe5, 0x48, 
0x83, 0xec, 0x40, 0x48, 0x89, 0x4d, 0x10, 0x48, 0x8b, 0x05, 0xc2, 0x21, 0x00, 0x00, 0x48, 0x89, 
0x45, 0xf8, 0x48, 0x8b, 0x45, 0xf8, 0x48, 0x89, 0xc1, 0xe8, 0x82, 0xfc, 0xff, 0xff, 0x85, 0xc0, 
0x75, 0x07, 0xb8, 0x00, 0x00, 0x00, 0x00, 0xeb, 0x3d, 0x48, 0x8b, 0x45, 0x10, 0x48, 0x2b, 0x45, 
0xf8, 0x48, 0x89, 0x45, 0xf0, 0x48, 0x8b, 0x55, 0xf0, 0x48, 0x8b, 0x45, 0xf8, 0x48, 0x89, 0xc1, 
0xe8, 0xd7, 0xfc, 0xff, 0xff, 0x48, 0x89, 0x45, 0xe8, 0x48, 0x83, 0x7d, 0xe8, 0x00, 0x75, 0x07, 
0xb8, 0x00, 0x00, 0x00, 0x00, 0xeb, 0x0f, 0x48, 0x8b, 0x45, 0xe8, 0x8b, 0x40, 0x24, 0xf7, 0xd0, 
0xc1, 0xe8, 0x1f, 0x0f, 0xb6, 0xc0, 0x48, 0x83, 0xc4, 0x40, 0x5d, 0xc3, 0x55, 0x48, 0x89, 0xe5, 
0x48, 0x83, 0xec, 0x50, 0x89, 0x4d, 0x10, 0x48, 0x8b, 0x05, 0x52, 0x21, 0x00, 0x00, 0x48, 0x89, 
0x45, 0xf0, 0x48, 0x8b, 0x45, 0xf0, 0x48, 0x89, 0xc1, 0xe8, 0x12, 0xfc, 0xff, 0xff, 0x85, 0xc0, 
0x75, 0x0a, 0xb8, 0x00, 0x00, 0x00, 0x00, 0xe9, 0xab, 0x00, 0x00, 0x00, 0x48, 0x8b, 0x45, 0xf0, 
0x8b, 0x40, 0x3c, 0x48, 0x63, 0xd0, 0x48, 0x8b, 0x45, 0xf0, 0x48, 0x01, 0xd0, 0x48, 0x89, 0x45, 
0xe8, 0x48, 0x8b, 0x45, 0xe8, 0x8b, 0x80, 0x90, 0x00, 0x00, 0x00, 0x89, 0x45, 0xe4, 0x83, 0x7d, 
0xe4, 0x00, 0x75, 0x07, 0xb8, 0x00, 0x00, 0x00, 0x00, 0xeb, 0x7c, 0x8b, 0x55, 0xe4, 0x48, 0x8b, 
0x45, 0xf0, 0x48, 0x89, 0xc1, 0xe8, 0x42, 0xfc, 0xff, 0xff, 0x48, 0x89, 0x45, 0xd8, 0x48, 0x83, 
0x7d, 0xd8, 0x00, 0x75, 0x07, 0xb8, 0x00, 0x00, 0x00, 0x00, 0xeb, 0x5b, 0x8b, 0x55, 0xe4, 0x48, 
0x8b, 0x45, 0xf0, 0x48, 0x01, 0xd0, 0x48, 0x89, 0x45, 0xf8, 0x48, 0x83, 0x7d, 0xf8, 0x00, 0x75, 
0x07, 0xb8, 0x00, 0x00, 0x00, 0x00, 0xeb, 0x3f, 0x48, 0x8b, 0x45, 0xf8, 0x8b, 0x40, 0x04, 0x85, 
0xc0, 0x75, 0x0b, 0x48, 0x8b, 0x45, 0xf8, 0x8b, 0x40, 0x0c, 0x85, 0xc0, 0x74, 0x23, 0x83, 0x7d, 
0x10, 0x00, 0x7f, 0x12, 0x48, 0x8b, 0x45, 0xf8, 0x8b, 0x40, 0x0c, 0x89, 0xc2, 0x48, 0x8b, 0x45, 
0xf0, 0x48, 0x01, 0xd0, 0xeb, 0x11, 0x83, 0x6d, 0x10, 0x01, 0x48, 0x83, 0x45, 0xf8, 0x14, 0xeb, 
0xc7, 0x90, 0xb8, 0x00, 0x00, 0x00, 0x00, 0x48, 0x83, 0xc4, 0x50, 0x5d, 0xc3, 0x90, 0x90, 0x90, 
0x51, 0x50, 0x48, 0x3d, 0x00, 0x10, 0x00, 0x00, 0x48, 0x8d, 0x4c, 0x24, 0x18, 0x72, 0x19, 0x48, 
0x81, 0xe9, 0x00, 0x10, 0x00, 0x00, 0x48, 0x83, 0x09, 0x00, 0x48, 0x2d, 0x00, 0x10, 0x00, 0x00, 
0x48, 0x3d, 0x00, 0x10, 0x00, 0x00, 0x77, 0xe7, 0x48, 0x29, 0xc1, 0x48, 0x83, 0x09, 0x00, 0x58, 
0x59, 0xc3, 0x90, 0x90, 0x90, 0x90, 0x90, 0x90, 0x90, 0x90, 0x90, 0x90, 0x90, 0x90, 0x90, 0x90, 
0x55, 0x48, 0x89, 0xe5, 0x48, 0x83, 0xec, 0x30, 0x48, 0x89, 0x4d, 0x10, 0x48, 0x89, 0x55, 0x18, 
0x4c, 0x89, 0x45, 0x20, 0xe8, 0x97, 0x00, 0x00, 0x00, 0x48, 0x8b, 0x00, 0x4c, 0x8b, 0x45, 0x18, 
0x48, 0x8b, 0x55, 0x10, 0x48, 0x8b, 0x4d, 0x20, 0x48, 0x89, 0x4c, 0x24, 0x20, 0x41, 0xb9, 0x00, 
0x00, 0x00, 0x00, 0x48, 0x89, 0xc1, 0xe8, 0x9d, 0x01, 0x00, 0x00, 0x48, 0x83, 0xc4, 0x30, 0x5d, 
0xc3, 0x90, 0x90, 0x90, 0x90, 0x90, 0x90, 0x90, 0x90, 0x90, 0x90, 0x90, 0x90, 0x90, 0x90, 0x90, 
0x55, 0x53, 0x48, 0x83, 0xec, 0x48, 0x48, 0x8d, 0x6c, 0x24, 0x40, 0x48, 0x89, 0x4d, 0x20, 0x48, 
0x89, 0x55, 0x28, 0x4c, 0x89, 0x45, 0x30, 0x4c, 0x89, 0x4d, 0x38, 0x48, 0x8d, 0x45, 0x30, 0x48, 
0x89, 0x45, 0xf0, 0x48, 0x8b, 0x5d, 0xf0, 0xe8, 0x34, 0x00, 0x00, 0x00, 0x48, 0x8b, 0x00, 0x48, 
0x8b, 0x4d, 0x28, 0x48, 0x8b, 0x55, 0x20, 0x48, 0x89, 0x5c, 0x24, 0x20, 0x41, 0xb9, 0x00, 0x00, 
0x00, 0x00, 0x49, 0x89, 0xc8, 0x48, 0x89, 0xc1, 0xe8, 0x3b, 0x01, 0x00, 0x00, 0x89, 0x45, 0xfc, 
0x8b, 0x45, 0xfc, 0x48, 0x83, 0xc4, 0x48, 0x5b, 0x5d, 0xc3, 0x90, 0x90, 0x90, 0x90, 0x90, 0x90, 
0x55, 0x48, 0x89, 0xe5, 0x48, 0x8d, 0x05, 0x05, 0x14, 0x00, 0x00, 0x5d, 0xc3, 0x90, 0x90, 0x90, 
0x55, 0x48, 0x89, 0xe5, 0x48, 0x8b, 0x05, 0xc5, 0x1f, 0x00, 0x00, 0x48, 0x8b, 0x00, 0x5d, 0xc3, 
0x55, 0x48, 0x89, 0xe5, 0x48, 0x83, 0xec, 0x20, 0x89, 0x4d, 0x10, 0xb9, 0x02, 0x00, 0x00, 0x00, 
0xe8, 0xdb, 0x00, 0x00, 0x00, 0x48, 0x89, 0xc1, 0x8b, 0x55, 0x10, 0x48, 0x8d, 0x05, 0xfe, 0x1e, 
0x00, 0x00, 0x41, 0x89, 0xd0, 0x48, 0x89, 0xc2, 0xe8, 0x53, 0xff, 0xff, 0xff, 0xb9, 0xff, 0x00, 
0x00, 0x00, 0xe8, 0x21, 0x01, 0x00, 0x00, 0x90, 0x90, 0x90, 0x90, 0x90, 0x90, 0x90, 0x90, 0x90, 
0x55, 0x48, 0x89, 0xe5, 0x48, 0x83, 0xec, 0x20, 0x48, 0x89, 0x4d, 0x10, 0x48, 0x89, 0x55, 0x18, 
0x4c, 0x89, 0x45, 0x20, 0x44, 0x89, 0x4d, 0x28, 0xe8, 0x0b, 0x01, 0x00, 0x00, 0x83, 0x7d, 0x28, 
0x00, 0x74, 0x07, 0xb8, 0x02, 0x00, 0x00, 0x00, 0xeb, 0x05, 0xb8, 0x01, 0x00, 0x00, 0x00, 0x89, 
0xc1, 0xe8, 0xd2, 0x00, 0x00, 0x00, 0xe8, 0xb5, 0x00, 0x00, 0x00, 0x8b, 0x10, 0x48, 0x8b, 0x45, 
0x10, 0x89, 0x10, 0xe8, 0xb0, 0x00, 0x00, 0x00, 0x48, 0x8b, 0x10, 0x48, 0x8b, 0x45, 0x18, 0x48, 
0x89, 0x10, 0xe8, 0x69, 0x01, 0x00, 0x00, 0x48, 0x8b, 0x10, 0x48, 0x8b, 0x45, 0x20, 0x48, 0x89, 
0x10, 0x48, 0x8b, 0x45, 0x30, 0x8b, 0x00, 0x89, 0xc1, 0xe8, 0x32, 0x01, 0x00, 0x00, 0xb8, 0x00, 
0x00, 0x00, 0x00, 0x48, 0x83, 0xc4, 0x20, 0x5d, 0xc3, 0x90, 0x90, 0x90, 0x90, 0x90, 0x90, 0x90, 
0xff, 0x25, 0x3a, 0x6f, 0x00, 0x00, 0x90, 0x90, 0xff, 0x25, 0x3a, 0x6f, 0x00, 0x00, 0x90, 0x90, 
0xff, 0x25, 0x3a, 0x6f, 0x00, 0x00, 0x90, 0x90, 0xff, 0x25, 0x3a, 0x6f, 0x00, 0x00, 0x90, 0x90, 
0xff, 0x25, 0x3a, 0x6f, 0x00, 0x00, 0x90, 0x90, 0x0f, 0x1f, 0x84, 0x00, 0x00, 0x00, 0x00, 0x00, 
0xff, 0x25, 0xca, 0x6e, 0x00, 0x00, 0x90, 0x90, 0xff, 0x25, 0xca, 0x6e, 0x00, 0x00, 0x90, 0x90, 
0xff, 0x25, 0xca, 0x6e, 0x00, 0x00, 0x90, 0x90, 0xff, 0x25, 0xca, 0x6e, 0x00, 0x00, 0x90, 0x90, 
0xff, 0x25, 0xca, 0x6e, 0x00, 0x00, 0x90, 0x90, 0xff, 0x25, 0xca, 0x6e, 0x00, 0x00, 0x90, 0x90, 
0xff, 0x25, 0xca, 0x6e, 0x00, 0x00, 0x90, 0x90, 0x0f, 0x1f, 0x84, 0x00, 0x00, 0x00, 0x00, 0x00, 
0xff, 0x25, 0x12, 0x6e, 0x00, 0x00, 0x90, 0x90, 0xff, 0x25, 0x12, 0x6e, 0x00, 0x00, 0x90, 0x90, 
0xff, 0x25, 0x12, 0x6e, 0x00, 0x00, 0x90, 0x90, 0xff, 0x25, 0x12, 0x6e, 0x00, 0x00, 0x90, 0x90, 
0xff, 0x25, 0x12, 0x6e, 0x00, 0x00, 0x90, 0x90, 0xff, 0x25, 0x12, 0x6e, 0x00, 0x00, 0x90, 0x90, 
0xff, 0x25, 0x12, 0x6e, 0x00, 0x00, 0x90, 0x90, 0xff, 0x25, 0x12, 0x6e, 0x00, 0x00, 0x90, 0x90, 
0xff, 0x25, 0x12, 0x6e, 0x00, 0x00, 0x90, 0x90, 0xff, 0x25, 0x12, 0x6e, 0x00, 0x00, 0x90, 0x90, 
0xff, 0x25, 0x12, 0x6e, 0x00, 0x00, 0x90, 0x90, 0xff, 0x25, 0x12, 0x6e, 0x00, 0x00, 0x90, 0x90, 
0xff, 0x25, 0x12, 0x6e, 0x00, 0x00, 0x90, 0x90, 0xff, 0x25, 0x12, 0x6e, 0x00, 0x00, 0x90, 0x90, 
0xff, 0x25, 0x82, 0x6d, 0x00, 0x00, 0x90, 0x90, 0xff, 0x25, 0x82, 0x6d, 0x00, 0x00, 0x90, 0x90, 
0xff, 0x25, 0x82, 0x6d, 0x00, 0x00, 0x90, 0x90, 0x0f, 0x1f, 0x84, 0x00, 0x00, 0x00, 0x00, 0x00, 
0xff, 0x25, 0x52, 0x6d, 0x00, 0x00, 0x90, 0x90, 0x0f, 0x1f, 0x84, 0x00, 0x00, 0x00, 0x00, 0x00, 
0xff, 0x25, 0x32, 0x6d, 0x00, 0x00, 0x90, 0x90, 0x0f, 0x1f, 0x84, 0x00, 0x00, 0x00, 0x00, 0x00, 
0xff, 0x25, 0xfa, 0x6c, 0x00, 0x00, 0x90, 0x90, 0xff, 0x25, 0xfa, 0x6c, 0x00, 0x00, 0x90, 0x90, 
0xff, 0x25, 0xfa, 0x6c, 0x00, 0x00, 0x90, 0x90, 0xff, 0x25, 0xfa, 0x6c, 0x00, 0x00, 0x90, 0x90, 
0xff, 0x25, 0xca, 0x6c, 0x00, 0x00, 0x90, 0x90, 0x0f, 0x1f, 0x84, 0x00, 0x00, 0x00, 0x00, 0x00, 
0xff, 0x25, 0xaa, 0x6c, 0x00, 0x00, 0x90, 0x90, 0xff, 0x25, 0x9a, 0x6c, 0x00, 0x00, 0x90, 0x90, 
0xff, 0x25, 0x8a, 0x6c, 0x00, 0x00, 0x90, 0x90, 0xff, 0x25, 0x7a, 0x6c, 0x00, 0x00, 0x90, 0x90, 
0xff, 0x25, 0x6a, 0x6c, 0x00, 0x00, 0x90, 0x90, 0xff, 0x25, 0x5a, 0x6c, 0x00, 0x00, 0x90, 0x90, 
0xff, 0x25, 0x4a, 0x6c, 0x00, 0x00, 0x90, 0x90, 0xff, 0x25, 0x3a, 0x6c, 0x00, 0x00, 0x90, 0x90, 
0xff, 0x25, 0x2a, 0x6c, 0x00, 0x00, 0x90, 0x90, 0xff, 0x25, 0x1a, 0x6c, 0x00, 0x00, 0x90, 0x90, 
0xff, 0x25, 0x0a, 0x6c, 0x00, 0x00, 0x90, 0x90, 0xff, 0x25, 0xfa, 0x6b, 0x00, 0x00, 0x90, 0x90, 
0xff, 0x25, 0xea, 0x6b, 0x00, 0x00, 0x90, 0x90, 0xff, 0x25, 0xda, 0x6b, 0x00, 0x00, 0x90, 0x90, 
0xff, 0x25, 0xca, 0x6b, 0x00, 0x00, 0x90, 0x90, 0xff, 0x25, 0xba, 0x6b, 0x00, 0x00, 0x90, 0x90, 
0xff, 0x25, 0x9a, 0x6d, 0x00, 0x00, 0x90, 0x90, 0x0f, 0x1f, 0x84, 0x00, 0x00, 0x00, 0x00, 0x00, 
0xe9, 0x3b, 0xdf, 0xff, 0xff, 0x90, 0x90, 0x90, 0x90, 0x90, 0x90, 0x90, 0x90, 0x90, 0x90, 0x90, 
0x00, 0x00, 0x00, 0x00, 0x00, 0x00, 0x00, 0x00, 0x00, 0x00, 0x00, 0x00, 0x00, 0x00, 0x00, 0x00, 
0x00, 0x00, 0x00, 0x00, 0x00, 0x00, 0x00, 0x00, 0x00, 0x00, 0x00, 0x00, 0x00, 0x00, 0x00, 0x00, 
0x00, 0x00, 0x00, 0x00, 0x00, 0x00, 0x00, 0x00, 0x00, 0x00, 0x00, 0x00, 0x00, 0x00, 0x00, 0x00, 
0x00, 0x00, 0x00, 0x00, 0x00, 0x00, 0x00, 0x00, 0x00, 0x00, 0x00, 0x00, 0x00, 0x00, 0x00, 0x00, 
0x00, 0x00, 0x00, 0x00, 0x00, 0x00, 0x00, 0x00, 0x00, 0x00, 0x00, 0x00, 0x00, 0x00, 0x00, 0x00, 
0x00, 0x00, 0x00, 0x00, 0x00, 0x00, 0x00, 0x00, 0x00, 0x00, 0x00, 0x00, 0x00, 0x00, 0x00, 0x00, 
0x00, 0x00, 0x00, 0x00, 0x00, 0x00, 0x00, 0x00, 0x00, 0x00, 0x00, 0x00, 0x00, 0x00, 0x00, 0x00, 
0x00, 0x00, 0x00, 0x00, 0x00, 0x00, 0x00, 0x00, 0x00, 0x00, 0x00, 0x00, 0x00, 0x00, 0x00, 0x00, 
0x00, 0x00, 0x00, 0x00, 0x00, 0x00, 0x00, 0x00, 0x00, 0x00, 0x00, 0x00, 0x00, 0x00, 0x00, 0x00, 
0x00, 0x00, 0x00, 0x00, 0x00, 0x00, 0x00, 0x00, 0x00, 0x00, 0x00, 0x00, 0x00, 0x00, 0x00, 0x00, 
0x00, 0x00, 0x00, 0x00, 0x00, 0x00, 0x00, 0x00, 0x00, 0x00, 0x00, 0x00, 0x00, 0x00, 0x00, 0x00, 
0x00, 0x00, 0x00, 0x00, 0x00, 0x00, 0x00, 0x00, 0x00, 0x00, 0x00, 0x00, 0x00, 0x00, 0x00, 0x00, 
0x00, 0x00, 0x00, 0x00, 0x00, 0x00, 0x00, 0x00, 0x00, 0x00, 0x00, 0x00, 0x00, 0x00, 0x00, 0x00, 
0x00, 0x00, 0x00, 0x00, 0x00, 0x00, 0x00, 0x00, 0x00, 0x00, 0x00, 0x00, 0x00, 0x00, 0x00, 0x00, 
0x5f, 0x00, 0x5f, 0x00, 0x4f, 0x00, 0x50, 0x00, 0x45, 0x00, 0x4e, 0x00, 0x49, 0x00, 0x4e, 0x00, 
0x5f, 0x00, 0x54, 0x00, 0x41, 0x00, 0x52, 0x00, 0x47, 0x00, 0x45, 0x00, 0x54, 0x00, 0x5f, 0x00, 
0x45, 0x00, 0x58, 0x00, 0x45, 0x00, 0x5f, 0x00, 0x4d, 0x00, 0x41, 0x00, 0x47, 0x00, 0x49, 0x00, 
0x43, 0x00, 0x5f, 0x00, 0x50, 0x00, 0x41, 0x00, 0x44, 0x00, 0x5f, 0x00, 0x50, 0x00, 0x41, 0x00, 
0x44, 0x00, 0x5f, 0x00, 0x50, 0x00, 0x41, 0x00, 0x44, 0x00, 0x5f, 0x00, 0x50, 0x00, 0x41, 0x00, 
0x44, 0x00, 0x5f, 0x00, 0x50, 0x00, 0x41, 0x00, 0x44, 0x00, 0x5f, 0x00, 0x50, 0x00, 0x41, 0x00, 
0x44, 0x00, 0x5f, 0x00, 0x50, 0x00, 0x41, 0x00, 0x44, 0x00, 0x5f, 0x00, 0x50, 0x00, 0x41, 0x00, 
0x44, 0x00, 0x5f, 0x00, 0x50, 0x00, 0x41, 0x00, 0x44, 0x00, 0x5f, 0x00, 0x50, 0x00, 0x41, 0x00, 
0x44, 0x00, 0x5f, 0x00, 0x50, 0x00, 0x41, 0x00, 0x44, 0x00, 0x5f, 0x00, 0x50, 0x00, 0x41, 0x00, 
0x44, 0x00, 0x5f, 0x00, 0x50, 0x00, 0x41, 0x00, 0x44, 0x00, 0x5f, 0x00, 0x50, 0x00, 0x41, 0x00, 
0x44, 0x00, 0x5f, 0x00, 0x50, 0x00, 0x41, 0x00, 0x44, 0x00, 0x5f, 0x00, 0x50, 0x00, 0x41, 0x00, 
0x44, 0x00, 0x5f, 0x00, 0x50, 0x00, 0x41, 0x00, 0x44, 0x00, 0x5f, 0x00, 0x50, 0x00, 0x41, 0x00, 
0x44, 0x00, 0x5f, 0x00, 0x50, 0x00, 0x41, 0x00, 0x44, 0x00, 0x5f, 0x00, 0x50, 0x00, 0x41, 0x00, 
0x44, 0x00, 0x5f, 0x00, 0x50, 0x00, 0x41, 0x00, 0x44, 0x00, 0x5f, 0x00, 0x50, 0x00, 0x41, 0x00, 
0x44, 0x00, 0x5f, 0x00, 0x50, 0x00, 0x41, 0x00, 0x44, 0x00, 0x5f, 0x00, 0x50, 0x00, 0x41, 0x00, 
0x44, 0x00, 0x5f, 0x00, 0x50, 0x00, 0x41, 0x00, 0x44, 0x00, 0x5f, 0x00, 0x50, 0x00, 0x41, 0x00, 
0x44, 0x00, 0x5f, 0x00, 0x5f, 0x00, 0x00, 0x00, 0x00, 0x00, 0x00, 0x00, 0x00, 0x00, 0x00, 0x00, 
0x00, 0x00, 0x00, 0x00, 0x00, 0x00, 0x00, 0x00, 0x00, 0x00, 0x00, 0x00, 0x00, 0x00, 0x00, 0x00, 
0x00, 0x00, 0x00, 0x00, 0x00, 0x00, 0x00, 0x00, 0x00, 0x00, 0x00, 0x00, 0x00, 0x00, 0x00, 0x00, 
0x00, 0x00, 0x00, 0x00, 0x00, 0x00, 0x00, 0x00, 0x00, 0x00, 0x00, 0x00, 0x00, 0x00, 0x00, 0x00, 
0x00, 0x00, 0x00, 0x00, 0x00, 0x00, 0x00, 0x00, 0x00, 0x00, 0x00, 0x00, 0x00, 0x00, 0x00, 0x00, 
0x00, 0x00, 0x00, 0x00, 0x00, 0x00, 0x00, 0x00, 0x00, 0x00, 0x00, 0x00, 0x00, 0x00, 0x00, 0x00, 
0x00, 0x00, 0x00, 0x00, 0x00, 0x00, 0x00, 0x00, 0x00, 0x00, 0x00, 0x00, 0x00, 0x00, 0x00, 0x00, 
0x00, 0x00, 0x00, 0x00, 0x00, 0x00, 0x00, 0x00, 0x00, 0x00, 0x00, 0x00, 0x00, 0x00, 0x00, 0x00, 
0x00, 0x00, 0x00, 0x00, 0x00, 0x00, 0x00, 0x00, 0x00, 0x00, 0x00, 0x00, 0x00, 0x00, 0x00, 0x00, 
0x00, 0x00, 0x00, 0x00, 0x00, 0x00, 0x00, 0x00, 0x00, 0x00, 0x00, 0x00, 0x00, 0x00, 0x00, 0x00, 
0x00, 0x00, 0x00, 0x00, 0x00, 0x00, 0x00, 0x00, 0x00, 0x00, 0x00, 0x00, 0x00, 0x00, 0x00, 0x00, 
0x00, 0x00, 0x00, 0x00, 0x00, 0x00, 0x00, 0x00, 0x00, 0x00, 0x00, 0x00, 0x00, 0x00, 0x00, 0x00, 
0x00, 0x00, 0x00, 0x00, 0x00, 0x00, 0x00, 0x00, 0x00, 0x00, 0x00, 0x00, 0x00, 0x00, 0x00, 0x00, 
0x00, 0x00, 0x00, 0x00, 0x00, 0x00, 0x00, 0x00, 0x00, 0x00, 0x00, 0x00, 0x00, 0x00, 0x00, 0x00, 
0x00, 0x00, 0x00, 0x00, 0x00, 0x00, 0x00, 0x00, 0x00, 0x00, 0x00, 0x00, 0x00, 0x00, 0x00, 0x00, 
0x00, 0x00, 0x00, 0x00, 0x00, 0x00, 0x00, 0x00, 0x00, 0x00, 0x00, 0x00, 0x00, 0x00, 0x00, 0x00, 
0x00, 0x00, 0x00, 0x00, 0x00, 0x00, 0x00, 0x00, 0x00, 0x00, 0x00, 0x00, 0x00, 0x00, 0x00, 0x00, 
0x00, 0x00, 0x00, 0x00, 0x00, 0x00, 0x00, 0x00, 0x00, 0x00, 0x00, 0x00, 0x00, 0x00, 0x00, 0x00, 
0x00, 0x00, 0x00, 0x00, 0x00, 0x00, 0x00, 0x00, 0x00, 0x00, 0x00, 0x00, 0x00, 0x00, 0x00, 0x00, 
0x00, 0x00, 0x00, 0x00, 0x00, 0x00, 0x00, 0x00, 0x00, 0x00, 0x00, 0x00, 0x00, 0x00, 0x00, 0x00, 
0x00, 0x00, 0x00, 0x00, 0x00, 0x00, 0x00, 0x00, 0x00, 0x00, 0x00, 0x00, 0x00, 0x00, 0x00, 0x00, 
0x00, 0x00, 0x00, 0x00, 0x00, 0x00, 0x00, 0x00, 0x00, 0x00, 0x00, 0x00, 0x00, 0x00, 0x00, 0x00, 
0x00, 0x00, 0x00, 0x00, 0x00, 0x00, 0x00, 0x00, 0x00, 0x00, 0x00, 0x00, 0x00, 0x00, 0x00, 0x00, 
0x00, 0x00, 0x00, 0x00, 0x00, 0x00, 0x00, 0x00, 0x00, 0x00, 0x00, 0x00, 0x00, 0x00, 0x00, 0x00, 
0x00, 0x00, 0x00, 0x00, 0x00, 0x00, 0x00, 0x00, 0x00, 0x00, 0x00, 0x00, 0x00, 0x00, 0x00, 0x00, 
0x00, 0x00, 0x00, 0x00, 0x00, 0x00, 0x00, 0x00, 0x00, 0x00, 0x00, 0x00, 0x00, 0x00, 0x00, 0x00, 
0x00, 0x00, 0x00, 0x00, 0x00, 0x00, 0x00, 0x00, 0x00, 0x00, 0x00, 0x00, 0x00, 0x00, 0x00, 0x00, 
0x00, 0x00, 0x00, 0x00, 0x00, 0x00, 0x00, 0x00, 0x00, 0x00, 0x00, 0x00, 0x00, 0x00, 0x00, 0x00, 
0x00, 0x00, 0x00, 0x00, 0x00, 0x00, 0x00, 0x00, 0x00, 0x00, 0x00, 0x00, 0x00, 0x00, 0x00, 0x00, 
0x00, 0x00, 0x00, 0x00, 0x00, 0x00, 0x00, 0x00, 0x00, 0x00, 0x00, 0x00, 0x00, 0x00, 0x00, 0x00, 
0x00, 0x00, 0x00, 0x00, 0x00, 0x00, 0x00, 0x00, 0x00, 0x00, 0x00, 0x00, 0x00, 0x00, 0x00, 0x00, 
0x00, 0x00, 0x00, 0x00, 0x00, 0x00, 0x00, 0x00, 0x00, 0x00, 0x00, 0x00, 0x00, 0x00, 0x00, 0x00, 
0x00, 0x00, 0x00, 0x00, 0x00, 0x00, 0x00, 0x00, 0x00, 0x00, 0x00, 0x00, 0x00, 0x00, 0x00, 0x00, 
0x00, 0x00, 0x00, 0x00, 0x00, 0x00, 0x00, 0x00, 0x00, 0x00, 0x00, 0x00, 0x00, 0x00, 0x00, 0x00, 
0x00, 0x00, 0x00, 0x00, 0x00, 0x00, 0x00, 0x00, 0x00, 0x00, 0x00, 0x00, 0x00, 0x00, 0x00, 0x00, 
0x00, 0x00, 0x00, 0x00, 0x00, 0x00, 0x00, 0x00, 0x00, 0x00, 0x00, 0x00, 0x00, 0x00, 0x00, 0x00, 
0x00, 0x00, 0x00, 0x00, 0x00, 0x00, 0x00, 0x00, 0x00, 0x00, 0x00, 0x00, 0x00, 0x00, 0x00, 0x00, 
0x00, 0x00, 0x00, 0x00, 0x00, 0x00, 0x00, 0x00, 0x00, 0x00, 0x00, 0x00, 0x00, 0x00, 0x00, 0x00, 
0x00, 0x00, 0x00, 0x00, 0x00, 0x00, 0x00, 0x00, 0x00, 0x00, 0x00, 0x00, 0x00, 0x00, 0x00, 0x00, 
0x00, 0x00, 0x00, 0x00, 0x00, 0x00, 0x00, 0x00, 0x00, 0x00, 0x00, 0x00, 0x00, 0x00, 0x00, 0x00, 
0x00, 0x00, 0x00, 0x00, 0x00, 0x00, 0x00, 0x00, 0x00, 0x00, 0x00, 0x00, 0x00, 0x00, 0x00, 0x00, 
0x00, 0x00, 0x00, 0x00, 0x00, 0x00, 0x00, 0x00, 0x00, 0x00, 0x00, 0x00, 0x00, 0x00, 0x00, 0x00, 
0x00, 0x00, 0x00, 0x00, 0x00, 0x00, 0x00, 0x00, 0x00, 0x00, 0x00, 0x00, 0x00, 0x00, 0x00, 0x00, 
0x00, 0x00, 0x00, 0x00, 0x00, 0x00, 0x00, 0x00, 0x00, 0x00, 0x00, 0x00, 0x00, 0x00, 0x00, 0x00, 
0x00, 0x00, 0x00, 0x00, 0x00, 0x00, 0x00, 0x00, 0x00, 0x00, 0x00, 0x00, 0x00, 0x00, 0x00, 0x00, 
0x00, 0x00, 0x00, 0x00, 0x00, 0x00, 0x00, 0x00, 0x00, 0x00, 0x00, 0x00, 0x00, 0x00, 0x00, 0x00, 
0x00, 0x00, 0x00, 0x00, 0x00, 0x00, 0x00, 0x00, 0x00, 0x00, 0x00, 0x00, 0x00, 0x00, 0x00, 0x00, 
0x00, 0x00, 0x00, 0x00, 0x00, 0x00, 0x00, 0x00, 0x00, 0x00, 0x00, 0x00, 0x00, 0x00, 0x00, 0x00, 
0x00, 0x00, 0x00, 0x00, 0x00, 0x00, 0x00, 0x00, 0x00, 0x00, 0x00, 0x00, 0x00, 0x00, 0x00, 0x00, 
0x00, 0x00, 0x00, 0x00, 0x00, 0x00, 0x00, 0x00, 0x00, 0x00, 0x00, 0x00, 0x00, 0x00, 0x00, 0x00, 
0x00, 0x00, 0x00, 0x00, 0x00, 0x00, 0x00, 0x00, 0x00, 0x00, 0x00, 0x00, 0x00, 0x00, 0x00, 0x00, 
0x00, 0x00, 0x00, 0x00, 0x00, 0x00, 0x00, 0x00, 0x00, 0x00, 0x00, 0x00, 0x00, 0x00, 0x00, 0x00, 
0x00, 0x00, 0x00, 0x00, 0x00, 0x00, 0x00, 0x00, 0x00, 0x00, 0x00, 0x00, 0x00, 0x00, 0x00, 0x00, 
0x00, 0x00, 0x00, 0x00, 0x00, 0x00, 0x00, 0x00, 0x00, 0x00, 0x00, 0x00, 0x00, 0x00, 0x00, 0x00, 
0x00, 0x00, 0x00, 0x00, 0x00, 0x00, 0x00, 0x00, 0x00, 0x00, 0x00, 0x00, 0x00, 0x00, 0x00, 0x00, 
0x00, 0x00, 0x00, 0x00, 0x00, 0x00, 0x00, 0x00, 0x00, 0x00, 0x00, 0x00, 0x00, 0x00, 0x00, 0x00, 
0x00, 0x00, 0x00, 0x00, 0x00, 0x00, 0x00, 0x00, 0x00, 0x00, 0x00, 0x00, 0x00, 0x00, 0x00, 0x00, 
0x00, 0x00, 0x00, 0x00, 0x00, 0x00, 0x00, 0x00, 0x00, 0x00, 0x00, 0x00, 0x00, 0x00, 0x00, 0x00, 
0x00, 0x00, 0x00, 0x00, 0x00, 0x00, 0x00, 0x00, 0x00, 0x00, 0x00, 0x00, 0x00, 0x00, 0x00, 0x00, 
0x00, 0x00, 0x00, 0x00, 0x00, 0x00, 0x00, 0x00, 0x00, 0x00, 0x00, 0x00, 0x00, 0x00, 0x00, 0x00, 
0x00, 0x00, 0x00, 0x00, 0x00, 0x00, 0x00, 0x00, 0x00, 0x00, 0x00, 0x00, 0x00, 0x00, 0x00, 0x00, 
0x00, 0x00, 0x00, 0x00, 0x00, 0x00, 0x00, 0x00, 0x00, 0x00, 0x00, 0x00, 0x00, 0x00, 0x00, 0x00, 
0x00, 0x00, 0x00, 0x00, 0x00, 0x00, 0x00, 0x00, 0x00, 0x00, 0x00, 0x00, 0x00, 0x00, 0x00, 0x00, 
0x00, 0x00, 0x00, 0x00, 0x00, 0x00, 0x00, 0x00, 0x00, 0x00, 0x00, 0x00, 0x00, 0x00, 0x00, 0x00, 
0x00, 0x00, 0x00, 0x00, 0x00, 0x00, 0x00, 0x00, 0x00, 0x00, 0x00, 0x00, 0x00, 0x00, 0x00, 0x00, 
0x00, 0x00, 0x00, 0x00, 0x00, 0x00, 0x00, 0x00, 0x00, 0x00, 0x00, 0x00, 0x00, 0x00, 0x00, 0x00, 
0x00, 0x00, 0x00, 0x00, 0x00, 0x00, 0x00, 0x00, 0x00, 0x00, 0x00, 0x00, 0x00, 0x00, 0x00, 0x00, 
0x00, 0x00, 0x00, 0x00, 0x00, 0x00, 0x00, 0x00, 0x00, 0x00, 0x00, 0x00, 0x00, 0x00, 0x00, 0x00, 
0x00, 0x00, 0x00, 0x00, 0x00, 0x00, 0x00, 0x00, 0x00, 0x00, 0x00, 0x00, 0x00, 0x00, 0x00, 0x00, 
0x00, 0x00, 0x00, 0x00, 0x00, 0x00, 0x00, 0x00, 0x00, 0x00, 0x00, 0x00, 0x00, 0x00, 0x00, 0x00, 
0x00, 0x00, 0x00, 0x00, 0x00, 0x00, 0x00, 0x00, 0x00, 0x00, 0x00, 0x00, 0x00, 0x00, 0x00, 0x00, 
0x00, 0x00, 0x00, 0x00, 0x00, 0x00, 0x00, 0x00, 0x00, 0x00, 0x00, 0x00, 0x00, 0x00, 0x00, 0x00, 
0x00, 0x00, 0x00, 0x00, 0x00, 0x00, 0x00, 0x00, 0x00, 0x00, 0x00, 0x00, 0x00, 0x00, 0x00, 0x00, 
0x00, 0x00, 0x00, 0x00, 0x00, 0x00, 0x00, 0x00, 0x00, 0x00, 0x00, 0x00, 0x00, 0x00, 0x00, 0x00, 
0x00, 0x00, 0x00, 0x00, 0x00, 0x00, 0x00, 0x00, 0x00, 0x00, 0x00, 0x00, 0x00, 0x00, 0x00, 0x00, 
0x00, 0x00, 0x00, 0x00, 0x00, 0x00, 0x00, 0x00, 0x00, 0x00, 0x00, 0x00, 0x00, 0x00, 0x00, 0x00, 
0x00, 0x00, 0x00, 0x00, 0x00, 0x00, 0x00, 0x00, 0x00, 0x00, 0x00, 0x00, 0x00, 0x00, 0x00, 0x00, 
0x00, 0x00, 0x00, 0x00, 0x00, 0x00, 0x00, 0x00, 0x00, 0x00, 0x00, 0x00, 0x00, 0x00, 0x00, 0x00, 
0x00, 0x00, 0x00, 0x00, 0x00, 0x00, 0x00, 0x00, 0x00, 0x00, 0x00, 0x00, 0x00, 0x00, 0x00, 0x00, 
0x00, 0x00, 0x00, 0x00, 0x00, 0x00, 0x00, 0x00, 0x00, 0x00, 0x00, 0x00, 0x00, 0x00, 0x00, 0x00, 
0x00, 0x00, 0x00, 0x00, 0x00, 0x00, 0x00, 0x00, 0x00, 0x00, 0x00, 0x00, 0x00, 0x00, 0x00, 0x00, 
0x00, 0x00, 0x00, 0x00, 0x00, 0x00, 0x00, 0x00, 0x00, 0x00, 0x00, 0x00, 0x00, 0x00, 0x00, 0x00, 
0x00, 0x00, 0x00, 0x00, 0x00, 0x00, 0x00, 0x00, 0x00, 0x00, 0x00, 0x00, 0x00, 0x00, 0x00, 0x00, 
0x00, 0x00, 0x00, 0x00, 0x00, 0x00, 0x00, 0x00, 0x00, 0x00, 0x00, 0x00, 0x00, 0x00, 0x00, 0x00, 
0x00, 0x00, 0x00, 0x00, 0x00, 0x00, 0x00, 0x00, 0x00, 0x00, 0x00, 0x00, 0x00, 0x00, 0x00, 0x00, 
0x00, 0x00, 0x00, 0x00, 0x00, 0x00, 0x00, 0x00, 0x00, 0x00, 0x00, 0x00, 0x00, 0x00, 0x00, 0x00, 
0x00, 0x00, 0x00, 0x00, 0x00, 0x00, 0x00, 0x00, 0x00, 0x00, 0x00, 0x00, 0x00, 0x00, 0x00, 0x00, 
0x00, 0x00, 0x00, 0x00, 0x00, 0x00, 0x00, 0x00, 0x00, 0x00, 0x00, 0x00, 0x00, 0x00, 0x00, 0x00, 
0x00, 0x00, 0x00, 0x00, 0x00, 0x00, 0x00, 0x00, 0x00, 0x00, 0x00, 0x00, 0x00, 0x00, 0x00, 0x00, 
0x00, 0x00, 0x00, 0x00, 0x00, 0x00, 0x00, 0x00, 0x00, 0x00, 0x00, 0x00, 0x00, 0x00, 0x00, 0x00, 
0x00, 0x00, 0x00, 0x00, 0x00, 0x00, 0x00, 0x00, 0x00, 0x00, 0x00, 0x00, 0x00, 0x00, 0x00, 0x00, 
0x00, 0x00, 0x00, 0x00, 0x00, 0x00, 0x00, 0x00, 0x00, 0x00, 0x00, 0x00, 0x00, 0x00, 0x00, 0x00, 
0x00, 0x00, 0x00, 0x00, 0x00, 0x00, 0x00, 0x00, 0x00, 0x00, 0x00, 0x00, 0x00, 0x00, 0x00, 0x00, 
0x00, 0x00, 0x00, 0x00, 0x00, 0x00, 0x00, 0x00, 0x00, 0x00, 0x00, 0x00, 0x00, 0x00, 0x00, 0x00, 
0x00, 0x00, 0x00, 0x00, 0x00, 0x00, 0x00, 0x00, 0x00, 0x00, 0x00, 0x00, 0x00, 0x00, 0x00, 0x00, 
0x00, 0x00, 0x00, 0x00, 0x00, 0x00, 0x00, 0x00, 0x00, 0x00, 0x00, 0x00, 0x00, 0x00, 0x00, 0x00, 
0x00, 0x00, 0x00, 0x00, 0x00, 0x00, 0x00, 0x00, 0x00, 0x00, 0x00, 0x00, 0x00, 0x00, 0x00, 0x00, 
0x00, 0x00, 0x00, 0x00, 0x00, 0x00, 0x00, 0x00, 0x00, 0x00, 0x00, 0x00, 0x00, 0x00, 0x00, 0x00, 
0x00, 0x00, 0x00, 0x00, 0x00, 0x00, 0x00, 0x00, 0x00, 0x00, 0x00, 0x00, 0x00, 0x00, 0x00, 0x00, 
0x00, 0x00, 0x00, 0x00, 0x00, 0x00, 0x00, 0x00, 0x00, 0x00, 0x00, 0x00, 0x00, 0x00, 0x00, 0x00, 
0x00, 0x00, 0x00, 0x00, 0x00, 0x00, 0x00, 0x00, 0x00, 0x00, 0x00, 0x00, 0x00, 0x00, 0x00, 0x00, 
0x00, 0x00, 0x00, 0x00, 0x00, 0x00, 0x00, 0x00, 0x00, 0x00, 0x00, 0x00, 0x00, 0x00, 0x00, 0x00, 
0x00, 0x00, 0x00, 0x00, 0x00, 0x00, 0x00, 0x00, 0x00, 0x00, 0x00, 0x00, 0x00, 0x00, 0x00, 0x00, 
0x00, 0x00, 0x00, 0x00, 0x00, 0x00, 0x00, 0x00, 0x00, 0x00, 0x00, 0x00, 0x00, 0x00, 0x00, 0x00, 
0x00, 0x00, 0x00, 0x00, 0x00, 0x00, 0x00, 0x00, 0x00, 0x00, 0x00, 0x00, 0x00, 0x00, 0x00, 0x00, 
0x00, 0x00, 0x00, 0x00, 0x00, 0x00, 0x00, 0x00, 0x00, 0x00, 0x00, 0x00, 0x00, 0x00, 0x00, 0x00, 
0x00, 0x00, 0x00, 0x00, 0x00, 0x00, 0x00, 0x00, 0x00, 0x00, 0x00, 0x00, 0x00, 0x00, 0x00, 0x00, 
0x00, 0x00, 0x00, 0x00, 0x00, 0x00, 0x00, 0x00, 0x00, 0x00, 0x00, 0x00, 0x00, 0x00, 0x00, 0x00, 
0x00, 0x00, 0x00, 0x00, 0x00, 0x00, 0x00, 0x00, 0x00, 0x00, 0x00, 0x00, 0x00, 0x00, 0x00, 0x00, 
0x00, 0x00, 0x00, 0x00, 0x00, 0x00, 0x00, 0x00, 0x00, 0x00, 0x00, 0x00, 0x00, 0x00, 0x00, 0x00, 
0x00, 0x00, 0x00, 0x00, 0x00, 0x00, 0x00, 0x00, 0x00, 0x00, 0x00, 0x00, 0x00, 0x00, 0x00, 0x00, 
0x00, 0x00, 0x00, 0x00, 0x00, 0x00, 0x00, 0x00, 0x00, 0x00, 0x00, 0x00, 0x00, 0x00, 0x00, 0x00, 
0xd0, 0x56, 0x00, 0x40, 0x01, 0x00, 0x00, 0x00, 0x00, 0x00, 0x00, 0x00, 0x00, 0x00, 0x00, 0x00, 
0xff, 0xff, 0xff, 0xff, 0xff, 0xff, 0xff, 0xff, 0x00, 0x00, 0x00, 0x00, 0x00, 0x00, 0x00, 0x00, 
0xff, 0xff, 0xff, 0xff, 0x00, 0x00, 0x00, 0x00, 0x00, 0x00, 0x00, 0x00, 0x00, 0x00, 0x00, 0x00, 
0xfe, 0xff, 0xff, 0xff, 0x00, 0x00, 0x00, 0x00, 0x00, 0x00, 0x00, 0x00, 0x00, 0x00, 0x00, 0x00, 
0x02, 0x00, 0x00, 0x00, 0x00, 0x00, 0x00, 0x00, 0x00, 0x00, 0x00, 0x00, 0x00, 0x00, 0x00, 0x00, 
0xff, 0xff, 0xff, 0xff, 0x00, 0x00, 0x00, 0x00, 0x00, 0x00, 0x00, 0x00, 0x00, 0x00, 0x00, 0x00, 
0x24, 0x00, 0x00, 0x00, 0x00, 0x00, 0x00, 0x00, 0x00, 0x00, 0x00, 0x00, 0x00, 0x00, 0x00, 0x00, 
0x80, 0x34, 0x00, 0x40, 0x01, 0x00, 0x00, 0x00, 0x00, 0x00, 0x00, 0x00, 0x00, 0x00, 0x00, 0x00, 
0x90, 0x34, 0x00, 0x40, 0x01, 0x00, 0x00, 0x00, 0x00, 0x00, 0x00, 0x00, 0x00, 0x00, 0x00, 0x00, 
0xd0, 0x34, 0x00, 0x40, 0x01, 0x00, 0x00, 0x00, 0x00, 0x00, 0x00, 0x00, 0x00, 0x00, 0x00, 0x00, 
0x90, 0x91, 0x00, 0x40, 0x01, 0x00, 0x00, 0x00, 0x00, 0x00, 0x00, 0x00, 0x00, 0x00, 0x00, 0x00, 
0x00, 0x00, 0x00, 0x00, 0x00, 0x00, 0x00, 0x00, 0x00, 0x00, 0x00, 0x00, 0x00, 0x00, 0x00, 0x00, 
0x00, 0x00, 0x00, 0x00, 0x00, 0x00, 0x00, 0x00, 0x00, 0x00, 0x00, 0x00, 0x00, 0x00, 0x00, 0x00, 
0x00, 0x00, 0x00, 0x00, 0x00, 0x00, 0x00, 0x00, 0x00, 0x00, 0x00, 0x00, 0x00, 0x00, 0x00, 0x00, 
0x00, 0x00, 0x00, 0x00, 0x00, 0x00, 0x00, 0x00, 0x00, 0x00, 0x00, 0x00, 0x00, 0x00, 0x00, 0x00, 
0x00, 0x00, 0x00, 0x00, 0x00, 0x00, 0x00, 0x00, 0x00, 0x00, 0x00, 0x00, 0x00, 0x00, 0x00, 0x00, 
0x00, 0x00, 0x00, 0x00, 0x00, 0x00, 0x00, 0x00, 0x00, 0x00, 0x00, 0x00, 0x00, 0x00, 0x00, 0x00, 
0x00, 0x00, 0x00, 0x00, 0x00, 0x00, 0x00, 0x00, 0x00, 0x00, 0x00, 0x00, 0x00, 0x00, 0x00, 0x00, 
0x00, 0x00, 0x00, 0x00, 0x00, 0x00, 0x00, 0x00, 0x00, 0x00, 0x00, 0x00, 0x00, 0x00, 0x00, 0x00, 
0x00, 0x00, 0x00, 0x00, 0x00, 0x00, 0x00, 0x00, 0x00, 0x00, 0x00, 0x00, 0x00, 0x00, 0x00, 0x00, 
0x00, 0x00, 0x00, 0x00, 0x00, 0x00, 0x00, 0x00, 0x00, 0x00, 0x00, 0x00, 0x00, 0x00, 0x00, 0x00, 
0x00, 0x00, 0x00, 0x00, 0x00, 0x00, 0x00, 0x00, 0x00, 0x00, 0x00, 0x00, 0x00, 0x00, 0x00, 0x00, 
0x00, 0x00, 0x00, 0x00, 0x00, 0x00, 0x00, 0x00, 0x00, 0x00, 0x00, 0x00, 0x00, 0x00, 0x00, 0x00, 
0x00, 0x00, 0x00, 0x00, 0x00, 0x00, 0x00, 0x00, 0x00, 0x00, 0x00, 0x00, 0x00, 0x00, 0x00, 0x00, 
0x00, 0x00, 0x00, 0x00, 0x00, 0x00, 0x00, 0x00, 0x00, 0x00, 0x00, 0x00, 0x00, 0x00, 0x00, 0x00, 
0x00, 0x00, 0x00, 0x00, 0x00, 0x00, 0x00, 0x00, 0x00, 0x00, 0x00, 0x00, 0x00, 0x00, 0x00, 0x00, 
0x00, 0x00, 0x00, 0x00, 0x00, 0x00, 0x00, 0x00, 0x00, 0x00, 0x00, 0x00, 0x00, 0x00, 0x00, 0x00, 
0x00, 0x00, 0x00, 0x00, 0x00, 0x00, 0x00, 0x00, 0x00, 0x00, 0x00, 0x00, 0x00, 0x00, 0x00, 0x00, 
0x00, 0x00, 0x00, 0x00, 0x00, 0x00, 0x00, 0x00, 0x00, 0x00, 0x00, 0x00, 0x00, 0x00, 0x00, 0x00, 
0x00, 0x00, 0x00, 0x00, 0x00, 0x00, 0x00, 0x00, 0x00, 0x00, 0x00, 0x00, 0x00, 0x00, 0x00, 0x00, 
0x6c, 0x69, 0x62, 0x67, 0x63, 0x63, 0x5f, 0x73, 0x5f, 0x64, 0x77, 0x32, 0x2d, 0x31, 0x2e, 0x64, 
0x6c, 0x6c, 0x00, 0x5f, 0x5f, 0x72, 0x65, 0x67, 0x69, 0x73, 0x74, 0x65, 0x72, 0x5f, 0x66, 0x72, 
0x61, 0x6d, 0x65, 0x5f, 0x69, 0x6e, 0x66, 0x6f, 0x00, 0x5f, 0x5f, 0x64, 0x65, 0x72, 0x65, 0x67, 
0x69, 0x73, 0x74, 0x65, 0x72, 0x5f, 0x66, 0x72, 0x61, 0x6d, 0x65, 0x5f, 0x69, 0x6e, 0x66, 0x6f, 
0x00, 0x00, 0x00, 0x00, 0x00, 0x00, 0x00, 0x00, 0x00, 0x00, 0x00, 0x00, 0x00, 0x00, 0x00, 0x00, 
0x46, 0x00, 0x61, 0x00, 0x69, 0x00, 0x6c, 0x00, 0x65, 0x00, 0x64, 0x00, 0x20, 0x00, 0x74, 0x00, 
0x6f, 0x00, 0x20, 0x00, 0x73, 0x00, 0x74, 0x00, 0x61, 0x00, 0x72, 0x00, 0x74, 0x00, 0x3a, 0x00, 
0x0a, 0x00, 0x25, 0x00, 0x73, 0x00, 0x0a, 0x00, 0x0a, 0x00, 0x45, 0x00, 0x72, 0x00, 0x72, 0x00, 
0x6f, 0x00, 0x72, 0x00, 0x3a, 0x00, 0x20, 0x00, 0x25, 0x00, 0x6c, 0x00, 0x75, 0x00, 0x00, 0x00, 
0x2e, 0x00, 0x63, 0x00, 0x6d, 0x00, 0x64, 0x00, 0x00, 0x00, 0x63, 0x00, 0x6d, 0x00, 0x64, 0x00, 
0x2e, 0x00, 0x65, 0x00, 0x78, 0x00, 0x65, 0x00, 0x20, 0x00, 0x2f, 0x00, 0x63, 0x00, 0x20, 0x00, 
0x22, 0x00, 0x22, 0x00, 0x00, 0x00, 0x22, 0x00, 0x00, 0x00, 0x2e, 0x00, 0x62, 0x00, 0x61, 0x00, 
0x74, 0x00, 0x00, 0x00, 0x20, 0x00, 0x22, 0x00, 0x00, 0x00, 0x6f, 0x00, 0x70, 0x00, 0x65, 0x00, 
0x6e, 0x00, 0x69, 0x00, 0x6e, 0x00, 0x00, 0x00, 0x00, 0x00, 0x00, 0x00, 0x00, 0x00, 0x00, 0x00, 
0x00, 0xb0, 0x00, 0x40, 0x01, 0x00, 0x00, 0x00, 0x08, 0xb0, 0x00, 0x40, 0x01, 0x00, 0x00, 0x00, 
0xb0, 0x90, 0x00, 0x40, 0x01, 0x00, 0x00, 0x00, 0x00, 0x57, 0x00, 0x40, 0x01, 0x00, 0x00, 0x00, 
0x00, 0x00, 0x00, 0x00, 0x00, 0x00, 0x00, 0x00, 0x90, 0x1b, 0x00, 0x40, 0x01, 0x00, 0x00, 0x00, 
0x00, 0x00, 0x00, 0x00, 0x00, 0x00, 0x00, 0x00, 0x00, 0x00, 0x00, 0x00, 0x00, 0x00, 0x00, 0x00, 
0x41, 0x72, 0x67, 0x75, 0x6d, 0x65, 0x6e, 0x74, 0x20, 0x64, 0x6f, 0x6d, 0x61, 0x69, 0x6e, 0x20, 
0x65, 0x72, 0x72, 0x6f, 0x72, 0x20, 0x28, 0x44, 0x4f, 0x4d, 0x41, 0x49, 0x4e, 0x29, 0x00, 0x41, 
0x72, 0x67, 0x75, 0x6d, 0x65, 0x6e, 0x74, 0x20, 0x73, 0x69, 0x6e, 0x67, 0x75, 0x6c, 0x61, 0x72, 
0x69, 0x74, 0x79, 0x20, 0x28, 0x53, 0x49, 0x47, 0x4e, 0x29, 0x00, 0x00, 0x00, 0x00, 0x00, 0x00, 
0x4f, 0x76, 0x65, 0x72, 0x66, 0x6c, 0x6f, 0x77, 0x20, 0x72, 0x61, 0x6e, 0x67, 0x65, 0x20, 0x65, 
0x72, 0x72, 0x6f, 0x72, 0x20, 0x28, 0x4f, 0x56, 0x45, 0x52, 0x46, 0x4c, 0x4f, 0x57, 0x29, 0x00, 
0x50, 0x61, 0x72, 0x74, 0x69, 0x61, 0x6c, 0x20, 0x6c, 0x6f, 0x73, 0x73, 0x20, 0x6f, 0x66, 0x20, 
0x73, 0x69, 0x67, 0x6e, 0x69, 0x66, 0x69, 0x63, 0x61, 0x6e, 0x63, 0x65, 0x20, 0x28, 0x50, 0x4c, 
0x4f, 0x53, 0x53, 0x29, 0x00, 0x00, 0x00, 0x00, 0x54, 0x6f, 0x74, 0x61, 0x6c, 0x20, 0x6c, 0x6f, 
0x73, 0x73, 0x20, 0x6f, 0x66, 0x20, 0x73, 0x69, 0x67, 0x6e, 0x69, 0x66, 0x69, 0x63, 0x61, 0x6e, 
0x63, 0x65, 0x20, 0x28, 0x54, 0x4c, 0x4f, 0x53, 0x53, 0x29, 0x00, 0x00, 0x00, 0x00, 0x00, 0x00, 
0x54, 0x68, 0x65, 0x20, 0x72, 0x65, 0x73, 0x75, 0x6c, 0x74, 0x20, 0x69, 0x73, 0x20, 0x74, 0x6f, 
0x6f, 0x20, 0x73, 0x6d, 0x61, 0x6c, 0x6c, 0x20, 0x74, 0x6f, 0x20, 0x62, 0x65, 0x20, 0x72, 0x65, 
0x70, 0x72, 0x65, 0x73, 0x65, 0x6e, 0x74, 0x65, 0x64, 0x20, 0x28, 0x55, 0x4e, 0x44, 0x45, 0x52, 
0x46, 0x4c, 0x4f, 0x57, 0x29, 0x00, 0x55, 0x6e, 0x6b, 0x6e, 0x6f, 0x77, 0x6e, 0x20, 0x65, 0x72, 
0x72, 0x6f, 0x72, 0x00, 0x00, 0x00, 0x00, 0x00, 0x5f, 0x6d, 0x61, 0x74, 0x68, 0x65, 0x72, 0x72, 
0x28, 0x29, 0x3a, 0x20, 0x25, 0x73, 0x20, 0x69, 0x6e, 0x20, 0x25, 0x73, 0x28, 0x25, 0x67, 0x2c, 
0x20, 0x25, 0x67, 0x29, 0x20, 0x20, 0x28, 0x72, 0x65, 0x74, 0x76, 0x61, 0x6c, 0x3d, 0x25, 0x67, 
0x29, 0x0a, 0x00, 0x00, 0x00, 0x00, 0x00, 0x00, 0x00, 0x00, 0x00, 0x00, 0x00, 0x00, 0x00, 0x00, 
0x4d, 0x69, 0x6e, 0x67, 0x77, 0x2d, 0x77, 0x36, 0x34, 0x20, 0x72, 0x75, 0x6e, 0x74, 0x69, 0x6d, 
0x65, 0x20, 0x66, 0x61, 0x69, 0x6c, 0x75, 0x72, 0x65, 0x3a, 0x0a, 0x00, 0x00, 0x00, 0x00, 0x00, 
0x41, 0x64, 0x64, 0x72, 0x65, 0x73, 0x73, 0x20, 0x25, 0x70, 0x20, 0x68, 0x61, 0x73, 0x20, 0x6e, 
0x6f, 0x20, 0x69, 0x6d, 0x61, 0x67, 0x65, 0x2d, 0x73, 0x65, 0x63, 0x74, 0x69, 0x6f, 0x6e, 0x00, 
0x20, 0x20, 0x56, 0x69, 0x72, 0x74, 0x75, 0x61, 0x6c, 0x51, 0x75, 0x65, 0x72, 0x79, 0x20, 0x66, 
0x61, 0x69, 0x6c, 0x65, 0x64, 0x20, 0x66, 0x6f, 0x72, 0x20, 0x25, 0x64, 0x20, 0x62, 0x79, 0x74, 
0x65, 0x73, 0x20, 0x61, 0x74, 0x20, 0x61, 0x64, 0x64, 0x72, 0x65, 0x73, 0x73, 0x20, 0x25, 0x70, 
0x00, 0x00, 0x00, 0x00, 0x00, 0x00, 0x00, 0x00, 0x20, 0x20, 0x56, 0x69, 0x72, 0x74, 0x75, 0x61, 
0x6c, 0x50, 0x72, 0x6f, 0x74, 0x65, 0x63, 0x74, 0x20, 0x66, 0x61, 0x69, 0x6c, 0x65, 0x64, 0x20, 
0x77, 0x69, 0x74, 0x68, 0x20, 0x63, 0x6f, 0x64, 0x65, 0x20, 0x30, 0x78, 0x25, 0x78, 0x00, 0x00, 
0x20, 0x20, 0x55, 0x6e, 0x6b, 0x6e, 0x6f, 0x77, 0x6e, 0x20, 0x70, 0x73, 0x65, 0x75, 0x64, 0x6f, 
0x20, 0x72, 0x65, 0x6c, 0x6f, 0x63, 0x61, 0x74, 0x69, 0x6f, 0x6e, 0x20, 0x70, 0x72, 0x6f, 0x74, 
0x6f, 0x63, 0x6f, 0x6c, 0x20, 0x76, 0x65, 0x72, 0x73, 0x69, 0x6f, 0x6e, 0x20, 0x25, 0x64, 0x2e, 
0x0a, 0x00, 0x00, 0x00, 0x00, 0x00, 0x00, 0x00, 0x20, 0x20, 0x55, 0x6e, 0x6b, 0x6e, 0x6f, 0x77, 
0x6e, 0x20, 0x70, 0x73, 0x65, 0x75, 0x64, 0x6f, 0x20, 0x72, 0x65, 0x6c, 0x6f, 0x63, 0x61, 0x74, 
0x69, 0x6f, 0x6e, 0x20, 0x62, 0x69, 0x74, 0x20, 0x73, 0x69, 0x7a, 0x65, 0x20, 0x25, 0x64, 0x2e, 
0x0a, 0x00, 0x00, 0x00, 0x00, 0x00, 0x00, 0x00, 0x25, 0x64, 0x20, 0x62, 0x69, 0x74, 0x20, 0x70, 
0x73, 0x65, 0x75, 0x64, 0x6f, 0x20, 0x72, 0x65, 0x6c, 0x6f, 0x63, 0x61, 0x74, 0x69, 0x6f, 0x6e, 
0x20, 0x61, 0x74, 0x20, 0x25, 0x70, 0x20, 0x6f, 0x75, 0x74, 0x20, 0x6f, 0x66, 0x20, 0x72, 0x61, 
0x6e, 0x67, 0x65, 0x2c, 0x20, 0x74, 0x61, 0x72, 0x67, 0x65, 0x74, 0x69, 0x6e, 0x67, 0x20, 0x25, 
0x70, 0x2c, 0x20, 0x79, 0x69, 0x65, 0x6c, 0x64, 0x69, 0x6e, 0x67, 0x20, 0x74, 0x68, 0x65, 0x20, 
0x76, 0x61, 0x6c, 0x75, 0x65, 0x20, 0x25, 0x70, 0x2e, 0x0a, 0x00, 0x00, 0x00, 0x00, 0x00, 0x00, 
0x72, 0x75, 0x6e, 0x74, 0x69, 0x6d, 0x65, 0x20, 0x65, 0x72, 0x72, 0x6f, 0x72, 0x20, 0x25, 0x64, 
0x0a, 0x00, 0x00, 0x00, 0x00, 0x00, 0x00, 0x00, 0x00, 0x00, 0x00, 0x00, 0x00, 0x00, 0x00, 0x00, 
0x60, 0x48, 0x00, 0x40, 0x01, 0x00, 0x00, 0x00, 0x00, 0x00, 0x00, 0x00, 0x00, 0x00, 0x00, 0x00, 
0x70, 0x48, 0x00, 0x40, 0x01, 0x00, 0x00, 0x00, 0x00, 0x00, 0x00, 0x00, 0x00, 0x00, 0x00, 0x00, 
0xb0, 0x56, 0x00, 0x40, 0x01, 0x00, 0x00, 0x00, 0x00, 0x00, 0x00, 0x00, 0x00, 0x00, 0x00, 0x00, 
0x00, 0x00, 0x00, 0x40, 0x01, 0x00, 0x00, 0x00, 0x00, 0x00, 0x00, 0x00, 0x00, 0x00, 0x00, 0x00, 
0xb0, 0x56, 0x00, 0x40, 0x01, 0x00, 0x00, 0x00, 0x00, 0x00, 0x00, 0x00, 0x00, 0x00, 0x00, 0x00, 
0xb0, 0x56, 0x00, 0x40, 0x01, 0x00, 0x00, 0x00, 0x00, 0x00, 0x00, 0x00, 0x00, 0x00, 0x00, 0x00, 
0x08, 0x51, 0x00, 0x40, 0x01, 0x00, 0x00, 0x00, 0x00, 0x00, 0x00, 0x00, 0x00, 0x00, 0x00, 0x00, 
0x50, 0x48, 0x00, 0x40, 0x01, 0x00, 0x00, 0x00, 0x00, 0x00, 0x00, 0x00, 0x00, 0x00, 0x00, 0x00, 
0xc0, 0x48, 0x00, 0x40, 0x01, 0x00, 0x00, 0x00, 0x00, 0x00, 0x00, 0x00, 0x00, 0x00, 0x00, 0x00, 
0xd0, 0x90, 0x00, 0x40, 0x01, 0x00, 0x00, 0x00, 0x00, 0x00, 0x00, 0x00, 0x00, 0x00, 0x00, 0x00, 
0xb4, 0x90, 0x00, 0x40, 0x01, 0x00, 0x00, 0x00, 0x00, 0x00, 0x00, 0x00, 0x00, 0x00, 0x00, 0x00, 
0xb8, 0x90, 0x00, 0x40, 0x01, 0x00, 0x00, 0x00, 0x00, 0x00, 0x00, 0x00, 0x00, 0x00, 0x00, 0x00, 
0xbc, 0x90, 0x00, 0x40, 0x01, 0x00, 0x00, 0x00, 0x00, 0x00, 0x00, 0x00, 0x00, 0x00, 0x00, 0x00, 
0x10, 0x91, 0x00, 0x40, 0x01, 0x00, 0x00, 0x00, 0x00, 0x00, 0x00, 0x00, 0x00, 0x00, 0x00, 0x00, 
0x98, 0x90, 0x00, 0x40, 0x01, 0x00, 0x00, 0x00, 0x00, 0x00, 0x00, 0x00, 0x00, 0x00, 0x00, 0x00, 
0x90, 0x90, 0x00, 0x40, 0x01, 0x00, 0x00, 0x00, 0x00, 0x00, 0x00, 0x00, 0x00, 0x00, 0x00, 0x00, 
0xd8, 0x56, 0x00, 0x40, 0x01, 0x00, 0x00, 0x00, 0x00, 0x00, 0x00, 0x00, 0x00, 0x00, 0x00, 0x00, 
0xe0, 0x56, 0x00, 0x40, 0x01, 0x00, 0x00, 0x00, 0x00, 0x00, 0x00, 0x00, 0x00, 0x00, 0x00, 0x00, 
0xe8, 0x56, 0x00, 0x40, 0x01, 0x00, 0x00, 0x00, 0x00, 0x00, 0x00, 0x00, 0x00, 0x00, 0x00, 0x00, 
0xf0, 0x56, 0x00, 0x40, 0x01, 0x00, 0x00, 0x00, 0x00, 0x00, 0x00, 0x00, 0x00, 0x00, 0x00, 0x00, 
0xc0, 0x90, 0x00, 0x40, 0x01, 0x00, 0x00, 0x00, 0x00, 0x00, 0x00, 0x00, 0x00, 0x00, 0x00, 0x00, 
0x40, 0x48, 0x00, 0x40, 0x01, 0x00, 0x00, 0x00, 0x00, 0x00, 0x00, 0x00, 0x00, 0x00, 0x00, 0x00, 
0x00, 0x91, 0x00, 0x40, 0x01, 0x00, 0x00, 0x00, 0x00, 0x00, 0x00, 0x00, 0x00, 0x00, 0x00, 0x00, 
0x5a, 0x29, 0x00, 0x40, 0x01, 0x00, 0x00, 0x00, 0x00, 0x00, 0x00, 0x00, 0x00, 0x00, 0x00, 0x00, 
0x90, 0x1c, 0x00, 0x40, 0x01, 0x00, 0x00, 0x00, 0x00, 0x00, 0x00, 0x00, 0x00, 0x00, 0x00, 0x00, 
0xa0, 0x90, 0x00, 0x40, 0x01, 0x00, 0x00, 0x00, 0x00, 0x00, 0x00, 0x00, 0x00, 0x00, 0x00, 0x00, 
0x47, 0x43, 0x43, 0x3a, 0x20, 0x28, 0x4d, 0x69, 0x6e, 0x47, 0x57, 0x2d, 0x57, 0x36, 0x34, 0x20, 
0x78, 0x38, 0x36, 0x5f, 0x36, 0x34, 0x2d, 0x75, 0x63, 0x72, 0x74, 0x2d, 0x70, 0x6f, 0x73, 0x69, 
0x78, 0x2d, 0x73, 0x65, 0x68, 0x2c, 0x20, 0x62, 0x75, 0x69, 0x6c, 0x74, 0x20, 0x62, 0x79, 0x20, 
0x42, 0x72, 0x65, 0x63, 0x68, 0x74, 0x20, 0x53, 0x61, 0x6e, 0x64, 0x65, 0x72, 0x73, 0x2c, 0x20, 
0x72, 0x32, 0x29, 0x20, 0x31, 0x36, 0x2e, 0x31, 0x2e, 0x30, 0x00, 0x00, 0x00, 0x00, 0x00, 0x00, 
0x47, 0x43, 0x43, 0x3a, 0x20, 0x28, 0x4d, 0x69, 0x6e, 0x47, 0x57, 0x2d, 0x57, 0x36, 0x34, 0x20, 
0x78, 0x38, 0x36, 0x5f, 0x36, 0x34, 0x2d, 0x75, 0x63, 0x72, 0x74, 0x2d, 0x70, 0x6f, 0x73, 0x69, 
0x78, 0x2d, 0x73, 0x65, 0x68, 0x2c, 0x20, 0x62, 0x75, 0x69, 0x6c, 0x74, 0x20, 0x62, 0x79, 0x20, 
0x42, 0x72, 0x65, 0x63, 0x68, 0x74, 0x20, 0x53, 0x61, 0x6e, 0x64, 0x65, 0x72, 0x73, 0x2c, 0x20, 
0x72, 0x32, 0x29, 0x20, 0x31, 0x36, 0x2e, 0x31, 0x2e, 0x30, 0x00, 0x00, 0x00, 0x00, 0x00, 0x00, 
0x47, 0x43, 0x43, 0x3a, 0x20, 0x28, 0x4d, 0x69, 0x6e, 0x47, 0x57, 0x2d, 0x57, 0x36, 0x34, 0x20, 
0x78, 0x38, 0x36, 0x5f, 0x36, 0x34, 0x2d, 0x75, 0x63, 0x72, 0x74, 0x2d, 0x70, 0x6f, 0x73, 0x69, 
0x78, 0x2d, 0x73, 0x65, 0x68, 0x2c, 0x20, 0x62, 0x75, 0x69, 0x6c, 0x74, 0x20, 0x62, 0x79, 0x20, 
0x42, 0x72, 0x65, 0x63, 0x68, 0x74, 0x20, 0x53, 0x61, 0x6e, 0x64, 0x65, 0x72, 0x73, 0x2c, 0x20, 
0x72, 0x32, 0x29, 0x20, 0x31, 0x36, 0x2e, 0x31, 0x2e, 0x30, 0x00, 0x00, 0x00, 0x00, 0x00, 0x00, 
0x47, 0x43, 0x43, 0x3a, 0x20, 0x28, 0x4d, 0x69, 0x6e, 0x47, 0x57, 0x2d, 0x57, 0x36, 0x34, 0x20, 
0x78, 0x38, 0x36, 0x5f, 0x36, 0x34, 0x2d, 0x75, 0x63, 0x72, 0x74, 0x2d, 0x70, 0x6f, 0x73, 0x69, 
0x78, 0x2d, 0x73, 0x65, 0x68, 0x2c, 0x20, 0x62, 0x75, 0x69, 0x6c, 0x74, 0x20, 0x62, 0x79, 0x20, 
0x42, 0x72, 0x65, 0x63, 0x68, 0x74, 0x20, 0x53, 0x61, 0x6e, 0x64, 0x65, 0x72, 0x73, 0x2c, 0x20, 
0x72, 0x32, 0x29, 0x20, 0x31, 0x36, 0x2e, 0x31, 0x2e, 0x30, 0x00, 0x00, 0x00, 0x00, 0x00, 0x00, 
0xff, 0xff, 0xff, 0xff, 0xff, 0xff, 0xff, 0xff, 0x30, 0x37, 0x00, 0x40, 0x01, 0x00, 0x00, 0x00, 
0x00, 0x00, 0x00, 0x00, 0x00, 0x00, 0x00, 0x00, 0xff, 0xff, 0xff, 0xff, 0xff, 0xff, 0xff, 0xff, 
0x00, 0x00, 0x00, 0x00, 0x00, 0x00, 0x00, 0x00, 0x00, 0x00, 0x00, 0x00, 0x00, 0x00, 0x00, 0x00, 
0x00, 0x00, 0x00, 0x00, 0x00, 0x00, 0x00, 0x00, 0x00, 0x00, 0x00, 0x00, 0x00, 0x00, 0x00, 0x00, 
0x00, 0x00, 0x00, 0x00, 0x00, 0x00, 0x00, 0x00, 0x00, 0x00, 0x00, 0x00, 0x00, 0x00, 0x00, 0x00, 
0x90, 0x1b, 0x00, 0x40, 0x01, 0x00, 0x00, 0x00, 0x49, 0x1c, 0x00, 0x40, 0x01, 0x00, 0x00, 0x00, 
0x00, 0x00, 0x00, 0x00, 0x00, 0x00, 0x00, 0x00, 0x00, 0x00, 0x00, 0x00, 0x00, 0x00, 0x00, 0x00, 
0x00, 0x00, 0x00, 0x00, 0x00, 0x00, 0x00, 0x00, 0x00, 0x00, 0x00, 0x00, 0x00, 0x00, 0x00, 0x00, 
0x00, 0x00, 0x00, 0x00, 0x00, 0x00, 0x00, 0x00, 0x00, 0x00, 0x00, 0x00, 0x00, 0x00, 0x00, 0x00, 
0x00, 0x00, 0x00, 0x00, 0x00, 0x00, 0x00, 0x00, 0x00, 0x00, 0x00, 0x00, 0x00, 0x00, 0x00, 0x00, 
0x00, 0x00, 0x00, 0x00, 0x00, 0x00, 0x00, 0x00, 0x00, 0x00, 0x00, 0x00, 0x00, 0x00, 0x00, 0x00, 
0x00, 0x00, 0x00, 0x00, 0x00, 0x00, 0x00, 0x00, 0x00, 0x00, 0x00, 0x00, 0x00, 0x00, 0x00, 0x00, 
0x00, 0x00, 0x00, 0x00, 0x00, 0x00, 0x00, 0x00, 0x00, 0x00, 0x00, 0x00, 0x00, 0x00, 0x00, 0x00, 
0x00, 0x00, 0x00, 0x00, 0x00, 0x00, 0x00, 0x00, 0x00, 0x00, 0x00, 0x00, 0x00, 0x00, 0x00, 0x00, 
0x00, 0x00, 0x00, 0x00, 0x00, 0x00, 0x00, 0x00, 0x00, 0x00, 0x00, 0x00, 0x00, 0x00, 0x00, 0x00, 
0x00, 0x00, 0x00, 0x00, 0x00, 0x00, 0x00, 0x00, 0x00, 0x00, 0x00, 0x00, 0x00, 0x00, 0x00, 0x00, 
0x00, 0x00, 0x00, 0x00, 0x00, 0x00, 0x00, 0x00, 0x00, 0x00, 0x00, 0x00, 0x00, 0x00, 0x00, 0x00, 
0x00, 0x00, 0x00, 0x00, 0x00, 0x00, 0x00, 0x00, 0x00, 0x00, 0x00, 0x00, 0x00, 0x00, 0x00, 0x00, 
0x00, 0x00, 0x00, 0x00, 0x00, 0x00, 0x00, 0x00, 0x00, 0x00, 0x00, 0x00, 0x00, 0x00, 0x00, 0x00, 
0x00, 0x00, 0x00, 0x00, 0x00, 0x00, 0x00, 0x00, 0x00, 0x00, 0x00, 0x00, 0x00, 0x00, 0x00, 0x00, 
0x00, 0x00, 0x00, 0x00, 0x00, 0x00, 0x00, 0x00, 0x00, 0x00, 0x00, 0x00, 0x00, 0x00, 0x00, 0x00, 
0x00, 0x00, 0x00, 0x00, 0x00, 0x00, 0x00, 0x00, 0x00, 0x00, 0x00, 0x00, 0x00, 0x00, 0x00, 0x00, 
0x00, 0x00, 0x00, 0x00, 0x00, 0x00, 0x00, 0x00, 0x00, 0x00, 0x00, 0x00, 0x00, 0x00, 0x00, 0x00, 
0x00, 0x00, 0x00, 0x00, 0x00, 0x00, 0x00, 0x00, 0x00, 0x00, 0x00, 0x00, 0x00, 0x00, 0x00, 0x00, 
0x00, 0x00, 0x00, 0x00, 0x00, 0x00, 0x00, 0x00, 0x00, 0x00, 0x00, 0x00, 0x00, 0x00, 0x00, 0x00, 
0x00, 0x00, 0x00, 0x00, 0x00, 0x00, 0x00, 0x00, 0x00, 0x00, 0x00, 0x00, 0x00, 0x00, 0x00, 0x00, 
0x00, 0x00, 0x00, 0x00, 0x00, 0x00, 0x00, 0x00, 0x00, 0x00, 0x00, 0x00, 0x00, 0x00, 0x00, 0x00, 
0x00, 0x00, 0x00, 0x00, 0x00, 0x00, 0x00, 0x00, 0x00, 0x00, 0x00, 0x00, 0x00, 0x00, 0x00, 0x00, 
0x00, 0x00, 0x00, 0x00, 0x00, 0x00, 0x00, 0x00, 0x00, 0x00, 0x00, 0x00, 0x00, 0x00, 0x00, 0x00, 
0x00, 0x00, 0x00, 0x00, 0x00, 0x00, 0x00, 0x00, 0x00, 0x00, 0x00, 0x00, 0x00, 0x00, 0x00, 0x00, 
0x00, 0x00, 0x00, 0x00, 0x00, 0x00, 0x00, 0x00, 0x00, 0x00, 0x00, 0x00, 0x00, 0x00, 0x00, 0x00, 
0x00, 0x00, 0x00, 0x00, 0x00, 0x00, 0x00, 0x00, 0x00, 0x00, 0x00, 0x00, 0x00, 0x00, 0x00, 0x00, 
0x00, 0x00, 0x00, 0x00, 0x00, 0x00, 0x00, 0x00, 0x00, 0x00, 0x00, 0x00, 0x00, 0x00, 0x00, 0x00, 
0x00, 0x00, 0x00, 0x00, 0x00, 0x00, 0x00, 0x00, 0x00, 0x00, 0x00, 0x00, 0x00, 0x00, 0x00, 0x00, 
0x00, 0x00, 0x00, 0x00, 0x00, 0x00, 0x00, 0x00, 0x00, 0x00, 0x00, 0x00, 0x00, 0x00, 0x00, 0x00, 
0x00, 0x00, 0x00, 0x00, 0x00, 0x00, 0x00, 0x00, 0x00, 0x00, 0x00, 0x00, 0x00, 0x00, 0x00, 0x00, 
0x00, 0x00, 0x00, 0x00, 0x00, 0x00, 0x00, 0x00, 0x00, 0x00, 0x00, 0x00, 0x00, 0x00, 0x00, 0x00, 
0x00, 0x00, 0x00, 0x00, 0x00, 0x00, 0x00, 0x00, 0x00, 0x00, 0x00, 0x00, 0x00, 0x00, 0x00, 0x00, 
0x00, 0x00, 0x00, 0x00, 0x00, 0x00, 0x00, 0x00, 0x00, 0x00, 0x00, 0x00, 0x00, 0x00, 0x00, 0x00, 
0x00, 0x00, 0x00, 0x00, 0x00, 0x00, 0x00, 0x00, 0x00, 0x00, 0x00, 0x00, 0x00, 0x00, 0x00, 0x00, 
0x00, 0x00, 0x00, 0x00, 0x00, 0x00, 0x00, 0x00, 0x00, 0x00, 0x00, 0x00, 0x00, 0x00, 0x00, 0x00, 
0x00, 0x00, 0x00, 0x00, 0x00, 0x00, 0x00, 0x00, 0x00, 0x00, 0x00, 0x00, 0x00, 0x00, 0x00, 0x00, 
0x00, 0x00, 0x00, 0x00, 0x00, 0x00, 0x00, 0x00, 0x00, 0x00, 0x00, 0x00, 0x00, 0x00, 0x00, 0x00, 
0x00, 0x00, 0x00, 0x00, 0x00, 0x00, 0x00, 0x00, 0x00, 0x00, 0x00, 0x00, 0x00, 0x00, 0x00, 0x00, 
0x00, 0x00, 0x00, 0x00, 0x00, 0x00, 0x00, 0x00, 0x00, 0x00, 0x00, 0x00, 0x00, 0x00, 0x00, 0x00, 
0x00, 0x00, 0x00, 0x00, 0x00, 0x00, 0x00, 0x00, 0x00, 0x00, 0x00, 0x00, 0x00, 0x00, 0x00, 0x00, 
0x00, 0x00, 0x00, 0x00, 0x00, 0x00, 0x00, 0x00, 0x00, 0x00, 0x00, 0x00, 0x00, 0x00, 0x00, 0x00, 
0x00, 0x00, 0x00, 0x00, 0x00, 0x00, 0x00, 0x00, 0x00, 0x00, 0x00, 0x00, 0x00, 0x00, 0x00, 0x00, 
0x00, 0x00, 0x00, 0x00, 0x00, 0x00, 0x00, 0x00, 0x00, 0x00, 0x00, 0x00, 0x00, 0x00, 0x00, 0x00, 
0x00, 0x00, 0x00, 0x00, 0x00, 0x00, 0x00, 0x00, 0x00, 0x00, 0x00, 0x00, 0x00, 0x00, 0x00, 0x00, 
0x00, 0x00, 0x00, 0x00, 0x00, 0x00, 0x00, 0x00, 0x00, 0x00, 0x00, 0x00, 0x00, 0x00, 0x00, 0x00, 
0x00, 0x00, 0x00, 0x00, 0x00, 0x00, 0x00, 0x00, 0x00, 0x00, 0x00, 0x00, 0x00, 0x00, 0x00, 0x00, 
0x00, 0x00, 0x00, 0x00, 0x00, 0x00, 0x00, 0x00, 0x00, 0x00, 0x00, 0x00, 0x00, 0x00, 0x00, 0x00, 
0x00, 0x10, 0x00, 0x00, 0x17, 0x10, 0x00, 0x00, 0x00, 0x80, 0x00, 0x00, 0x17, 0x10, 0x00, 0x00, 
0x30, 0x10, 0x00, 0x00, 0x08, 0x80, 0x00, 0x00, 0x30, 0x10, 0x00, 0x00, 0x5f, 0x10, 0x00, 0x00, 
0x14, 0x80, 0x00, 0x00, 0x5f, 0x10, 0x00, 0x00, 0x8e, 0x10, 0x00, 0x00, 0x38, 0x80, 0x00, 0x00, 
0x8e, 0x10, 0x00, 0x00, 0xec, 0x13, 0x00, 0x00, 0x5c, 0x80, 0x00, 0x00, 0xec, 0x13, 0x00, 0x00, 
0xf0, 0x14, 0x00, 0x00, 0x68, 0x80, 0x00, 0x00, 0xf0, 0x14, 0x00, 0x00, 0x32, 0x16, 0x00, 0x00, 
0x74, 0x80, 0x00, 0x00, 0x32, 0x16, 0x00, 0x00, 0x50, 0x16, 0x00, 0x00, 0x80, 0x80, 0x00, 0x00, 
0x50, 0x16, 0x00, 0x00, 0x51, 0x16, 0x00, 0x00, 0x8c, 0x80, 0x00, 0x00, 0x60, 0x16, 0x00, 0x00, 
0x63, 0x16, 0x00, 0x00, 0x90, 0x80, 0x00, 0x00, 0x70, 0x16, 0x00, 0x00, 0x17, 0x17, 0x00, 0x00, 
0x94, 0x80, 0x00, 0x00, 0x20, 0x17, 0x00, 0x00, 0x5e, 0x17, 0x00, 0x00, 0xa0, 0x80, 0x00, 0x00, 
0x60, 0x17, 0x00, 0x00, 0xb3, 0x17, 0x00, 0x00, 0xac, 0x80, 0x00, 0x00, 0xc0, 0x17, 0x00, 0x00, 
0xa5, 0x1a, 0x00, 0x00, 0xb8, 0x80, 0x00, 0x00, 0xb0, 0x1a, 0x00, 0x00, 0xef, 0x1a, 0x00, 0x00, 
0xcc, 0x80, 0x00, 0x00, 0xef, 0x1a, 0x00, 0x00, 0x67, 0x1b, 0x00, 0x00, 0xd8, 0x80, 0x00, 0x00, 
0x67, 0x1b, 0x00, 0x00, 0x8f, 0x1b, 0x00, 0x00, 0xe4, 0x80, 0x00, 0x00, 0x90, 0x1b, 0x00, 0x00, 
0x2c, 0x1c, 0x00, 0x00, 0xf0, 0x80, 0x00, 0x00, 0x2c, 0x1c, 0x00, 0x00, 0x49, 0x1c, 0x00, 0x00, 
0xfc, 0x80, 0x00, 0x00, 0x49, 0x1c, 0x00, 0x00, 0x87, 0x1c, 0x00, 0x00, 0x04, 0x81, 0x00, 0x00, 
0x90, 0x1c, 0x00, 0x00, 0xbc, 0x1d, 0x00, 0x00, 0x10, 0x81, 0x00, 0x00, 0xc0, 0x1d, 0x00, 0x00, 
0xcb, 0x1d, 0x00, 0x00, 0x2c, 0x81, 0x00, 0x00, 0xd0, 0x1d, 0x00, 0x00, 0x35, 0x1e, 0x00, 0x00, 
0x34, 0x81, 0x00, 0x00, 0x35, 0x1e, 0x00, 0x00, 0x13, 0x21, 0x00, 0x00, 0x40, 0x81, 0x00, 0x00, 
0x13, 0x21, 0x00, 0x00, 0xeb, 0x21, 0x00, 0x00, 0x4c, 0x81, 0x00, 0x00, 0xeb, 0x21, 0x00, 0x00, 
0x32, 0x22, 0x00, 0x00, 0x58, 0x81, 0x00, 0x00, 0x32, 0x22, 0x00, 0x00, 0xb0, 0x25, 0x00, 0x00, 
0x64, 0x81, 0x00, 0x00, 0xb0, 0x25, 0x00, 0x00, 0x54, 0x26, 0x00, 0x00, 0x70, 0x81, 0x00, 0x00, 
0x60, 0x26, 0x00, 0x00, 0xca, 0x26, 0x00, 0x00, 0x7c, 0x81, 0x00, 0x00, 0xca, 0x26, 0x00, 0x00, 
0xf4, 0x26, 0x00, 0x00, 0x88, 0x81, 0x00, 0x00, 0x00, 0x27, 0x00, 0x00, 0x5a, 0x29, 0x00, 0x00, 
0x94, 0x81, 0x00, 0x00, 0x5a, 0x29, 0x00, 0x00, 0xbe, 0x2b, 0x00, 0x00, 0xa0, 0x81, 0x00, 0x00, 
0xc0, 0x2b, 0x00, 0x00, 0x61, 0x2c, 0x00, 0x00, 0xac, 0x81, 0x00, 0x00, 0x61, 0x2c, 0x00, 0x00, 
0x22, 0x2d, 0x00, 0x00, 0xb8, 0x81, 0x00, 0x00, 0x22, 0x2d, 0x00, 0x00, 0xc1, 0x2d, 0x00, 0x00, 
0xc4, 0x81, 0x00, 0x00, 0xc1, 0x2d, 0x00, 0x00, 0xbd, 0x2e, 0x00, 0x00, 0xd0, 0x81, 0x00, 0x00, 
0xc0, 0x2e, 0x00, 0x00, 0xc9, 0x2e, 0x00, 0x00, 0xdc, 0x81, 0x00, 0x00, 0xd0, 0x2e, 0x00, 0x00, 
0x4c, 0x2f, 0x00, 0x00, 0xe4, 0x81, 0x00, 0x00, 0x4c, 0x2f, 0x00, 0x00, 0xe5, 0x2f, 0x00, 0x00, 
0xf0, 0x81, 0x00, 0x00, 0xe5, 0x2f, 0x00, 0x00, 0xab, 0x30, 0x00, 0x00, 0xfc, 0x81, 0x00, 0x00, 
0xab, 0x30, 0x00, 0x00, 0xfb, 0x30, 0x00, 0x00, 0x08, 0x82, 0x00, 0x00, 0xfb, 0x30, 0x00, 0x00, 
0x4b, 0x31, 0x00, 0x00, 0x14, 0x82, 0x00, 0x00, 0x4b, 0x31, 0x00, 0x00, 0xf7, 0x31, 0x00, 0x00, 
0x20, 0x82, 0x00, 0x00, 0xf7, 0x31, 0x00, 0x00, 0x2b, 0x32, 0x00, 0x00, 0x2c, 0x82, 0x00, 0x00, 
0x2b, 0x32, 0x00, 0x00, 0x9c, 0x32, 0x00, 0x00, 0x38, 0x82, 0x00, 0x00, 0x9c, 0x32, 0x00, 0x00, 
0x7d, 0x33, 0x00, 0x00, 0x44, 0x82, 0x00, 0x00, 0xc0, 0x33, 0x00, 0x00, 0x01, 0x34, 0x00, 0x00, 
0x50, 0x82, 0x00, 0x00, 0x10, 0x34, 0x00, 0x00, 0x6a, 0x34, 0x00, 0x00, 0x5c, 0x82, 0x00, 0x00, 
0x70, 0x34, 0x00, 0x00, 0x7d, 0x34, 0x00, 0x00, 0x68, 0x82, 0x00, 0x00, 0x80, 0x34, 0x00, 0x00, 
0x90, 0x34, 0x00, 0x00, 0x70, 0x82, 0x00, 0x00, 0x90, 0x34, 0x00, 0x00, 0xc8, 0x34, 0x00, 0x00, 
0x78, 0x82, 0x00, 0x00, 0xd0, 0x34, 0x00, 0x00, 0x49, 0x35, 0x00, 0x00, 0x84, 0x82, 0x00, 0x00, 
0x30, 0x37, 0x00, 0x00, 0x35, 0x37, 0x00, 0x00, 0x90, 0x82, 0x00, 0x00, 0x00, 0x00, 0x00, 0x00, 
0x00, 0x00, 0x00, 0x00, 0x00, 0x00, 0x00, 0x00, 0x00, 0x00, 0x00, 0x00, 0x00, 0x00, 0x00, 0x00, 
0x00, 0x00, 0x00, 0x00, 0x00, 0x00, 0x00, 0x00, 0x00, 0x00, 0x00, 0x00, 0x00, 0x00, 0x00, 0x00, 
0x00, 0x00, 0x00, 0x00, 0x00, 0x00, 0x00, 0x00, 0x00, 0x00, 0x00, 0x00, 0x00, 0x00, 0x00, 0x00, 
0x00, 0x00, 0x00, 0x00, 0x00, 0x00, 0x00, 0x00, 0x00, 0x00, 0x00, 0x00, 0x00, 0x00, 0x00, 0x00, 
0x00, 0x00, 0x00, 0x00, 0x00, 0x00, 0x00, 0x00, 0x00, 0x00, 0x00, 0x00, 0x00, 0x00, 0x00, 0x00, 
0x00, 0x00, 0x00, 0x00, 0x00, 0x00, 0x00, 0x00, 0x00, 0x00, 0x00, 0x00, 0x00, 0x00, 0x00, 0x00, 
0x00, 0x00, 0x00, 0x00, 0x00, 0x00, 0x00, 0x00, 0x00, 0x00, 0x00, 0x00, 0x00, 0x00, 0x00, 0x00, 
0x00, 0x00, 0x00, 0x00, 0x00, 0x00, 0x00, 0x00, 0x00, 0x00, 0x00, 0x00, 0x00, 0x00, 0x00, 0x00, 
0x00, 0x00, 0x00, 0x00, 0x00, 0x00, 0x00, 0x00, 0x00, 0x00, 0x00, 0x00, 0x00, 0x00, 0x00, 0x00, 
0x00, 0x00, 0x00, 0x00, 0x00, 0x00, 0x00, 0x00, 0x00, 0x00, 0x00, 0x00, 0x00, 0x00, 0x00, 0x00, 
0x00, 0x00, 0x00, 0x00, 0x00, 0x00, 0x00, 0x00, 0x00, 0x00, 0x00, 0x00, 0x00, 0x00, 0x00, 0x00, 
0x00, 0x00, 0x00, 0x00, 0x00, 0x00, 0x00, 0x00, 0x00, 0x00, 0x00, 0x00, 0x00, 0x00, 0x00, 0x00, 
0x00, 0x00, 0x00, 0x00, 0x00, 0x00, 0x00, 0x00, 0x00, 0x00, 0x00, 0x00, 0x00, 0x00, 0x00, 0x00, 
0x00, 0x00, 0x00, 0x00, 0x00, 0x00, 0x00, 0x00, 0x00, 0x00, 0x00, 0x00, 0x00, 0x00, 0x00, 0x00, 
0x00, 0x00, 0x00, 0x00, 0x00, 0x00, 0x00, 0x00, 0x00, 0x00, 0x00, 0x00, 0x00, 0x00, 0x00, 0x00, 
0x00, 0x00, 0x00, 0x00, 0x00, 0x00, 0x00, 0x00, 0x00, 0x00, 0x00, 0x00, 0x00, 0x00, 0x00, 0x00, 
0x00, 0x00, 0x00, 0x00, 0x00, 0x00, 0x00, 0x00, 0x00, 0x00, 0x00, 0x00, 0x00, 0x00, 0x00, 0x00, 
0x00, 0x00, 0x00, 0x00, 0x00, 0x00, 0x00, 0x00, 0x00, 0x00, 0x00, 0x00, 0x00, 0x00, 0x00, 0x00, 
0x00, 0x00, 0x00, 0x00, 0x00, 0x00, 0x00, 0x00, 0x00, 0x00, 0x00, 0x00, 0x00, 0x00, 0x00, 0x00, 
0x00, 0x00, 0x00, 0x00, 0x00, 0x00, 0x00, 0x00, 0x00, 0x00, 0x00, 0x00, 0x00, 0x00, 0x00, 0x00, 
0x00, 0x00, 0x00, 0x00, 0x00, 0x00, 0x00, 0x00, 0x00, 0x00, 0x00, 0x00, 0x00, 0x00, 0x00, 0x00, 
0x00, 0x00, 0x00, 0x00, 0x00, 0x00, 0x00, 0x00, 0x00, 0x00, 0x00, 0x00, 0x00, 0x00, 0x00, 0x00, 
0x00, 0x00, 0x00, 0x00, 0x00, 0x00, 0x00, 0x00, 0x00, 0x00, 0x00, 0x00, 0x00, 0x00, 0x00, 0x00, 
0x00, 0x00, 0x00, 0x00, 0x00, 0x00, 0x00, 0x00, 0x00, 0x00, 0x00, 0x00, 0x00, 0x00, 0x00, 0x00, 
0x01, 0x04, 0x02, 0x05, 0x04, 0x03, 0x01, 0x50, 0x01, 0x08, 0x03, 0x05, 0x08, 0x32, 0x04, 0x03, 
0x01, 0x50, 0x00, 0x00, 0x09, 0x08, 0x03, 0x05, 0x08, 0x52, 0x04, 0x03, 0x01, 0x50, 0x00, 0x00, 
0x30, 0x36, 0x00, 0x00, 0x01, 0x00, 0x00, 0x00, 0x3f, 0x10, 0x00, 0x00, 0x55, 0x10, 0x00, 0x00, 
0x5a, 0x29, 0x00, 0x00, 0x55, 0x10, 0x00, 0x00, 0x09, 0x08, 0x03, 0x05, 0x08, 0x52, 0x04, 0x03, 
0x01, 0x50, 0x00, 0x00, 0x30, 0x36, 0x00, 0x00, 0x01, 0x00, 0x00, 0x00, 0x6e, 0x10, 0x00, 0x00, 
0x84, 0x10, 0x00, 0x00, 0x5a, 0x29, 0x00, 0x00, 0x84, 0x10, 0x00, 0x00, 0x01, 0x0b, 0x04, 0x05, 
0x0b, 0x01, 0x12, 0x00, 0x04, 0x03, 0x01, 0x50, 0x01, 0x08, 0x03, 0x05, 0x08, 0x32, 0x04, 0x03, 
0x01, 0x50, 0x00, 0x00, 0x01, 0x0b, 0x04, 0x45, 0x0b, 0x03, 0x06, 0x82, 0x02, 0x30, 0x01, 0x50, 
0x01, 0x08, 0x03, 0x05, 0x08, 0x32, 0x04, 0x03, 0x01, 0x50, 0x00, 0x00, 0x01, 0x00, 0x00, 0x00, 
0x01, 0x00, 0x00, 0x00, 0x01, 0x0b, 0x04, 0x35, 0x0b, 0x03, 0x06, 0x62, 0x02, 0x30, 0x01, 0x50, 
0x01, 0x08, 0x03, 0x05, 0x08, 0x32, 0x04, 0x03, 0x01, 0x50, 0x00, 0x00, 0x01, 0x06, 0x03, 0x00, 
0x06, 0xa2, 0x02, 0x30, 0x01, 0x60, 0x00, 0x00, 0x01, 0x13, 0x07, 0x00, 0x13, 0x01, 0xb2, 0x02, 
0x0b, 0x30, 0x0a, 0x60, 0x09, 0x70, 0x08, 0x50, 0x02, 0xc0, 0x00, 0x00, 0x01, 0x08, 0x03, 0x05, 
0x08, 0x32, 0x04, 0x03, 0x01, 0x50, 0x00, 0x00, 0x01, 0x08, 0x03, 0x05, 0x08, 0x52, 0x04, 0x03, 
0x01, 0x50, 0x00, 0x00, 0x01, 0x08, 0x03, 0x05, 0x08, 0x32, 0x04, 0x03, 0x01, 0x50, 0x00, 0x00, 
0x01, 0x08, 0x03, 0x05, 0x08, 0x52, 0x04, 0x03, 0x01, 0x50, 0x00, 0x00, 0x01, 0x04, 0x02, 0x05, 
0x04, 0x03, 0x01, 0x50, 0x01, 0x08, 0x03, 0x05, 0x08, 0x32, 0x04, 0x03, 0x01, 0x50, 0x00, 0x00, 
0x01, 0x1b, 0x0b, 0x55, 0x1b, 0x88, 0x07, 0x00, 0x16, 0x78, 0x06, 0x00, 0x12, 0x68, 0x05, 0x00, 
0x0e, 0x03, 0x09, 0x01, 0x11, 0x00, 0x02, 0x30, 0x01, 0x50, 0x00, 0x00, 0x01, 0x04, 0x02, 0x05, 
0x04, 0x03, 0x01, 0x50, 0x01, 0x0b, 0x04, 0x35, 0x0b, 0x03, 0x06, 0x62, 0x02, 0x30, 0x01, 0x50, 
0x01, 0x08, 0x03, 0x05, 0x08, 0xb2, 0x04, 0x03, 0x01, 0x50, 0x00, 0x00, 0x01, 0x08, 0x03, 0x05, 
0x08, 0x52, 0x04, 0x03, 0x01, 0x50, 0x00, 0x00, 0x01, 0x08, 0x03, 0x05, 0x08, 0x32, 0x04, 0x03, 
0x01, 0x50, 0x00, 0x00, 0x01, 0x08, 0x03, 0x05, 0x08, 0xf2, 0x04, 0x03, 0x01, 0x50, 0x00, 0x00, 
0x01, 0x08, 0x03, 0x05, 0x08, 0x52, 0x04, 0x03, 0x01, 0x50, 0x00, 0x00, 0x01, 0x08, 0x03, 0x05, 
0x08, 0x92, 0x04, 0x03, 0x01, 0x50, 0x00, 0x00, 0x01, 0x08, 0x03, 0x05, 0x08, 0x32, 0x04, 0x03, 
0x01, 0x50, 0x00, 0x00, 0x01, 0x08, 0x03, 0x05, 0x08, 0x52, 0x04, 0x03, 0x01, 0x50, 0x00, 0x00, 
0x01, 0x08, 0x03, 0x05, 0x08, 0x52, 0x04, 0x03, 0x01, 0x50, 0x00, 0x00, 0x01, 0x08, 0x03, 0x05, 
0x08, 0x52, 0x04, 0x03, 0x01, 0x50, 0x00, 0x00, 0x01, 0x08, 0x03, 0x05, 0x08, 0x52, 0x04, 0x03, 
0x01, 0x50, 0x00, 0x00, 0x01, 0x08, 0x03, 0x05, 0x08, 0x52, 0x04, 0x03, 0x01, 0x50, 0x00, 0x00, 
0x01, 0x08, 0x03, 0x05, 0x08, 0x52, 0x04, 0x03, 0x01, 0x50, 0x00, 0x00, 0x01, 0x04, 0x02, 0x05, 
0x04, 0x03, 0x01, 0x50, 0x01, 0x08, 0x03, 0x05, 0x08, 0x32, 0x04, 0x03, 0x01, 0x50, 0x00, 0x00, 
0x01, 0x08, 0x03, 0x05, 0x08, 0x32, 0x04, 0x03, 0x01, 0x50, 0x00, 0x00, 0x01, 0x08, 0x03, 0x05, 
0x08, 0x72, 0x04, 0x03, 0x01, 0x50, 0x00, 0x00, 0x01, 0x08, 0x03, 0x05, 0x08, 0x52, 0x04, 0x03, 
0x01, 0x50, 0x00, 0x00, 0x01, 0x08, 0x03, 0x05, 0x08, 0x52, 0x04, 0x03, 0x01, 0x50, 0x00, 0x00, 
0x01, 0x08, 0x03, 0x05, 0x08, 0x72, 0x04, 0x03, 0x01, 0x50, 0x00, 0x00, 0x01, 0x08, 0x03, 0x05, 
0x08, 0x52, 0x04, 0x03, 0x01, 0x50, 0x00, 0x00, 0x01, 0x08, 0x03, 0x05, 0x08, 0x72, 0x04, 0x03, 
0x01, 0x50, 0x00, 0x00, 0x01, 0x08, 0x03, 0x05, 0x08, 0x92, 0x04, 0x03, 0x01, 0x50, 0x00, 0x00, 
0x01, 0x08, 0x03, 0x05, 0x08, 0x52, 0x04, 0x03, 0x01, 0x50, 0x00, 0x00, 0x01, 0x0b, 0x04, 0x45, 
0x0b, 0x03, 0x06, 0x82, 0x02, 0x30, 0x01, 0x50, 0x01, 0x04, 0x02, 0x05, 0x04, 0x03, 0x01, 0x50, 
0x01, 0x04, 0x02, 0x05, 0x04, 0x03, 0x01, 0x50, 0x01, 0x08, 0x03, 0x05, 0x08, 0x32, 0x04, 0x03, 
0x01, 0x50, 0x00, 0x00, 0x01, 0x08, 0x03, 0x05, 0x08, 0x32, 0x04, 0x03, 0x01, 0x50, 0x00, 0x00, 
0x01, 0x00, 0x00, 0x00, 0x00, 0x00, 0x00, 0x00, 0x00, 0x00, 0x00, 0x00, 0x00, 0x00, 0x00, 0x00, 
0x00, 0x00, 0x00, 0x00, 0x00, 0x00, 0x00, 0x00, 0x00, 0x00, 0x00, 0x00, 0x00, 0x00, 0x00, 0x00, 
0x00, 0x00, 0x00, 0x00, 0x00, 0x00, 0x00, 0x00, 0x00, 0x00, 0x00, 0x00, 0x00, 0x00, 0x00, 0x00, 
0x00, 0x00, 0x00, 0x00, 0x00, 0x00, 0x00, 0x00, 0x00, 0x00, 0x00, 0x00, 0x00, 0x00, 0x00, 0x00, 
0x00, 0x00, 0x00, 0x00, 0x00, 0x00, 0x00, 0x00, 0x00, 0x00, 0x00, 0x00, 0x00, 0x00, 0x00, 0x00, 
0x00, 0x00, 0x00, 0x00, 0x00, 0x00, 0x00, 0x00, 0x00, 0x00, 0x00, 0x00, 0x00, 0x00, 0x00, 0x00, 
0x00, 0x00, 0x00, 0x00, 0x00, 0x00, 0x00, 0x00, 0x00, 0x00, 0x00, 0x00, 0x00, 0x00, 0x00, 0x00, 
0x00, 0x00, 0x00, 0x00, 0x00, 0x00, 0x00, 0x00, 0x00, 0x00, 0x00, 0x00, 0x00, 0x00, 0x00, 0x00, 
0x00, 0x00, 0x00, 0x00, 0x00, 0x00, 0x00, 0x00, 0x00, 0x00, 0x00, 0x00, 0x00, 0x00, 0x00, 0x00, 
0x00, 0x00, 0x00, 0x00, 0x00, 0x00, 0x00, 0x00, 0x00, 0x00, 0x00, 0x00, 0x00, 0x00, 0x00, 0x00, 
0x00, 0x00, 0x00, 0x00, 0x00, 0x00, 0x00, 0x00, 0x00, 0x00, 0x00, 0x00, 0x00, 0x00, 0x00, 0x00, 
0x00, 0x00, 0x00, 0x00, 0x00, 0x00, 0x00, 0x00, 0x00, 0x00, 0x00, 0x00, 0x00, 0x00, 0x00, 0x00, 
0x00, 0x00, 0x00, 0x00, 0x00, 0x00, 0x00, 0x00, 0x00, 0x00, 0x00, 0x00, 0x00, 0x00, 0x00, 0x00, 
0x00, 0x00, 0x00, 0x00, 0x00, 0x00, 0x00, 0x00, 0x00, 0x00, 0x00, 0x00, 0x00, 0x00, 0x00, 0x00, 
0x00, 0x00, 0x00, 0x00, 0x00, 0x00, 0x00, 0x00, 0x00, 0x00, 0x00, 0x00, 0x00, 0x00, 0x00, 0x00, 
0x00, 0x00, 0x00, 0x00, 0x00, 0x00, 0x00, 0x00, 0x00, 0x00, 0x00, 0x00, 0x00, 0x00, 0x00, 0x00, 
0x00, 0x00, 0x00, 0x00, 0x00, 0x00, 0x00, 0x00, 0x00, 0x00, 0x00, 0x00, 0x00, 0x00, 0x00, 0x00, 
0x00, 0x00, 0x00, 0x00, 0x00, 0x00, 0x00, 0x00, 0x00, 0x00, 0x00, 0x00, 0x00, 0x00, 0x00, 0x00, 
0x00, 0x00, 0x00, 0x00, 0x00, 0x00, 0x00, 0x00, 0x00, 0x00, 0x00, 0x00, 0x00, 0x00, 0x00, 0x00, 
0x00, 0x00, 0x00, 0x00, 0x00, 0x00, 0x00, 0x00, 0x00, 0x00, 0x00, 0x00, 0x00, 0x00, 0x00, 0x00, 
0x00, 0x00, 0x00, 0x00, 0x00, 0x00, 0x00, 0x00, 0x00, 0x00, 0x00, 0x00, 0x00, 0x00, 0x00, 0x00, 
0x00, 0x00, 0x00, 0x00, 0x00, 0x00, 0x00, 0x00, 0x00, 0x00, 0x00, 0x00, 0x00, 0x00, 0x00, 0x00, 
0x00, 0x00, 0x00, 0x00, 0x00, 0x00, 0x00, 0x00, 0x00, 0x00, 0x00, 0x00, 0x00, 0x00, 0x00, 0x00, 
0xe0, 0xa0, 0x00, 0x00, 0x00, 0x00, 0x00, 0x00, 0x00, 0x00, 0x00, 0x00, 0x6c, 0xa8, 0x00, 0x00, 
0xd8, 0xa2, 0x00, 0x00, 0x68, 0xa1, 0x00, 0x00, 0x00, 0x00, 0x00, 0x00, 0x00, 0x00, 0x00, 0x00, 
0x80, 0xa8, 0x00, 0x00, 0x60, 0xa3, 0x00, 0x00, 0x78, 0xa1, 0x00, 0x00, 0x00, 0x00, 0x00, 0x00, 
0x00, 0x00, 0x00, 0x00, 0xb8, 0xa8, 0x00, 0x00, 0x70, 0xa3, 0x00, 0x00, 0xa0, 0xa1, 0x00, 0x00, 
0x00, 0x00, 0x00, 0x00, 0x00, 0x00, 0x00, 0x00, 0xdc, 0xa8, 0x00, 0x00, 0x98, 0xa3, 0x00, 0x00, 
0xb0, 0xa1, 0x00, 0x00, 0x00, 0x00, 0x00, 0x00, 0x00, 0x00, 0x00, 0x00, 0x04, 0xa9, 0x00, 0x00, 
0xa8, 0xa3, 0x00, 0x00, 0xc0, 0xa1, 0x00, 0x00, 0x00, 0x00, 0x00, 0x00, 0x00, 0x00, 0x00, 0x00, 
0x30, 0xa9, 0x00, 0x00, 0xb8, 0xa3, 0x00, 0x00, 0xe0, 0xa1, 0x00, 0x00, 0x00, 0x00, 0x00, 0x00, 
0x00, 0x00, 0x00, 0x00, 0x8c, 0xa9, 0x00, 0x00, 0xd8, 0xa3, 0x00, 0x00, 0x58, 0xa2, 0x00, 0x00, 
0x00, 0x00, 0x00, 0x00, 0x00, 0x00, 0x00, 0x00, 0xcc, 0xa9, 0x00, 0x00, 0x50, 0xa4, 0x00, 0x00, 
0x98, 0xa2, 0x00, 0x00, 0x00, 0x00, 0x00, 0x00, 0x00, 0x00, 0x00, 0x00, 0x00, 0xaa, 0x00, 0x00, 
0x90, 0xa4, 0x00, 0x00, 0xc8, 0xa2, 0x00, 0x00, 0x00, 0x00, 0x00, 0x00, 0x00, 0x00, 0x00, 0x00, 
0x28, 0xaa, 0x00, 0x00, 0xc0, 0xa4, 0x00, 0x00, 0x00, 0x00, 0x00, 0x00, 0x00, 0x00, 0x00, 0x00, 
0x00, 0x00, 0x00, 0x00, 0x00, 0x00, 0x00, 0x00, 0x00, 0x00, 0x00, 0x00, 0x00, 0x00, 0x00, 0x00, 
0xd0, 0xa4, 0x00, 0x00, 0x00, 0x00, 0x00, 0x00, 0xde, 0xa4, 0x00, 0x00, 0x00, 0x00, 0x00, 0x00, 
0xf0, 0xa4, 0x00, 0x00, 0x00, 0x00, 0x00, 0x00, 0x08, 0xa5, 0x00, 0x00, 0x00, 0x00, 0x00, 0x00, 
0x20, 0xa5, 0x00, 0x00, 0x00, 0x00, 0x00, 0x00, 0x2e, 0xa5, 0x00, 0x00, 0x00, 0x00, 0x00, 0x00, 
0x3e, 0xa5, 0x00, 0x00, 0x00, 0x00, 0x00, 0x00, 0x52, 0xa5, 0x00, 0x00, 0x00, 0x00, 0x00, 0x00, 
0x64, 0xa5, 0x00, 0x00, 0x00, 0x00, 0x00, 0x00, 0x80, 0xa5, 0x00, 0x00, 0x00, 0x00, 0x00, 0x00, 
0x98, 0xa5, 0x00, 0x00, 0x00, 0x00, 0x00, 0x00, 0xa8, 0xa5, 0x00, 0x00, 0x00, 0x00, 0x00, 0x00, 
0xc6, 0xa5, 0x00, 0x00, 0x00, 0x00, 0x00, 0x00, 0xce, 0xa5, 0x00, 0x00, 0x00, 0x00, 0x00, 0x00, 
0xdc, 0xa5, 0x00, 0x00, 0x00, 0x00, 0x00, 0x00, 0xee, 0xa5, 0x00, 0x00, 0x00, 0x00, 0x00, 0x00, 
0x00, 0x00, 0x00, 0x00, 0x00, 0x00, 0x00, 0x00, 0xfe, 0xa5, 0x00, 0x00, 0x00, 0x00, 0x00, 0x00, 
0x00, 0x00, 0x00, 0x00, 0x00, 0x00, 0x00, 0x00, 0x0e, 0xa6, 0x00, 0x00, 0x00, 0x00, 0x00, 0x00, 
0x1e, 0xa6, 0x00, 0x00, 0x00, 0x00, 0x00, 0x00, 0x28, 0xa6, 0x00, 0x00, 0x00, 0x00, 0x00, 0x00, 
0x30, 0xa6, 0x00, 0x00, 0x00, 0x00, 0x00, 0x00, 0x00, 0x00, 0x00, 0x00, 0x00, 0x00, 0x00, 0x00, 
0x3a, 0xa6, 0x00, 0x00, 0x00, 0x00, 0x00, 0x00, 0x00, 0x00, 0x00, 0x00, 0x00, 0x00, 0x00, 0x00, 
0x50, 0xa6, 0x00, 0x00, 0x00, 0x00, 0x00, 0x00, 0x00, 0x00, 0x00, 0x00, 0x00, 0x00, 0x00, 0x00, 
0x64, 0xa6, 0x00, 0x00, 0x00, 0x00, 0x00, 0x00, 0x7c, 0xa6, 0x00, 0x00, 0x00, 0x00, 0x00, 0x00, 
0x86, 0xa6, 0x00, 0x00, 0x00, 0x00, 0x00, 0x00, 0x00, 0x00, 0x00, 0x00, 0x00, 0x00, 0x00, 0x00, 
0x90, 0xa6, 0x00, 0x00, 0x00, 0x00, 0x00, 0x00, 0x9e, 0xa6, 0x00, 0x00, 0x00, 0x00, 0x00, 0x00, 
0xac, 0xa6, 0x00, 0x00, 0x00, 0x00, 0x00, 0x00, 0xb6, 0xa6, 0x00, 0x00, 0x00, 0x00, 0x00, 0x00, 
0xce, 0xa6, 0x00, 0x00, 0x00, 0x00, 0x00, 0x00, 0xdc, 0xa6, 0x00, 0x00, 0x00, 0x00, 0x00, 0x00, 
0xe4, 0xa6, 0x00, 0x00, 0x00, 0x00, 0x00, 0x00, 0xf4, 0xa6, 0x00, 0x00, 0x00, 0x00, 0x00, 0x00, 
0x14, 0xa7, 0x00, 0x00, 0x00, 0x00, 0x00, 0x00, 0x20, 0xa7, 0x00, 0x00, 0x00, 0x00, 0x00, 0x00, 
0x2e, 0xa7, 0x00, 0x00, 0x00, 0x00, 0x00, 0x00, 0x50, 0xa7, 0x00, 0x00, 0x00, 0x00, 0x00, 0x00, 
0x58, 0xa7, 0x00, 0x00, 0x00, 0x00, 0x00, 0x00, 0x60, 0xa7, 0x00, 0x00, 0x00, 0x00, 0x00, 0x00, 
0x00, 0x00, 0x00, 0x00, 0x00, 0x00, 0x00, 0x00, 0x6a, 0xa7, 0x00, 0x00, 0x00, 0x00, 0x00, 0x00, 
0x7c, 0xa7, 0x00, 0x00, 0x00, 0x00, 0x00, 0x00, 0x8c, 0xa7, 0x00, 0x00, 0x00, 0x00, 0x00, 0x00, 
0x9a, 0xa7, 0x00, 0x00, 0x00, 0x00, 0x00, 0x00, 0xb4, 0xa7, 0x00, 0x00, 0x00, 0x00, 0x00, 0x00, 
0xd2, 0xa7, 0x00, 0x00, 0x00, 0x00, 0x00, 0x00, 0xdc, 0xa7, 0x00, 0x00, 0x00, 0x00, 0x00, 0x00, 
0x00, 0x00, 0x00, 0x00, 0x00, 0x00, 0x00, 0x00, 0xe6, 0xa7, 0x00, 0x00, 0x00, 0x00, 0x00, 0x00, 
0xf2, 0xa7, 0x00, 0x00, 0x00, 0x00, 0x00, 0x00, 0xfc, 0xa7, 0x00, 0x00, 0x00, 0x00, 0x00, 0x00, 
0x06, 0xa8, 0x00, 0x00, 0x00, 0x00, 0x00, 0x00, 0x12, 0xa8, 0x00, 0x00, 0x00, 0x00, 0x00, 0x00, 
0x00, 0x00, 0x00, 0x00, 0x00, 0x00, 0x00, 0x00, 0x1c, 0xa8, 0x00, 0x00, 0x00, 0x00, 0x00, 0x00, 
0x00, 0x00, 0x00, 0x00, 0x00, 0x00, 0x00, 0x00, 0xd0, 0xa4, 0x00, 0x00, 0x00, 0x00, 0x00, 0x00, 
0xde, 0xa4, 0x00, 0x00, 0x00, 0x00, 0x00, 0x00, 0xf0, 0xa4, 0x00, 0x00, 0x00, 0x00, 0x00, 0x00, 
0x08, 0xa5, 0x00, 0x00, 0x00, 0x00, 0x00, 0x00, 0x20, 0xa5, 0x00, 0x00, 0x00, 0x00, 0x00, 0x00, 
0x2e, 0xa5, 0x00, 0x00, 0x00, 0x00, 0x00, 0x00, 0x3e, 0xa5, 0x00, 0x00, 0x00, 0x00, 0x00, 0x00, 
0x52, 0xa5, 0x00, 0x00, 0x00, 0x00, 0x00, 0x00, 0x64, 0xa5, 0x00, 0x00, 0x00, 0x00, 0x00, 0x00, 
0x80, 0xa5, 0x00, 0x00, 0x00, 0x00, 0x00, 0x00, 0x98, 0xa5, 0x00, 0x00, 0x00, 0x00, 0x00, 0x00, 
0xa8, 0xa5, 0x00, 0x00, 0x00, 0x00, 0x00, 0x00, 0xc6, 0xa5, 0x00, 0x00, 0x00, 0x00, 0x00, 0x00, 
0xce, 0xa5, 0x00, 0x00, 0x00, 0x00, 0x00, 0x00, 0xdc, 0xa5, 0x00, 0x00, 0x00, 0x00, 0x00, 0x00, 
0xee, 0xa5, 0x00, 0x00, 0x00, 0x00, 0x00, 0x00, 0x00, 0x00, 0x00, 0x00, 0x00, 0x00, 0x00, 0x00, 
0xfe, 0xa5, 0x00, 0x00, 0x00, 0x00, 0x00, 0x00, 0x00, 0x00, 0x00, 0x00, 0x00, 0x00, 0x00, 0x00, 
0x0e, 0xa6, 0x00, 0x00, 0x00, 0x00, 0x00, 0x00, 0x1e, 0xa6, 0x00, 0x00, 0x00, 0x00, 0x00, 0x00, 
0x28, 0xa6, 0x00, 0x00, 0x00, 0x00, 0x00, 0x00, 0x30, 0xa6, 0x00, 0x00, 0x00, 0x00, 0x00, 0x00, 
0x00, 0x00, 0x00, 0x00, 0x00, 0x00, 0x00, 0x00, 0x3a, 0xa6, 0x00, 0x00, 0x00, 0x00, 0x00, 0x00, 
0x00, 0x00, 0x00, 0x00, 0x00, 0x00, 0x00, 0x00, 0x50, 0xa6, 0x00, 0x00, 0x00, 0x00, 0x00, 0x00, 
0x00, 0x00, 0x00, 0x00, 0x00, 0x00, 0x00, 0x00, 0x64, 0xa6, 0x00, 0x00, 0x00, 0x00, 0x00, 0x00, 
0x7c, 0xa6, 0x00, 0x00, 0x00, 0x00, 0x00, 0x00, 0x86, 0xa6, 0x00, 0x00, 0x00, 0x00, 0x00, 0x00, 
0x00, 0x00, 0x00, 0x00, 0x00, 0x00, 0x00, 0x00, 0x90, 0xa6, 0x00, 0x00, 0x00, 0x00, 0x00, 0x00, 
0x9e, 0xa6, 0x00, 0x00, 0x00, 0x00, 0x00, 0x00, 0xac, 0xa6, 0x00, 0x00, 0x00, 0x00, 0x00, 0x00, 
0xb6, 0xa6, 0x00, 0x00, 0x00, 0x00, 0x00, 0x00, 0xce, 0xa6, 0x00, 0x00, 0x00, 0x00, 0x00, 0x00, 
0xdc, 0xa6, 0x00, 0x00, 0x00, 0x00, 0x00, 0x00, 0xe4, 0xa6, 0x00, 0x00, 0x00, 0x00, 0x00, 0x00, 
0xf4, 0xa6, 0x00, 0x00, 0x00, 0x00, 0x00, 0x00, 0x14, 0xa7, 0x00, 0x00, 0x00, 0x00, 0x00, 0x00, 
0x20, 0xa7, 0x00, 0x00, 0x00, 0x00, 0x00, 0x00, 0x2e, 0xa7, 0x00, 0x00, 0x00, 0x00, 0x00, 0x00, 
0x50, 0xa7, 0x00, 0x00, 0x00, 0x00, 0x00, 0x00, 0x58, 0xa7, 0x00, 0x00, 0x00, 0x00, 0x00, 0x00, 
0x60, 0xa7, 0x00, 0x00, 0x00, 0x00, 0x00, 0x00, 0x00, 0x00, 0x00, 0x00, 0x00, 0x00, 0x00, 0x00, 
0x6a, 0xa7, 0x00, 0x00, 0x00, 0x00, 0x00, 0x00, 0x7c, 0xa7, 0x00, 0x00, 0x00, 0x00, 0x00, 0x00, 
0x8c, 0xa7, 0x00, 0x00, 0x00, 0x00, 0x00, 0x00, 0x9a, 0xa7, 0x00, 0x00, 0x00, 0x00, 0x00, 0x00, 
0xb4, 0xa7, 0x00, 0x00, 0x00, 0x00, 0x00, 0x00, 0xd2, 0xa7, 0x00, 0x00, 0x00, 0x00, 0x00, 0x00, 
0xdc, 0xa7, 0x00, 0x00, 0x00, 0x00, 0x00, 0x00, 0x00, 0x00, 0x00, 0x00, 0x00, 0x00, 0x00, 0x00, 
0xe6, 0xa7, 0x00, 0x00, 0x00, 0x00, 0x00, 0x00, 0xf2, 0xa7, 0x00, 0x00, 0x00, 0x00, 0x00, 0x00, 
0xfc, 0xa7, 0x00, 0x00, 0x00, 0x00, 0x00, 0x00, 0x06, 0xa8, 0x00, 0x00, 0x00, 0x00, 0x00, 0x00, 
0x12, 0xa8, 0x00, 0x00, 0x00, 0x00, 0x00, 0x00, 0x00, 0x00, 0x00, 0x00, 0x00, 0x00, 0x00, 0x00, 
0x1c, 0xa8, 0x00, 0x00, 0x00, 0x00, 0x00, 0x00, 0x00, 0x00, 0x00, 0x00, 0x00, 0x00, 0x00, 0x00, 
0x97, 0x00, 0x43, 0x6c, 0x6f, 0x73, 0x65, 0x48, 0x61, 0x6e, 0x64, 0x6c, 0x65, 0x00, 0xfa, 0x00, 
0x43, 0x72, 0x65, 0x61, 0x74, 0x65, 0x50, 0x72, 0x6f, 0x63, 0x65, 0x73, 0x73, 0x57, 0x00, 0x00, 
0x27, 0x01, 0x44, 0x65, 0x6c, 0x65, 0x74, 0x65, 0x43, 0x72, 0x69, 0x74, 0x69, 0x63, 0x61, 0x6c, 
0x53, 0x65, 0x63, 0x74, 0x69, 0x6f, 0x6e, 0x00, 0x4d, 0x01, 0x45, 0x6e, 0x74, 0x65, 0x72, 0x43, 
0x72, 0x69, 0x74, 0x69, 0x63, 0x61, 0x6c, 0x53, 0x65, 0x63, 0x74, 0x69, 0x6f, 0x6e, 0x00, 0x00, 
0xca, 0x01, 0x46, 0x72, 0x65, 0x65, 0x4c, 0x69, 0x62, 0x72, 0x61, 0x72, 0x79, 0x00, 0x88, 0x02, 
0x47, 0x65, 0x74, 0x4c, 0x61, 0x73, 0x74, 0x45, 0x72, 0x72, 0x6f, 0x72, 0x00, 0x00, 0x9e, 0x02, 
0x47, 0x65, 0x74, 0x4d, 0x6f, 0x64, 0x75, 0x6c, 0x65, 0x48, 0x61, 0x6e, 0x64, 0x6c, 0x65, 0x41, 
0x00, 0x00, 0xda, 0x02, 0x47, 0x65, 0x74, 0x50, 0x72, 0x6f, 0x63, 0x41, 0x64, 0x64, 0x72, 0x65, 
0x73, 0x73, 0x00, 0x00, 0x96, 0x03, 0x49, 0x6e, 0x69, 0x74, 0x69, 0x61, 0x6c, 0x69, 0x7a, 0x65, 
0x43, 0x72, 0x69, 0x74, 0x69, 0x63, 0x61, 0x6c, 0x53, 0x65, 0x63, 0x74, 0x69, 0x6f, 0x6e, 0x00, 
0xf4, 0x03, 0x4c, 0x65, 0x61, 0x76, 0x65, 0x43, 0x72, 0x69, 0x74, 0x69, 0x63, 0x61, 0x6c, 0x53, 
0x65, 0x63, 0x74, 0x69, 0x6f, 0x6e, 0x00, 0x00, 0xf8, 0x03, 0x4c, 0x6f, 0x61, 0x64, 0x4c, 0x69, 
0x62, 0x72, 0x61, 0x72, 0x79, 0x41, 0x00, 0x00, 0x99, 0x05, 0x53, 0x65, 0x74, 0x55, 0x6e, 0x68, 
0x61, 0x6e, 0x64, 0x6c, 0x65, 0x64, 0x45, 0x78, 0x63, 0x65, 0x70, 0x74, 0x69, 0x6f, 0x6e, 0x46, 
0x69, 0x6c, 0x74, 0x65, 0x72, 0x00, 0xa9, 0x05, 0x53, 0x6c, 0x65, 0x65, 0x70, 0x00, 0xcd, 0x05, 
0x54, 0x6c, 0x73, 0x47, 0x65, 0x74, 0x56, 0x61, 0x6c, 0x75, 0x65, 0x00, 0xfd, 0x05, 0x56, 0x69, 
0x72, 0x74, 0x75, 0x61, 0x6c, 0x50, 0x72, 0x6f, 0x74, 0x65, 0x63, 0x74, 0x00, 0x00, 0xff, 0x05, 
0x56, 0x69, 0x72, 0x74, 0x75, 0x61, 0x6c, 0x51, 0x75, 0x65, 0x72, 0x79, 0x00, 0x00, 0x01, 0x00, 
0x5f, 0x5f, 0x70, 0x5f, 0x5f, 0x77, 0x65, 0x6e, 0x76, 0x69, 0x72, 0x6f, 0x6e, 0x00, 0x17, 0x00, 
0x5f, 0x73, 0x65, 0x74, 0x5f, 0x6e, 0x65, 0x77, 0x5f, 0x6d, 0x6f, 0x64, 0x65, 0x00, 0x18, 0x00, 
0x63, 0x61, 0x6c, 0x6c, 0x6f, 0x63, 0x00, 0x00, 0x19, 0x00, 0x66, 0x72, 0x65, 0x65, 0x00, 0x00, 
0x1a, 0x00, 0x6d, 0x61, 0x6c, 0x6c, 0x6f, 0x63, 0x00, 0x00, 0x09, 0x00, 0x5f, 0x63, 0x6f, 0x6e, 
0x66, 0x69, 0x67, 0x74, 0x68, 0x72, 0x65, 0x61, 0x64, 0x6c, 0x6f, 0x63, 0x61, 0x6c, 0x65, 0x00, 
0x09, 0x00, 0x5f, 0x5f, 0x73, 0x65, 0x74, 0x75, 0x73, 0x65, 0x72, 0x6d, 0x61, 0x74, 0x68, 0x65, 
0x72, 0x72, 0x00, 0x00, 0x0c, 0x00, 0x5f, 0x5f, 0x43, 0x5f, 0x73, 0x70, 0x65, 0x63, 0x69, 0x66, 
0x69, 0x63, 0x5f, 0x68, 0x61, 0x6e, 0x64, 0x6c, 0x65, 0x72, 0x00, 0x00, 0x40, 0x04, 0x6d, 0x65, 
0x6d, 0x63, 0x70, 0x79, 0x00, 0x00, 0x49, 0x04, 0x77, 0x63, 0x73, 0x72, 0x63, 0x68, 0x72, 0x00, 
0x04, 0x00, 0x5f, 0x5f, 0x70, 0x5f, 0x5f, 0x5f, 0x61, 0x72, 0x67, 0x63, 0x00, 0x00, 0x06, 0x00, 
0x5f, 0x5f, 0x70, 0x5f, 0x5f, 0x5f, 0x77, 0x61, 0x72, 0x67, 0x76, 0x00, 0x16, 0x00, 0x5f, 0x63, 
0x65, 0x78, 0x69, 0x74, 0x00, 0x00, 0x19, 0x00, 0x5f, 0x63, 0x6f, 0x6e, 0x66, 0x69, 0x67, 0x75, 
0x72, 0x65, 0x5f, 0x77, 0x69, 0x64, 0x65, 0x5f, 0x61, 0x72, 0x67, 0x76, 0x00, 0x00, 0x1e, 0x00, 
0x5f, 0x63, 0x72, 0x74, 0x5f, 0x61, 0x74, 0x65, 0x78, 0x69, 0x74, 0x00, 0x23, 0x00, 0x5f, 0x65, 
0x78, 0x69, 0x74, 0x00, 0x36, 0x00, 0x5f, 0x73, 0x65, 0x74, 0x5f, 0x61, 0x70, 0x70, 0x5f, 0x74, 
0x79, 0x70, 0x65, 0x00, 0x37, 0x00, 0x5f, 0x69, 0x6e, 0x69, 0x74, 0x69, 0x61, 0x6c, 0x69, 0x7a, 
0x65, 0x5f, 0x77, 0x69, 0x64, 0x65, 0x5f, 0x65, 0x6e, 0x76, 0x69, 0x72, 0x6f, 0x6e, 0x6d, 0x65, 
0x6e, 0x74, 0x00, 0x00, 0x38, 0x00, 0x5f, 0x69, 0x6e, 0x69, 0x74, 0x74, 0x65, 0x72, 0x6d, 0x00, 
0x39, 0x00, 0x5f, 0x69, 0x6e, 0x69, 0x74, 0x74, 0x65, 0x72, 0x6d, 0x5f, 0x65, 0x00, 0x49, 0x00, 
0x5f, 0x73, 0x65, 0x74, 0x5f, 0x69, 0x6e, 0x76, 0x61, 0x6c, 0x69, 0x64, 0x5f, 0x70, 0x61, 0x72, 
0x61, 0x6d, 0x65, 0x74, 0x65, 0x72, 0x5f, 0x68, 0x61, 0x6e, 0x64, 0x6c, 0x65, 0x72, 0x00, 0x00, 
0x56, 0x00, 0x61, 0x62, 0x6f, 0x72, 0x74, 0x00, 0x57, 0x00, 0x65, 0x78, 0x69, 0x74, 0x00, 0x00, 
0x65, 0x00, 0x73, 0x69, 0x67, 0x6e, 0x61, 0x6c, 0x00, 0x00, 0x00, 0x00, 0x5f, 0x5f, 0x61, 0x63, 
0x72, 0x74, 0x5f, 0x69, 0x6f, 0x62, 0x5f, 0x66, 0x75, 0x6e, 0x63, 0x00, 0x01, 0x00, 0x5f, 0x5f, 
0x70, 0x5f, 0x5f, 0x63, 0x6f, 0x6d, 0x6d, 0x6f, 0x64, 0x65, 0x00, 0x00, 0x02, 0x00, 0x5f, 0x5f, 
0x70, 0x5f, 0x5f, 0x66, 0x6d, 0x6f, 0x64, 0x65, 0x00, 0x00, 0x03, 0x00, 0x5f, 0x5f, 0x73, 0x74, 
0x64, 0x69, 0x6f, 0x5f, 0x63, 0x6f, 0x6d, 0x6d, 0x6f, 0x6e, 0x5f, 0x76, 0x66, 0x70, 0x72, 0x69, 
0x6e, 0x74, 0x66, 0x00, 0x0c, 0x00, 0x5f, 0x5f, 0x73, 0x74, 0x64, 0x69, 0x6f, 0x5f, 0x63, 0x6f, 
0x6d, 0x6d, 0x6f, 0x6e, 0x5f, 0x76, 0x73, 0x6e, 0x77, 0x70, 0x72, 0x69, 0x6e, 0x74, 0x66, 0x5f, 
0x73, 0x00, 0x9c, 0x00, 0x66, 0x66, 0x6c, 0x75, 0x73, 0x68, 0x00, 0x00, 0xc3, 0x00, 0x73, 0x65, 
0x74, 0x76, 0x62, 0x75, 0x66, 0x00, 0x5f, 0x00, 0x5f, 0x77, 0x63, 0x73, 0x69, 0x63, 0x6d, 0x70, 
0x00, 0x00, 0xa8, 0x00, 0x73, 0x74, 0x72, 0x6c, 0x65, 0x6e, 0x00, 0x00, 0xab, 0x00, 0x73, 0x74, 
0x72, 0x6e, 0x63, 0x6d, 0x70, 0x00, 0xb9, 0x00, 0x77, 0x63, 0x73, 0x63, 0x61, 0x74, 0x5f, 0x73, 
0x00, 0x00, 0xbf, 0x00, 0x77, 0x63, 0x73, 0x6c, 0x65, 0x6e, 0x00, 0x00, 0x76, 0x02, 0x4d, 0x65, 
0x73, 0x73, 0x61, 0x67, 0x65, 0x42, 0x6f, 0x78, 0x57, 0x00, 0x00, 0x00, 0x00, 0xa0, 0x00, 0x00, 
0x00, 0xa0, 0x00, 0x00, 0x00, 0xa0, 0x00, 0x00, 0x00, 0xa0, 0x00, 0x00, 0x00, 0xa0, 0x00, 0x00, 
0x00, 0xa0, 0x00, 0x00, 0x00, 0xa0, 0x00, 0x00, 0x00, 0xa0, 0x00, 0x00, 0x00, 0xa0, 0x00, 0x00, 
0x00, 0xa0, 0x00, 0x00, 0x00, 0xa0, 0x00, 0x00, 0x00, 0xa0, 0x00, 0x00, 0x00, 0xa0, 0x00, 0x00, 
0x00, 0xa0, 0x00, 0x00, 0x00, 0xa0, 0x00, 0x00, 0x00, 0xa0, 0x00, 0x00, 0x4b, 0x45, 0x52, 0x4e, 
0x45, 0x4c, 0x33, 0x32, 0x2e, 0x64, 0x6c, 0x6c, 0x00, 0x00, 0x00, 0x00, 0x14, 0xa0, 0x00, 0x00, 
0x61, 0x70, 0x69, 0x2d, 0x6d, 0x73, 0x2d, 0x77, 0x69, 0x6e, 0x2d, 0x63, 0x72, 0x74, 0x2d, 0x65, 
0x6e, 0x76, 0x69, 0x72, 0x6f, 0x6e, 0x6d, 0x65, 0x6e, 0x74, 0x2d, 0x6c, 0x31, 0x2d, 0x31, 0x2d, 
0x30, 0x2e, 0x64, 0x6c, 0x6c, 0x00, 0x00, 0x00, 0x28, 0xa0, 0x00, 0x00, 0x28, 0xa0, 0x00, 0x00, 
0x28, 0xa0, 0x00, 0x00, 0x28, 0xa0, 0x00, 0x00, 0x61, 0x70, 0x69, 0x2d, 0x6d, 0x73, 0x2d, 0x77, 
0x69, 0x6e, 0x2d, 0x63, 0x72, 0x74, 0x2d, 0x68, 0x65, 0x61, 0x70, 0x2d, 0x6c, 0x31, 0x2d, 0x31, 
0x2d, 0x30, 0x2e, 0x64, 0x6c, 0x6c, 0x00, 0x00, 0x3c, 0xa0, 0x00, 0x00, 0x61, 0x70, 0x69, 0x2d, 
0x6d, 0x73, 0x2d, 0x77, 0x69, 0x6e, 0x2d, 0x63, 0x72, 0x74, 0x2d, 0x6c, 0x6f, 0x63, 0x61, 0x6c, 
0x65, 0x2d, 0x6c, 0x31, 0x2d, 0x31, 0x2d, 0x30, 0x2e, 0x64, 0x6c, 0x6c, 0x00, 0x00, 0x00, 0x00, 
0x50, 0xa0, 0x00, 0x00, 0x61, 0x70, 0x69, 0x2d, 0x6d, 0x73, 0x2d, 0x77, 0x69, 0x6e, 0x2d, 0x63, 
0x72, 0x74, 0x2d, 0x6d, 0x61, 0x74, 0x68, 0x2d, 0x6c, 0x31, 0x2d, 0x31, 0x2d, 0x30, 0x2e, 0x64, 
0x6c, 0x6c, 0x00, 0x00, 0x64, 0xa0, 0x00, 0x00, 0x64, 0xa0, 0x00, 0x00, 0x64, 0xa0, 0x00, 0x00, 
0x61, 0x70, 0x69, 0x2d, 0x6d, 0x73, 0x2d, 0x77, 0x69, 0x6e, 0x2d, 0x63, 0x72, 0x74, 0x2d, 0x70, 
0x72, 0x69, 0x76, 0x61, 0x74, 0x65, 0x2d, 0x6c, 0x31, 0x2d, 0x31, 0x2d, 0x30, 0x2e, 0x64, 0x6c, 
0x6c, 0x00, 0x00, 0x00, 0x78, 0xa0, 0x00, 0x00, 0x78, 0xa0, 0x00, 0x00, 0x78, 0xa0, 0x00, 0x00, 
0x78, 0xa0, 0x00, 0x00, 0x78, 0xa0, 0x00, 0x00, 0x78, 0xa0, 0x00, 0x00, 0x78, 0xa0, 0x00, 0x00, 
0x78, 0xa0, 0x00, 0x00, 0x78, 0xa0, 0x00, 0x00, 0x78, 0xa0, 0x00, 0x00, 0x78, 0xa0, 0x00, 0x00, 
0x78, 0xa0, 0x00, 0x00, 0x78, 0xa0, 0x00, 0x00, 0x78, 0xa0, 0x00, 0x00, 0x61, 0x70, 0x69, 0x2d, 
0x6d, 0x73, 0x2d, 0x77, 0x69, 0x6e, 0x2d, 0x63, 0x72, 0x74, 0x2d, 0x72, 0x75, 0x6e, 0x74, 0x69, 
0x6d, 0x65, 0x2d, 0x6c, 0x31, 0x2d, 0x31, 0x2d, 0x30, 0x2e, 0x64, 0x6c, 0x6c, 0x00, 0x00, 0x00, 
0x8c, 0xa0, 0x00, 0x00, 0x8c, 0xa0, 0x00, 0x00, 0x8c, 0xa0, 0x00, 0x00, 0x8c, 0xa0, 0x00, 0x00, 
0x8c, 0xa0, 0x00, 0x00, 0x8c, 0xa0, 0x00, 0x00, 0x8c, 0xa0, 0x00, 0x00, 0x61, 0x70, 0x69, 0x2d, 
0x6d, 0x73, 0x2d, 0x77, 0x69, 0x6e, 0x2d, 0x63, 0x72, 0x74, 0x2d, 0x73, 0x74, 0x64, 0x69, 0x6f, 
0x2d, 0x6c, 0x31, 0x2d, 0x31, 0x2d, 0x30, 0x2e, 0x64, 0x6c, 0x6c, 0x00, 0xa0, 0xa0, 0x00, 0x00, 
0xa0, 0xa0, 0x00, 0x00, 0xa0, 0xa0, 0x00, 0x00, 0xa0, 0xa0, 0x00, 0x00, 0xa0, 0xa0, 0x00, 0x00, 
0x61, 0x70, 0x69, 0x2d, 0x6d, 0x73, 0x2d, 0x77, 0x69, 0x6e, 0x2d, 0x63, 0x72, 0x74, 0x2d, 0x73, 
0x74, 0x72, 0x69, 0x6e, 0x67, 0x2d, 0x6c, 0x31, 0x2d, 0x31, 0x2d, 0x30, 0x2e, 0x64, 0x6c, 0x6c, 
0x00, 0x00, 0x00, 0x00, 0xb4, 0xa0, 0x00, 0x00, 0x55, 0x53, 0x45, 0x52, 0x33, 0x32, 0x2e, 0x64, 
0x6c, 0x6c, 0x00, 0x00, 0x00, 0x00, 0x00, 0x00, 0x00, 0x00, 0x00, 0x00, 0x00, 0x00, 0x00, 0x00, 
0x00, 0x00, 0x00, 0x00, 0x00, 0x00, 0x00, 0x00, 0x00, 0x00, 0x00, 0x00, 0x00, 0x00, 0x00, 0x00, 
0x00, 0x00, 0x00, 0x00, 0x00, 0x00, 0x00, 0x00, 0x00, 0x00, 0x00, 0x00, 0x00, 0x00, 0x00, 0x00, 
0x00, 0x00, 0x00, 0x00, 0x00, 0x00, 0x00, 0x00, 0x00, 0x00, 0x00, 0x00, 0x00, 0x00, 0x00, 0x00, 
0x00, 0x00, 0x00, 0x00, 0x00, 0x00, 0x00, 0x00, 0x00, 0x00, 0x00, 0x00, 0x00, 0x00, 0x00, 0x00, 
0x00, 0x00, 0x00, 0x00, 0x00, 0x00, 0x00, 0x00, 0x00, 0x00, 0x00, 0x00, 0x00, 0x00, 0x00, 0x00, 
0x00, 0x00, 0x00, 0x00, 0x00, 0x00, 0x00, 0x00, 0x00, 0x00, 0x00, 0x00, 0x00, 0x00, 0x00, 0x00, 
0x00, 0x00, 0x00, 0x00, 0x00, 0x00, 0x00, 0x00, 0x00, 0x00, 0x00, 0x00, 0x00, 0x00, 0x00, 0x00, 
0x00, 0x00, 0x00, 0x00, 0x00, 0x00, 0x00, 0x00, 0x00, 0x00, 0x00, 0x00, 0x00, 0x00, 0x00, 0x00, 
0x00, 0x00, 0x00, 0x00, 0x00, 0x00, 0x00, 0x00, 0x00, 0x00, 0x00, 0x00, 0x00, 0x00, 0x00, 0x00, 
0x00, 0x00, 0x00, 0x00, 0x00, 0x00, 0x00, 0x00, 0x00, 0x00, 0x00, 0x00, 0x00, 0x00, 0x00, 0x00, 
0x00, 0x00, 0x00, 0x00, 0x00, 0x00, 0x00, 0x00, 0x00, 0x00, 0x00, 0x00, 0x00, 0x00, 0x00, 0x00, 
0x00, 0x00, 0x00, 0x00, 0x00, 0x00, 0x00, 0x00, 0x00, 0x00, 0x00, 0x00, 0x00, 0x00, 0x00, 0x00, 
0x00, 0x00, 0x00, 0x00, 0x00, 0x00, 0x00, 0x00, 0x00, 0x00, 0x00, 0x00, 0x00, 0x00, 0x00, 0x00, 
0x00, 0x00, 0x00, 0x00, 0x00, 0x00, 0x00, 0x00, 0x00, 0x00, 0x00, 0x00, 0x00, 0x00, 0x00, 0x00, 
0x00, 0x00, 0x00, 0x00, 0x00, 0x00, 0x00, 0x00, 0x00, 0x00, 0x00, 0x00, 0x00, 0x00, 0x00, 0x00, 
0x00, 0x00, 0x00, 0x00, 0x00, 0x00, 0x00, 0x00, 0x00, 0x00, 0x00, 0x00, 0x00, 0x00, 0x00, 0x00, 
0x00, 0x00, 0x00, 0x00, 0x00, 0x00, 0x00, 0x00, 0x00, 0x00, 0x00, 0x00, 0x00, 0x00, 0x00, 0x00, 
0x00, 0x00, 0x00, 0x00, 0x00, 0x00, 0x00, 0x00, 0x00, 0x00, 0x00, 0x00, 0x00, 0x00, 0x00, 0x00, 
0x00, 0x00, 0x00, 0x00, 0x00, 0x00, 0x00, 0x00, 0x00, 0x00, 0x00, 0x00, 0x00, 0x00, 0x00, 0x00, 
0x00, 0x00, 0x00, 0x00, 0x00, 0x00, 0x00, 0x00, 0x00, 0x00, 0x00, 0x00, 0x00, 0x00, 0x00, 0x00, 
0x00, 0x00, 0x00, 0x00, 0x00, 0x00, 0x00, 0x00, 0x00, 0x00, 0x00, 0x00, 0x00, 0x00, 0x00, 0x00, 
0x00, 0x00, 0x00, 0x00, 0x00, 0x00, 0x00, 0x00, 0x00, 0x00, 0x00, 0x00, 0x00, 0x00, 0x00, 0x00, 
0x00, 0x00, 0x00, 0x00, 0x00, 0x00, 0x00, 0x00, 0x00, 0x00, 0x00, 0x00, 0x00, 0x00, 0x00, 0x00, 
0x00, 0x00, 0x00, 0x00, 0x00, 0x00, 0x00, 0x00, 0x00, 0x00, 0x00, 0x00, 0x00, 0x00, 0x00, 0x00, 
0x00, 0x00, 0x00, 0x00, 0x00, 0x00, 0x00, 0x00, 0x00, 0x00, 0x00, 0x00, 0x00, 0x00, 0x00, 0x00, 
0x00, 0x00, 0x00, 0x00, 0x00, 0x00, 0x00, 0x00, 0x00, 0x00, 0x00, 0x00, 0x00, 0x00, 0x00, 0x00, 
0x00, 0x00, 0x00, 0x00, 0x00, 0x00, 0x00, 0x00, 0x00, 0x00, 0x00, 0x00, 0x00, 0x00, 0x00, 0x00, 
0x00, 0x00, 0x00, 0x00, 0x00, 0x00, 0x00, 0x00, 0x00, 0x00, 0x00, 0x00, 0x00, 0x00, 0x00, 0x00, 
0x00, 0x00, 0x00, 0x00, 0x00, 0x00, 0x00, 0x00, 0x00, 0x00, 0x00, 0x00, 0x00, 0x00, 0x00, 0x00, 
0x00, 0x00, 0x00, 0x00, 0x00, 0x00, 0x00, 0x00, 0x00, 0x00, 0x00, 0x00, 0x00, 0x00, 0x00, 0x00, 
0x00, 0x00, 0x00, 0x00, 0x00, 0x00, 0x00, 0x00, 0x00, 0x00, 0x00, 0x00, 0x00, 0x00, 0x00, 0x00, 
0x00, 0x00, 0x00, 0x00, 0x00, 0x00, 0x00, 0x00, 0x00, 0x00, 0x00, 0x00, 0x00, 0x00, 0x00, 0x00, 
0x00, 0x00, 0x00, 0x00, 0x00, 0x00, 0x00, 0x00, 0x00, 0x00, 0x00, 0x00, 0x00, 0x00, 0x00, 0x00, 
0x00, 0x00, 0x00, 0x00, 0x00, 0x00, 0x00, 0x00, 0x00, 0x00, 0x00, 0x00, 0x00, 0x00, 0x00, 0x00, 
0x00, 0x00, 0x00, 0x00, 0x00, 0x00, 0x00, 0x00, 0x00, 0x00, 0x00, 0x00, 0x00, 0x00, 0x00, 0x00, 
0x00, 0x00, 0x00, 0x00, 0x00, 0x00, 0x00, 0x00, 0x00, 0x00, 0x00, 0x00, 0x00, 0x00, 0x00, 0x00, 
0x00, 0x00, 0x00, 0x00, 0x00, 0x00, 0x00, 0x00, 0x00, 0x00, 0x00, 0x00, 0x00, 0x00, 0x00, 0x00, 
0x00, 0x00, 0x00, 0x00, 0x00, 0x00, 0x00, 0x00, 0x00, 0x00, 0x00, 0x00, 0x00, 0x00, 0x00, 0x00, 
0x00, 0x00, 0x00, 0x00, 0x00, 0x00, 0x00, 0x00, 0x00, 0x00, 0x00, 0x00, 0x00, 0x00, 0x00, 0x00, 
0x00, 0x00, 0x00, 0x00, 0x00, 0x00, 0x00, 0x00, 0x00, 0x00, 0x00, 0x00, 0x00, 0x00, 0x00, 0x00, 
0x00, 0x00, 0x00, 0x00, 0x00, 0x00, 0x00, 0x00, 0x00, 0x00, 0x00, 0x00, 0x00, 0x00, 0x00, 0x00, 
0x00, 0x00, 0x00, 0x00, 0x00, 0x00, 0x00, 0x00, 0x00, 0x00, 0x00, 0x00, 0x00, 0x00, 0x00, 0x00, 
0x00, 0x00, 0x00, 0x00, 0x00, 0x00, 0x00, 0x00, 0x00, 0x00, 0x00, 0x00, 0x00, 0x00, 0x00, 0x00, 
0x00, 0x00, 0x00, 0x00, 0x00, 0x00, 0x00, 0x00, 0x00, 0x00, 0x00, 0x00, 0x00, 0x00, 0x00, 0x00, 
0x00, 0x00, 0x00, 0x00, 0x00, 0x00, 0x00, 0x00, 0x00, 0x00, 0x00, 0x00, 0x00, 0x00, 0x00, 0x00, 
0x00, 0x00, 0x00, 0x00, 0x00, 0x00, 0x00, 0x00, 0x00, 0x00, 0x00, 0x00, 0x00, 0x00, 0x00, 0x00, 
0x00, 0x00, 0x00, 0x00, 0x00, 0x00, 0x00, 0x00, 0x00, 0x00, 0x00, 0x00, 0x00, 0x00, 0x00, 0x00, 
0x00, 0x00, 0x00, 0x00, 0x00, 0x00, 0x00, 0x00, 0x00, 0x00, 0x00, 0x00, 0x00, 0x00, 0x00, 0x00, 
0x00, 0x00, 0x00, 0x00, 0x00, 0x00, 0x00, 0x00, 0x00, 0x00, 0x00, 0x00, 0x00, 0x00, 0x00, 0x00, 
0x00, 0x00, 0x00, 0x00, 0x00, 0x00, 0x00, 0x00, 0x00, 0x00, 0x00, 0x00, 0x00, 0x00, 0x00, 0x00, 
0x00, 0x00, 0x00, 0x00, 0x00, 0x00, 0x00, 0x00, 0x00, 0x00, 0x00, 0x00, 0x00, 0x00, 0x00, 0x00, 
0x00, 0x00, 0x00, 0x00, 0x00, 0x00, 0x00, 0x00, 0x00, 0x00, 0x00, 0x00, 0x00, 0x00, 0x00, 0x00, 
0x00, 0x00, 0x00, 0x00, 0x00, 0x00, 0x00, 0x00, 0x00, 0x00, 0x00, 0x00, 0x00, 0x00, 0x00, 0x00, 
0x00, 0x00, 0x00, 0x00, 0x00, 0x00, 0x00, 0x00, 0x00, 0x00, 0x00, 0x00, 0x00, 0x00, 0x00, 0x00, 
0x00, 0x00, 0x00, 0x00, 0x00, 0x00, 0x00, 0x00, 0x00, 0x00, 0x00, 0x00, 0x00, 0x00, 0x00, 0x00, 
0x00, 0x00, 0x00, 0x00, 0x00, 0x00, 0x00, 0x00, 0x00, 0x00, 0x00, 0x00, 0x00, 0x00, 0x00, 0x00, 
0x00, 0x00, 0x00, 0x00, 0x00, 0x00, 0x00, 0x00, 0x00, 0x00, 0x00, 0x00, 0x00, 0x00, 0x00, 0x00, 
0x00, 0x00, 0x00, 0x00, 0x00, 0x00, 0x00, 0x00, 0x00, 0x00, 0x00, 0x00, 0x00, 0x00, 0x00, 0x00, 
0x00, 0x00, 0x00, 0x00, 0x00, 0x00, 0x00, 0x00, 0x00, 0x00, 0x00, 0x00, 0x00, 0x00, 0x00, 0x00, 
0x00, 0x00, 0x00, 0x00, 0x00, 0x00, 0x00, 0x00, 0x00, 0x00, 0x00, 0x00, 0x00, 0x00, 0x00, 0x00, 
0x00, 0x40, 0x00, 0x00, 0x14, 0x00, 0x00, 0x00, 0x20, 0xa8, 0x90, 0xa8, 0xa0, 0xa8, 0xb0, 0xa8, 
0xc0, 0xa8, 0x00, 0x00, 0x00, 0x50, 0x00, 0x00, 0x4c, 0x00, 0x00, 0x00, 0xe0, 0xa0, 0xe8, 0xa0, 
0xf0, 0xa0, 0xf8, 0xa0, 0x08, 0xa1, 0xd0, 0xa3, 0xe0, 0xa3, 0xf0, 0xa3, 0x00, 0xa4, 0x10, 0xa4, 
0x20, 0xa4, 0x30, 0xa4, 0x40, 0xa4, 0x50, 0xa4, 0x60, 0xa4, 0x70, 0xa4, 0x80, 0xa4, 0x90, 0xa4, 
0xa0, 0xa4, 0xb0, 0xa4, 0xc0, 0xa4, 0xd0, 0xa4, 0xe0, 0xa4, 0xf0, 0xa4, 0x00, 0xa5, 0x10, 0xa5, 
0x20, 0xa5, 0x30, 0xa5, 0x40, 0xa5, 0x50, 0xa5, 0x60, 0xa5, 0xb8, 0xa6, 0x00, 0xa7, 0x08, 0xa7, 
0x00, 0x00, 0x00, 0x00, 0x00, 0x00, 0x00, 0x00, 0x00, 0x00, 0x00, 0x00, 0x00, 0x00, 0x00, 0x00, 
0x00, 0x00, 0x00, 0x00, 0x00, 0x00, 0x00, 0x00, 0x00, 0x00, 0x00, 0x00, 0x00, 0x00, 0x00, 0x00, 
0x00, 0x00, 0x00, 0x00, 0x00, 0x00, 0x00, 0x00, 0x00, 0x00, 0x00, 0x00, 0x00, 0x00, 0x00, 0x00, 
0x00, 0x00, 0x00, 0x00, 0x00, 0x00, 0x00, 0x00, 0x00, 0x00, 0x00, 0x00, 0x00, 0x00, 0x00, 0x00, 
0x00, 0x00, 0x00, 0x00, 0x00, 0x00, 0x00, 0x00, 0x00, 0x00, 0x00, 0x00, 0x00, 0x00, 0x00, 0x00, 
0x00, 0x00, 0x00, 0x00, 0x00, 0x00, 0x00, 0x00, 0x00, 0x00, 0x00, 0x00, 0x00, 0x00, 0x00, 0x00, 
0x00, 0x00, 0x00, 0x00, 0x00, 0x00, 0x00, 0x00, 0x00, 0x00, 0x00, 0x00, 0x00, 0x00, 0x00, 0x00, 
0x00, 0x00, 0x00, 0x00, 0x00, 0x00, 0x00, 0x00, 0x00, 0x00, 0x00, 0x00, 0x00, 0x00, 0x00, 0x00, 
0x00, 0x00, 0x00, 0x00, 0x00, 0x00, 0x00, 0x00, 0x00, 0x00, 0x00, 0x00, 0x00, 0x00, 0x00, 0x00, 
0x00, 0x00, 0x00, 0x00, 0x00, 0x00, 0x00, 0x00, 0x00, 0x00, 0x00, 0x00, 0x00, 0x00, 0x00, 0x00, 
0x00, 0x00, 0x00, 0x00, 0x00, 0x00, 0x00, 0x00, 0x00, 0x00, 0x00, 0x00, 0x00, 0x00, 0x00, 0x00, 
0x00, 0x00, 0x00, 0x00, 0x00, 0x00, 0x00, 0x00, 0x00, 0x00, 0x00, 0x00, 0x00, 0x00, 0x00, 0x00, 
0x00, 0x00, 0x00, 0x00, 0x00, 0x00, 0x00, 0x00, 0x00, 0x00, 0x00, 0x00, 0x00, 0x00, 0x00, 0x00, 
0x00, 0x00, 0x00, 0x00, 0x00, 0x00, 0x00, 0x00, 0x00, 0x00, 0x00, 0x00, 0x00, 0x00, 0x00, 0x00, 
0x00, 0x00, 0x00, 0x00, 0x00, 0x00, 0x00, 0x00, 0x00, 0x00, 0x00, 0x00, 0x00, 0x00, 0x00, 0x00, 
0x00, 0x00, 0x00, 0x00, 0x00, 0x00, 0x00, 0x00, 0x00, 0x00, 0x00, 0x00, 0x00, 0x00, 0x00, 0x00, 
0x00, 0x00, 0x00, 0x00, 0x00, 0x00, 0x00, 0x00, 0x00, 0x00, 0x00, 0x00, 0x00, 0x00, 0x00, 0x00, 
0x00, 0x00, 0x00, 0x00, 0x00, 0x00, 0x00, 0x00, 0x00, 0x00, 0x00, 0x00, 0x00, 0x00, 0x00, 0x00, 
0x00, 0x00, 0x00, 0x00, 0x00, 0x00, 0x00, 0x00, 0x00, 0x00, 0x00, 0x00, 0x00, 0x00, 0x00, 0x00, 
0x00, 0x00, 0x00, 0x00, 0x00, 0x00, 0x00, 0x00, 0x00, 0x00, 0x00, 0x00, 0x00, 0x00, 0x00, 0x00, 
0x00, 0x00, 0x00, 0x00, 0x00, 0x00, 0x00, 0x00, 0x00, 0x00, 0x00, 0x00, 0x00, 0x00, 0x00, 0x00, 
0x00, 0x00, 0x00, 0x00, 0x00, 0x00, 0x00, 0x00, 0x00, 0x00, 0x00, 0x00, 0x00, 0x00, 0x00, 0x00, 
0x00, 0x00, 0x00, 0x00, 0x00, 0x00, 0x00, 0x00, 0x00, 0x00, 0x00, 0x00, 0x00, 0x00, 0x00, 0x00, 
0x00, 0x00, 0x00, 0x00, 0x00, 0x00, 0x00, 0x00, 0x00, 0x00, 0x00, 0x00, 0x00, 0x00, 0x00, 0x00, 
0x00, 0x00, 0x00, 0x00, 0x00, 0x00, 0x00, 0x00, 0x00, 0x00, 0x00, 0x00, 0x00, 0x00, 0x00, 0x00, 
0x00, 0x00, 0x00, 0x00, 0x00, 0x00, 0x00, 0x00, 0x00, 0x00, 0x00, 0x00, 0x00, 0x00, 0x00, 0x00

};
static const size_t g_launcher_cli_exe_len = 22528;

#endif /* LAUNCHER_TEMPLATES_H */
